[0.502s] DEBUG:colcon:Command line arguments: ['/usr/bin/colcon', 'build']
[0.502s] DEBUG:colcon:Parsed command line arguments: Namespace(log_base=None, log_level=None, verb_name='build', build_base='build', install_base='install', merge_install=False, symlink_install=False, test_result_base=None, continue_on_error=False, executor='parallel', parallel_workers=4, event_handlers=None, ignore_user_meta=False, metas=['./colcon.meta'], base_paths=['.'], packages_ignore=None, packages_ignore_regex=None, paths=None, packages_up_to=None, packages_up_to_regex=None, packages_above=None, packages_above_and_dependencies=None, packages_above_depth=None, packages_select_by_dep=None, packages_skip_by_dep=None, packages_skip_up_to=None, packages_select_build_failed=False, packages_skip_build_finished=False, packages_select_test_failures=False, packages_skip_test_passed=False, packages_select=None, packages_skip=None, packages_select_regex=None, packages_skip_regex=None, packages_start=None, packages_end=None, allow_overriding=[], cmake_args=None, cmake_target=None, cmake_target_skip_unavailable=False, cmake_clean_cache=False, cmake_clean_first=False, cmake_force_configure=False, ament_cmake_args=None, catkin_cmake_args=None, catkin_skip_building_tests=False, mixin_files=None, mixin=None, verb_parser=<colcon_mixin.mixin.mixin_argument.MixinArgumentDecorator object at 0x7705135a7fa0>, verb_extension=<colcon_core.verb.build.BuildVerb object at 0x7705135a7ac0>, main=<bound method BuildVerb.main of <colcon_core.verb.build.BuildVerb object at 0x7705135a7ac0>>, mixin_verb=('build',))
[1.105s] Level 1:colcon.colcon_core.package_discovery:discover_packages(colcon_meta) check parameters
[1.105s] Level 1:colcon.colcon_core.package_discovery:discover_packages(recursive) check parameters
[1.105s] Level 1:colcon.colcon_core.package_discovery:discover_packages(ignore) check parameters
[1.105s] Level 1:colcon.colcon_core.package_discovery:discover_packages(path) check parameters
[1.105s] Level 1:colcon.colcon_core.package_discovery:discover_packages(colcon_meta) discover
[1.105s] Level 1:colcon.colcon_core.package_discovery:discover_packages(recursive) discover
[1.105s] INFO:colcon.colcon_core.package_discovery:Crawling recursively for packages in '/home/waves/hexapod'
[1.105s] Level 1:colcon.colcon_core.package_identification:_identify(.) by extensions ['ignore', 'ignore_ament_install']
[1.105s] Level 1:colcon.colcon_core.package_identification:_identify(.) by extension 'ignore'
[1.105s] Level 1:colcon.colcon_core.package_identification:_identify(.) by extension 'ignore_ament_install'
[1.105s] Level 1:colcon.colcon_core.package_identification:_identify(.) by extensions ['colcon_pkg']
[1.105s] Level 1:colcon.colcon_core.package_identification:_identify(.) by extension 'colcon_pkg'
[1.105s] Level 1:colcon.colcon_core.package_identification:_identify(.) by extensions ['colcon_meta']
[1.105s] Level 1:colcon.colcon_core.package_identification:_identify(.) by extension 'colcon_meta'
[1.106s] Level 1:colcon.colcon_core.package_identification:_identify(.) by extensions ['ros']
[1.106s] Level 1:colcon.colcon_core.package_identification:_identify(.) by extension 'ros'
[1.121s] Level 1:colcon.colcon_core.package_identification:_identify(.) by extensions ['cmake', 'python']
[1.122s] Level 1:colcon.colcon_core.package_identification:_identify(.) by extension 'cmake'
[1.122s] Level 1:colcon.colcon_core.package_identification:_identify(.) by extension 'python'
[1.122s] Level 1:colcon.colcon_core.package_identification:_identify(.) by extensions ['python_setup_py']
[1.122s] Level 1:colcon.colcon_core.package_identification:_identify(.) by extension 'python_setup_py'
[1.122s] Level 1:colcon.colcon_core.package_identification:_identify(build) by extensions ['ignore', 'ignore_ament_install']
[1.122s] Level 1:colcon.colcon_core.package_identification:_identify(build) by extension 'ignore'
[1.122s] Level 1:colcon.colcon_core.package_identification:_identify(build) ignored
[1.122s] Level 1:colcon.colcon_core.package_identification:_identify(install) by extensions ['ignore', 'ignore_ament_install']
[1.123s] Level 1:colcon.colcon_core.package_identification:_identify(install) by extension 'ignore'
[1.123s] Level 1:colcon.colcon_core.package_identification:_identify(install) ignored
[1.123s] Level 1:colcon.colcon_core.package_identification:_identify(log) by extensions ['ignore', 'ignore_ament_install']
[1.123s] Level 1:colcon.colcon_core.package_identification:_identify(log) by extension 'ignore'
[1.123s] Level 1:colcon.colcon_core.package_identification:_identify(log) ignored
[1.123s] Level 1:colcon.colcon_core.package_identification:_identify(src) by extensions ['ignore', 'ignore_ament_install']
[1.123s] Level 1:colcon.colcon_core.package_identification:_identify(src) by extension 'ignore'
[1.123s] Level 1:colcon.colcon_core.package_identification:_identify(src) by extension 'ignore_ament_install'
[1.123s] Level 1:colcon.colcon_core.package_identification:_identify(src) by extensions ['colcon_pkg']
[1.124s] Level 1:colcon.colcon_core.package_identification:_identify(src) by extension 'colcon_pkg'
[1.124s] Level 1:colcon.colcon_core.package_identification:_identify(src) by extensions ['colcon_meta']
[1.124s] Level 1:colcon.colcon_core.package_identification:_identify(src) by extension 'colcon_meta'
[1.124s] Level 1:colcon.colcon_core.package_identification:_identify(src) by extensions ['ros']
[1.124s] Level 1:colcon.colcon_core.package_identification:_identify(src) by extension 'ros'
[1.124s] Level 1:colcon.colcon_core.package_identification:_identify(src) by extensions ['cmake', 'python']
[1.124s] Level 1:colcon.colcon_core.package_identification:_identify(src) by extension 'cmake'
[1.124s] Level 1:colcon.colcon_core.package_identification:_identify(src) by extension 'python'
[1.124s] Level 1:colcon.colcon_core.package_identification:_identify(src) by extensions ['python_setup_py']
[1.124s] Level 1:colcon.colcon_core.package_identification:_identify(src) by extension 'python_setup_py'
[1.124s] Level 1:colcon.colcon_core.package_identification:_identify(src/hexapod) by extensions ['ignore', 'ignore_ament_install']
[1.124s] Level 1:colcon.colcon_core.package_identification:_identify(src/hexapod) by extension 'ignore'
[1.124s] Level 1:colcon.colcon_core.package_identification:_identify(src/hexapod) by extension 'ignore_ament_install'
[1.124s] Level 1:colcon.colcon_core.package_identification:_identify(src/hexapod) by extensions ['colcon_pkg']
[1.124s] Level 1:colcon.colcon_core.package_identification:_identify(src/hexapod) by extension 'colcon_pkg'
[1.124s] Level 1:colcon.colcon_core.package_identification:_identify(src/hexapod) by extensions ['colcon_meta']
[1.124s] Level 1:colcon.colcon_core.package_identification:_identify(src/hexapod) by extension 'colcon_meta'
[1.125s] Level 1:colcon.colcon_core.package_identification:_identify(src/hexapod) by extensions ['ros']
[1.125s] Level 1:colcon.colcon_core.package_identification:_identify(src/hexapod) by extension 'ros'
[1.128s] DEBUG:colcon.colcon_core.package_identification:Package 'src/hexapod' with type 'ros.ament_cmake' and name 'hexapod'
[1.128s] Level 1:colcon.colcon_core.package_identification:_identify(src/hexapod_communication) by extensions ['ignore', 'ignore_ament_install']
[1.128s] Level 1:colcon.colcon_core.package_identification:_identify(src/hexapod_communication) by extension 'ignore'
[1.128s] Level 1:colcon.colcon_core.package_identification:_identify(src/hexapod_communication) by extension 'ignore_ament_install'
[1.128s] Level 1:colcon.colcon_core.package_identification:_identify(src/hexapod_communication) by extensions ['colcon_pkg']
[1.128s] Level 1:colcon.colcon_core.package_identification:_identify(src/hexapod_communication) by extension 'colcon_pkg'
[1.128s] Level 1:colcon.colcon_core.package_identification:_identify(src/hexapod_communication) by extensions ['colcon_meta']
[1.128s] Level 1:colcon.colcon_core.package_identification:_identify(src/hexapod_communication) by extension 'colcon_meta'
[1.128s] Level 1:colcon.colcon_core.package_identification:_identify(src/hexapod_communication) by extensions ['ros']
[1.128s] Level 1:colcon.colcon_core.package_identification:_identify(src/hexapod_communication) by extension 'ros'
[1.129s] DEBUG:colcon.colcon_core.package_identification:Package 'src/hexapod_communication' with type 'ros.ament_python' and name 'hexapod_communication'
[1.129s] Level 1:colcon.colcon_core.package_identification:_identify(src/hexapod_control) by extensions ['ignore', 'ignore_ament_install']
[1.129s] Level 1:colcon.colcon_core.package_identification:_identify(src/hexapod_control) by extension 'ignore'
[1.129s] Level 1:colcon.colcon_core.package_identification:_identify(src/hexapod_control) by extension 'ignore_ament_install'
[1.129s] Level 1:colcon.colcon_core.package_identification:_identify(src/hexapod_control) by extensions ['colcon_pkg']
[1.129s] Level 1:colcon.colcon_core.package_identification:_identify(src/hexapod_control) by extension 'colcon_pkg'
[1.129s] Level 1:colcon.colcon_core.package_identification:_identify(src/hexapod_control) by extensions ['colcon_meta']
[1.129s] Level 1:colcon.colcon_core.package_identification:_identify(src/hexapod_control) by extension 'colcon_meta'
[1.129s] Level 1:colcon.colcon_core.package_identification:_identify(src/hexapod_control) by extensions ['ros']
[1.129s] Level 1:colcon.colcon_core.package_identification:_identify(src/hexapod_control) by extension 'ros'
[1.130s] DEBUG:colcon.colcon_core.package_identification:Package 'src/hexapod_control' with type 'ros.ament_cmake' and name 'hexapod_control'
[1.130s] Level 1:colcon.colcon_core.package_identification:_identify(src/hexapod_interfaces) by extensions ['ignore', 'ignore_ament_install']
[1.130s] Level 1:colcon.colcon_core.package_identification:_identify(src/hexapod_interfaces) by extension 'ignore'
[1.130s] Level 1:colcon.colcon_core.package_identification:_identify(src/hexapod_interfaces) by extension 'ignore_ament_install'
[1.130s] Level 1:colcon.colcon_core.package_identification:_identify(src/hexapod_interfaces) by extensions ['colcon_pkg']
[1.130s] Level 1:colcon.colcon_core.package_identification:_identify(src/hexapod_interfaces) by extension 'colcon_pkg'
[1.130s] Level 1:colcon.colcon_core.package_identification:_identify(src/hexapod_interfaces) by extensions ['colcon_meta']
[1.130s] Level 1:colcon.colcon_core.package_identification:_identify(src/hexapod_interfaces) by extension 'colcon_meta'
[1.130s] Level 1:colcon.colcon_core.package_identification:_identify(src/hexapod_interfaces) by extensions ['ros']
[1.130s] Level 1:colcon.colcon_core.package_identification:_identify(src/hexapod_interfaces) by extension 'ros'
[1.131s] DEBUG:colcon.colcon_core.package_identification:Package 'src/hexapod_interfaces' with type 'ros.ament_cmake' and name 'hexapod_interfaces'
[1.131s] Level 1:colcon.colcon_core.package_identification:_identify(src/hexapod_services) by extensions ['ignore', 'ignore_ament_install']
[1.131s] Level 1:colcon.colcon_core.package_identification:_identify(src/hexapod_services) by extension 'ignore'
[1.131s] Level 1:colcon.colcon_core.package_identification:_identify(src/hexapod_services) by extension 'ignore_ament_install'
[1.131s] Level 1:colcon.colcon_core.package_identification:_identify(src/hexapod_services) by extensions ['colcon_pkg']
[1.131s] Level 1:colcon.colcon_core.package_identification:_identify(src/hexapod_services) by extension 'colcon_pkg'
[1.131s] Level 1:colcon.colcon_core.package_identification:_identify(src/hexapod_services) by extensions ['colcon_meta']
[1.131s] Level 1:colcon.colcon_core.package_identification:_identify(src/hexapod_services) by extension 'colcon_meta'
[1.132s] Level 1:colcon.colcon_core.package_identification:_identify(src/hexapod_services) by extensions ['ros']
[1.132s] Level 1:colcon.colcon_core.package_identification:_identify(src/hexapod_services) by extension 'ros'
[1.133s] DEBUG:colcon.colcon_core.package_identification:Package 'src/hexapod_services' with type 'ros.ament_cmake' and name 'hexapod_services'
[1.133s] Level 1:colcon.colcon_core.package_discovery:discover_packages(recursive) using defaults
[1.133s] Level 1:colcon.colcon_core.package_discovery:discover_packages(ignore) discover
[1.133s] Level 1:colcon.colcon_core.package_discovery:discover_packages(ignore) using defaults
[1.133s] Level 1:colcon.colcon_core.package_discovery:discover_packages(path) discover
[1.133s] Level 1:colcon.colcon_core.package_discovery:discover_packages(path) using defaults
[1.214s] Level 1:colcon.colcon_core.package_discovery:discover_packages(prefix_path) check parameters
[1.215s] Level 1:colcon.colcon_core.package_discovery:discover_packages(prefix_path) discover
[1.244s] DEBUG:colcon.colcon_installed_package_information.package_discovery:Found 4 installed packages in /home/waves/hexapod/install
[1.245s] DEBUG:colcon.colcon_installed_package_information.package_discovery:Found 1 installed packages in /home/waves/research/install
[1.246s] DEBUG:colcon.colcon_installed_package_information.package_discovery:Found 11 installed packages in /home/waves/ros2_sim/install
[1.247s] DEBUG:colcon.colcon_installed_package_information.package_discovery:Found 10 installed packages in /home/waves/ros2_ws/install
[1.263s] DEBUG:colcon.colcon_installed_package_information.package_discovery:Found 346 installed packages in /home/waves/ros2_humble/install
[1.267s] DEBUG:colcon.colcon_installed_package_information.package_discovery:Found 0 installed packages in /home/waves/ros2_ws/src/my_py_pkg/my_py_pkg/install
[1.270s] DEBUG:colcon.colcon_installed_package_information.package_discovery:Found 299 installed packages in /opt/ros/humble
[1.283s] Level 1:colcon.colcon_core.package_discovery:discover_packages(prefix_path) using defaults
[1.441s] Level 5:colcon.colcon_core.verb:set package 'hexapod' build argument 'cmake_args' from command line to 'None'
[1.441s] Level 5:colcon.colcon_core.verb:set package 'hexapod' build argument 'cmake_target' from command line to 'None'
[1.441s] Level 5:colcon.colcon_core.verb:set package 'hexapod' build argument 'cmake_target_skip_unavailable' from command line to 'False'
[1.441s] Level 5:colcon.colcon_core.verb:set package 'hexapod' build argument 'cmake_clean_cache' from command line to 'False'
[1.441s] Level 5:colcon.colcon_core.verb:set package 'hexapod' build argument 'cmake_clean_first' from command line to 'False'
[1.441s] Level 5:colcon.colcon_core.verb:set package 'hexapod' build argument 'cmake_force_configure' from command line to 'False'
[1.441s] Level 5:colcon.colcon_core.verb:set package 'hexapod' build argument 'ament_cmake_args' from command line to 'None'
[1.441s] Level 5:colcon.colcon_core.verb:set package 'hexapod' build argument 'catkin_cmake_args' from command line to 'None'
[1.441s] Level 5:colcon.colcon_core.verb:set package 'hexapod' build argument 'catkin_skip_building_tests' from command line to 'False'
[1.441s] DEBUG:colcon.colcon_core.verb:Building package 'hexapod' with the following arguments: {'ament_cmake_args': None, 'build_base': '/home/waves/hexapod/build/hexapod', 'catkin_cmake_args': None, 'catkin_skip_building_tests': False, 'cmake_args': None, 'cmake_clean_cache': False, 'cmake_clean_first': False, 'cmake_force_configure': False, 'cmake_target': None, 'cmake_target_skip_unavailable': False, 'install_base': '/home/waves/hexapod/install/hexapod', 'merge_install': False, 'path': '/home/waves/hexapod/src/hexapod', 'symlink_install': False, 'test_result_base': None}
[1.442s] Level 5:colcon.colcon_core.verb:set package 'hexapod_communication' build argument 'cmake_args' from command line to 'None'
[1.442s] Level 5:colcon.colcon_core.verb:set package 'hexapod_communication' build argument 'cmake_target' from command line to 'None'
[1.442s] Level 5:colcon.colcon_core.verb:set package 'hexapod_communication' build argument 'cmake_target_skip_unavailable' from command line to 'False'
[1.442s] Level 5:colcon.colcon_core.verb:set package 'hexapod_communication' build argument 'cmake_clean_cache' from command line to 'False'
[1.442s] Level 5:colcon.colcon_core.verb:set package 'hexapod_communication' build argument 'cmake_clean_first' from command line to 'False'
[1.442s] Level 5:colcon.colcon_core.verb:set package 'hexapod_communication' build argument 'cmake_force_configure' from command line to 'False'
[1.442s] Level 5:colcon.colcon_core.verb:set package 'hexapod_communication' build argument 'ament_cmake_args' from command line to 'None'
[1.442s] Level 5:colcon.colcon_core.verb:set package 'hexapod_communication' build argument 'catkin_cmake_args' from command line to 'None'
[1.442s] Level 5:colcon.colcon_core.verb:set package 'hexapod_communication' build argument 'catkin_skip_building_tests' from command line to 'False'
[1.442s] DEBUG:colcon.colcon_core.verb:Building package 'hexapod_communication' with the following arguments: {'ament_cmake_args': None, 'build_base': '/home/waves/hexapod/build/hexapod_communication', 'catkin_cmake_args': None, 'catkin_skip_building_tests': False, 'cmake_args': None, 'cmake_clean_cache': False, 'cmake_clean_first': False, 'cmake_force_configure': False, 'cmake_target': None, 'cmake_target_skip_unavailable': False, 'install_base': '/home/waves/hexapod/install/hexapod_communication', 'merge_install': False, 'path': '/home/waves/hexapod/src/hexapod_communication', 'symlink_install': False, 'test_result_base': None}
[1.444s] Level 5:colcon.colcon_core.verb:set package 'hexapod_interfaces' build argument 'cmake_args' from command line to 'None'
[1.444s] Level 5:colcon.colcon_core.verb:set package 'hexapod_interfaces' build argument 'cmake_target' from command line to 'None'
[1.444s] Level 5:colcon.colcon_core.verb:set package 'hexapod_interfaces' build argument 'cmake_target_skip_unavailable' from command line to 'False'
[1.444s] Level 5:colcon.colcon_core.verb:set package 'hexapod_interfaces' build argument 'cmake_clean_cache' from command line to 'False'
[1.444s] Level 5:colcon.colcon_core.verb:set package 'hexapod_interfaces' build argument 'cmake_clean_first' from command line to 'False'
[1.444s] Level 5:colcon.colcon_core.verb:set package 'hexapod_interfaces' build argument 'cmake_force_configure' from command line to 'False'
[1.444s] Level 5:colcon.colcon_core.verb:set package 'hexapod_interfaces' build argument 'ament_cmake_args' from command line to 'None'
[1.444s] Level 5:colcon.colcon_core.verb:set package 'hexapod_interfaces' build argument 'catkin_cmake_args' from command line to 'None'
[1.444s] Level 5:colcon.colcon_core.verb:set package 'hexapod_interfaces' build argument 'catkin_skip_building_tests' from command line to 'False'
[1.444s] DEBUG:colcon.colcon_core.verb:Building package 'hexapod_interfaces' with the following arguments: {'ament_cmake_args': None, 'build_base': '/home/waves/hexapod/build/hexapod_interfaces', 'catkin_cmake_args': None, 'catkin_skip_building_tests': False, 'cmake_args': None, 'cmake_clean_cache': False, 'cmake_clean_first': False, 'cmake_force_configure': False, 'cmake_target': None, 'cmake_target_skip_unavailable': False, 'install_base': '/home/waves/hexapod/install/hexapod_interfaces', 'merge_install': False, 'path': '/home/waves/hexapod/src/hexapod_interfaces', 'symlink_install': False, 'test_result_base': None}
[1.444s] Level 5:colcon.colcon_core.verb:set package 'hexapod_control' build argument 'cmake_args' from command line to 'None'
[1.444s] Level 5:colcon.colcon_core.verb:set package 'hexapod_control' build argument 'cmake_target' from command line to 'None'
[1.444s] Level 5:colcon.colcon_core.verb:set package 'hexapod_control' build argument 'cmake_target_skip_unavailable' from command line to 'False'
[1.445s] Level 5:colcon.colcon_core.verb:set package 'hexapod_control' build argument 'cmake_clean_cache' from command line to 'False'
[1.445s] Level 5:colcon.colcon_core.verb:set package 'hexapod_control' build argument 'cmake_clean_first' from command line to 'False'
[1.445s] Level 5:colcon.colcon_core.verb:set package 'hexapod_control' build argument 'cmake_force_configure' from command line to 'False'
[1.445s] Level 5:colcon.colcon_core.verb:set package 'hexapod_control' build argument 'ament_cmake_args' from command line to 'None'
[1.445s] Level 5:colcon.colcon_core.verb:set package 'hexapod_control' build argument 'catkin_cmake_args' from command line to 'None'
[1.445s] Level 5:colcon.colcon_core.verb:set package 'hexapod_control' build argument 'catkin_skip_building_tests' from command line to 'False'
[1.445s] DEBUG:colcon.colcon_core.verb:Building package 'hexapod_control' with the following arguments: {'ament_cmake_args': None, 'build_base': '/home/waves/hexapod/build/hexapod_control', 'catkin_cmake_args': None, 'catkin_skip_building_tests': False, 'cmake_args': None, 'cmake_clean_cache': False, 'cmake_clean_first': False, 'cmake_force_configure': False, 'cmake_target': None, 'cmake_target_skip_unavailable': False, 'install_base': '/home/waves/hexapod/install/hexapod_control', 'merge_install': False, 'path': '/home/waves/hexapod/src/hexapod_control', 'symlink_install': False, 'test_result_base': None}
[1.445s] Level 5:colcon.colcon_core.verb:set package 'hexapod_services' build argument 'cmake_args' from command line to 'None'
[1.445s] Level 5:colcon.colcon_core.verb:set package 'hexapod_services' build argument 'cmake_target' from command line to 'None'
[1.445s] Level 5:colcon.colcon_core.verb:set package 'hexapod_services' build argument 'cmake_target_skip_unavailable' from command line to 'False'
[1.446s] Level 5:colcon.colcon_core.verb:set package 'hexapod_services' build argument 'cmake_clean_cache' from command line to 'False'
[1.446s] Level 5:colcon.colcon_core.verb:set package 'hexapod_services' build argument 'cmake_clean_first' from command line to 'False'
[1.446s] Level 5:colcon.colcon_core.verb:set package 'hexapod_services' build argument 'cmake_force_configure' from command line to 'False'
[1.446s] Level 5:colcon.colcon_core.verb:set package 'hexapod_services' build argument 'ament_cmake_args' from command line to 'None'
[1.446s] Level 5:colcon.colcon_core.verb:set package 'hexapod_services' build argument 'catkin_cmake_args' from command line to 'None'
[1.446s] Level 5:colcon.colcon_core.verb:set package 'hexapod_services' build argument 'catkin_skip_building_tests' from command line to 'False'
[1.446s] DEBUG:colcon.colcon_core.verb:Building package 'hexapod_services' with the following arguments: {'ament_cmake_args': None, 'build_base': '/home/waves/hexapod/build/hexapod_services', 'catkin_cmake_args': None, 'catkin_skip_building_tests': False, 'cmake_args': None, 'cmake_clean_cache': False, 'cmake_clean_first': False, 'cmake_force_configure': False, 'cmake_target': None, 'cmake_target_skip_unavailable': False, 'install_base': '/home/waves/hexapod/install/hexapod_services', 'merge_install': False, 'path': '/home/waves/hexapod/src/hexapod_services', 'symlink_install': False, 'test_result_base': None}
[1.446s] INFO:colcon.colcon_core.executor:Executing jobs using 'parallel' executor
[1.448s] DEBUG:colcon.colcon_parallel_executor.executor.parallel:run_until_complete
[1.449s] INFO:colcon.colcon_ros.task.ament_cmake.build:Building ROS package in '/home/waves/hexapod/src/hexapod_interfaces' with build type 'ament_cmake'
[1.450s] INFO:colcon.colcon_cmake.task.cmake.build:Building CMake package in '/home/waves/hexapod/src/hexapod_interfaces'
[1.463s] INFO:colcon.colcon_core.plugin_system:Skipping extension 'colcon_core.shell.bat': Not used on non-Windows systems
[1.464s] INFO:colcon.colcon_core.shell:Skip shell extension 'powershell' for command environment: Not usable outside of PowerShell
[1.464s] DEBUG:colcon.colcon_core.shell:Skip shell extension 'dsv' for command environment
[1.536s] INFO:colcon.colcon_ros.task.ament_cmake.build:Building ROS package in '/home/waves/hexapod/src/hexapod' with build type 'ament_cmake'
[1.536s] INFO:colcon.colcon_cmake.task.cmake.build:Building CMake package in '/home/waves/hexapod/src/hexapod'
[1.538s] INFO:colcon.colcon_core.shell:Skip shell extension 'powershell' for command environment: Not usable outside of PowerShell
[1.538s] DEBUG:colcon.colcon_core.shell:Skip shell extension 'dsv' for command environment
[1.641s] INFO:colcon.colcon_ros.task.ament_python.build:Building ROS package in '/home/waves/hexapod/src/hexapod_communication' with build type 'ament_python'
[1.642s] Level 1:colcon.colcon_core.shell:create_environment_hook('hexapod_communication', 'ament_prefix_path')
[1.642s] INFO:colcon.colcon_core.shell:Creating environment hook '/home/waves/hexapod/install/hexapod_communication/share/hexapod_communication/hook/ament_prefix_path.ps1'
[1.645s] INFO:colcon.colcon_core.shell:Creating environment descriptor '/home/waves/hexapod/install/hexapod_communication/share/hexapod_communication/hook/ament_prefix_path.dsv'
[1.646s] INFO:colcon.colcon_core.shell:Creating environment hook '/home/waves/hexapod/install/hexapod_communication/share/hexapod_communication/hook/ament_prefix_path.sh'
[1.648s] INFO:colcon.colcon_core.shell:Skip shell extension 'powershell' for command environment: Not usable outside of PowerShell
[1.648s] DEBUG:colcon.colcon_core.shell:Skip shell extension 'dsv' for command environment
[1.786s] DEBUG:colcon.colcon_core.event_handler.log_command:Invoking command in '/home/waves/hexapod/build/hexapod_interfaces': CMAKE_PREFIX_PATH=/home/waves/hexapod/install/hexapod_services:/home/waves/hexapod/install/hexapod_control:/home/waves/hexapod/install/hexapod_interfaces:/home/waves/ros2_ws/install/video_runner:/home/waves/ros2_ws/install/robotics_class:/home/waves/ros2_ws/install/my_robot_bringup:/home/waves/ros2_ws/install/my_cpp_prac:/home/waves/ros2_ws/install/my_cpp_pkg:/home/waves/ros2_ws/install/act_5:/home/waves/ros2_ws/install/my_interface:/home/waves/ros2_ws/install/buffer:/home/waves/research/install/cobots:/home/waves/ros2_sim/install/ros2_control_demos:/home/waves/ros2_sim/install/ros2_control_demo_description:/home/waves/ros2_sim/install/my_robot_sim:/home/waves/ros2_sim/install/humanoid:/home/waves/ros2_sim/install/hopper_sim:/home/waves/ros2_sim/install/hopper_description:/home/waves/hexapod/install/hexapod_communication:/home/waves/ros2_ws/install/my_py_pkg:/opt/ros/humble:/home/waves/ros2_humble/install/rqt_bag_plugins:/home/waves/ros2_humble/install/rqt_bag:/home/waves/ros2_humble/install/launch_testing_examples:/home/waves/ros2_humble/install/ros2bag:/home/waves/ros2_humble/install/tracetools_test:/home/waves/ros2_humble/install/tracetools_launch:/home/waves/ros2_humble/install/topic_monitor:/home/waves/ros2_humble/install/tf2_tools:/home/waves/ros2_humble/install/examples_tf2_py:/home/waves/ros2_humble/install/tf2_ros_py:/home/waves/ros2_humble/install/sros2:/home/waves/ros2_humble/install/rqt_topic:/home/waves/ros2_humble/install/rqt_srv:/home/waves/ros2_humble/install/rqt_shell:/home/waves/ros2_humble/install/rqt_service_caller:/home/waves/ros2_humble/install/rqt_reconfigure:/home/waves/ros2_humble/install/rqt_py_console:/home/waves/ros2_humble/install/rqt_publisher:/home/waves/ros2_humble/install/rqt_plot:/home/waves/ros2_humble/install/rqt_action:/home/waves/ros2_humble/install/rqt_msg:/home/waves/ros2_humble/install/rqt_console:/home/waves/ros2_humble/install/rqt:/home/waves/ros2_humble/install/rqt_graph:/home/waves/ros2_humble/install/rqt_gui_py:/home/waves/ros2_humble/install/rqt_gui:/home/waves/ros2_humble/install/ros2trace:/home/waves/ros2_humble/install/ros2topic:/home/waves/ros2_humble/install/ros2test:/home/waves/ros2_humble/install/ros2component:/home/waves/ros2_humble/install/ros2param:/home/waves/ros2_humble/install/ros2lifecycle:/home/waves/ros2_humble/install/ros2service:/home/waves/ros2_humble/install/ros2run:/home/waves/ros2_humble/install/ros2launch:/home/waves/ros2_humble/install/ros2pkg:/home/waves/ros2_humble/install/ros2node:/home/waves/ros2_humble/install/ros2multicast:/home/waves/ros2_humble/install/ros2interface:/home/waves/ros2_humble/install/ros2doctor:/home/waves/ros2_humble/install/ros2action:/home/waves/ros2_humble/install/ros2cli:/home/waves/ros2_humble/install/quality_of_service_demo_py:/home/waves/ros2_humble/install/lifecycle_py:/home/waves/ros2_humble/install/launch_testing_ros:/home/waves/ros2_humble/install/launch_ros:/home/waves/ros2_humble/install/examples_rclpy_pointcloud_publisher:/home/waves/ros2_humble/install/examples_rclpy_minimal_subscriber:/home/waves/ros2_humble/install/examples_rclpy_minimal_service:/home/waves/ros2_humble/install/examples_rclpy_minimal_publisher:/home/waves/ros2_humble/install/examples_rclpy_minimal_client:/home/waves/ros2_humble/install/examples_rclpy_minimal_action_server:/home/waves/ros2_humble/install/examples_rclpy_minimal_action_client:/home/waves/ros2_humble/install/examples_rclpy_guard_conditions:/home/waves/ros2_humble/install/examples_rclpy_executors:/home/waves/ros2_humble/install/demo_nodes_py:/home/waves/ros2_humble/install/camera_info_manager_py:/home/waves/ros2_humble/install/action_tutorials_py:/home/waves/ros2_humble/install/ament_uncrustify:/home/waves/ros2_humble/install/tracetools_trace:/home/waves/ros2_humble/install/tracetools_read:/home/waves/ros2_humble/install/test_tracetools_launch:/home/waves/ros2_humble/install/test_launch_ros:/home/waves/ros2_humble/install/sensor_msgs_py:/home/waves/ros2_humble/install/rpyutils:/home/waves/ros2_humble/install/rosidl_runtime_py:/home/waves/ros2_humble/install/rosidl_cli:/home/waves/ros2_humble/install/launch_pytest:/home/waves/ros2_humble/install/launch_testing:/home/waves/ros2_humble/install/launch_yaml:/home/waves/ros2_humble/install/launch_xml:/home/waves/ros2_humble/install/launch:/home/waves/ros2_humble/install/osrf_pycommon:/home/waves/ros2_humble/install/domain_coordinator:/home/waves/ros2_humble/install/ament_xmllint:/home/waves/ros2_humble/install/ament_pyflakes:/home/waves/ros2_humble/install/ament_pycodestyle:/home/waves/ros2_humble/install/ament_pep257:/home/waves/ros2_humble/install/ament_pclint:/home/waves/ros2_humble/install/ament_package:/home/waves/ros2_humble/install/ament_mypy:/home/waves/ros2_humble/install/ament_lint_cmake:/home/waves/ros2_humble/install/ament_flake8:/home/waves/ros2_humble/install/ament_copyright:/home/waves/ros2_humble/install/ament_lint:/home/waves/ros2_humble/install/ament_index_python:/home/waves/ros2_humble/install/ament_cpplint:/home/waves/ros2_humble/install/ament_cppcheck:/home/waves/ros2_humble/install/ament_clang_tidy:/home/waves/ros2_humble/install/ament_clang_format:/home/waves/ros2_sim/install/hexapod_description:/home/waves/ros2_sim/install/hexapod:/home/waves/ros2_sim/install/franka:/home/waves/ros2_humble/install/rosbag2_storage_mcap:/home/waves/ros2_humble/install/rosbag2:/home/waves/ros2_humble/install/rosbag2_compression_zstd:/home/waves/ros2_humble/install/mcap_vendor:/home/waves/ros2_humble/install/zstd_vendor:/home/waves/ros2_humble/install/rviz_visual_testing_framework:/home/waves/ros2_humble/install/rviz2:/home/waves/ros2_humble/install/rviz_default_plugins:/home/waves/ros2_humble/install/rviz_common:/home/waves/ros2_humble/install/rosbag2_py:/home/waves/ros2_humble/install/rosbag2_transport:/home/waves/ros2_humble/install/rosbag2_storage_default_plugins:/home/waves/ros2_humble/install/rosbag2_performance_benchmarking:/home/waves/ros2_humble/install/rosbag2_compression:/home/waves/ros2_humble/install/rosbag2_cpp:/home/waves/ros2_humble/install/rosbag2_storage:/home/waves/ros2_humble/install/image_common:/home/waves/ros2_humble/install/camera_info_manager:/home/waves/ros2_humble/install/camera_calibration_parsers:/home/waves/ros2_humble/install/yaml_cpp_vendor:/home/waves/ros2_humble/install/interactive_markers:/home/waves/ros2_humble/install/common_interfaces:/home/waves/ros2_humble/install/visualization_msgs:/home/waves/ros2_humble/install/dummy_robot_bringup:/home/waves/ros2_humble/install/robot_state_publisher:/home/waves/ros2_humble/install/kdl_parser:/home/waves/ros2_humble/install/urdf:/home/waves/ros2_humble/install/urdfdom:/home/waves/ros2_humble/install/urdf_parser_plugin:/home/waves/ros2_humble/install/urdfdom_headers:/home/waves/ros2_humble/install/turtlesim:/home/waves/ros2_humble/install/geometry2:/home/waves/ros2_humble/install/tf2_sensor_msgs:/home/waves/ros2_humble/install/test_tf2:/home/waves/ros2_humble/install/tf2_kdl:/home/waves/ros2_humble/install/tf2_geometry_msgs:/home/waves/ros2_humble/install/tf2_eigen:/home/waves/ros2_humble/install/tf2_bullet:/home/waves/ros2_humble/install/tf2_ros:/home/waves/ros2_humble/install/tf2_py:/home/waves/ros2_humble/install/tf2_msgs:/home/waves/ros2_humble/install/test_msgs:/home/waves/ros2_humble/install/sros2_cmake:/home/waves/ros2_humble/install/ros2cli_common_extensions:/home/waves/ros2_humble/install/rqt_py_common:/home/waves/ros2_humble/install/rosbag2_storage_mcap_testdata:/home/waves/ros2_humble/install/ros_testing:/home/waves/ros2_humble/install/ros2cli_test_interfaces:/home/waves/ros2_humble/install/quality_of_service_demo_cpp:/home/waves/ros2_humble/install/image_transport:/home/waves/ros2_humble/install/message_filters:/home/waves/ros2_humble/install/demo_nodes_cpp:/home/waves/ros2_humble/install/composition:/home/waves/ros2_humble/install/laser_geometry:/home/waves/ros2_humble/install/rclpy:/home/waves/ros2_humble/install/examples_rclcpp_minimal_action_server:/home/waves/ros2_humble/install/examples_rclcpp_minimal_action_client:/home/waves/ros2_humble/install/action_tutorials_cpp:/home/waves/ros2_humble/install/rclcpp_action:/home/waves/ros2_humble/install/rcl_action:/home/waves/ros2_humble/install/examples_rclcpp_wait_set:/home/waves/ros2_humble/install/examples_rclcpp_minimal_service:/home/waves/ros2_humble/install/examples_rclcpp_minimal_client:/home/waves/ros2_humble/install/examples_rclcpp_async_client:/home/waves/ros2_humble/install/example_interfaces:/home/waves/ros2_humble/install/action_tutorials_interfaces:/home/waves/ros2_humble/install/action_msgs:/home/waves/ros2_humble/install/unique_identifier_msgs:/home/waves/ros2_humble/install/ament_lint_common:/home/waves/ros2_humble/install/ament_cmake_uncrustify:/home/waves/ros2_humble/install/uncrustify_vendor:/home/waves/ros2_humble/install/trajectory_msgs:/home/waves/ros2_humble/install/topic_statistics_demo:/home/waves/ros2_humble/install/pendulum_control:/home/waves/ros2_humble/install/tlsf_cpp:/home/waves/ros2_humble/install/test_tracetools:/home/waves/ros2_humble/install/rqt_gui_cpp:/home/waves/ros2_humble/install/rosbag2_test_common:/home/waves/ros2_humble/install/ros2lifecycle_test_fixtures:/home/waves/ros2_humble/install/lifecycle:/home/waves/ros2_humble/install/rclcpp_lifecycle:/home/waves/ros2_humble/install/logging_demo:/home/waves/ros2_humble/install/image_tools:/home/waves/ros2_humble/install/examples_rclcpp_minimal_subscriber:/home/waves/ros2_humble/install/examples_rclcpp_minimal_composition:/home/waves/ros2_humble/install/demo_nodes_cpp_native:/home/waves/ros2_humble/install/rclcpp_components:/home/waves/ros2_humble/install/intra_process_demo:/home/waves/ros2_humble/install/examples_rclcpp_multithreaded_executor:/home/waves/ros2_humble/install/examples_rclcpp_minimal_timer:/home/waves/ros2_humble/install/examples_rclcpp_minimal_publisher:/home/waves/ros2_humble/install/examples_rclcpp_cbg_executor:/home/waves/ros2_humble/install/dummy_sensors:/home/waves/ros2_humble/install/dummy_map_server:/home/waves/ros2_humble/install/rclcpp:/home/waves/ros2_humble/install/rcl_lifecycle:/home/waves/ros2_humble/install/libstatistics_collector:/home/waves/ros2_humble/install/rcl:/home/waves/ros2_humble/install/rmw_implementation:/home/waves/ros2_humble/install/rmw_fastrtps_dynamic_cpp:/home/waves/ros2_humble/install/rmw_fastrtps_cpp:/home/waves/ros2_humble/install/rmw_fastrtps_shared_cpp:/home/waves/ros2_humble/install/rmw_cyclonedds_cpp:/home/waves/ros2_humble/install/tracetools:/home/waves/ros2_humble/install/tlsf:/home/waves/ros2_humble/install/tinyxml_vendor:/home/waves/ros2_humble/install/qt_gui_core:/home/waves/ros2_humble/install/qt_gui_cpp:/home/waves/ros2_humble/install/pluginlib:/home/waves/ros2_humble/install/tinyxml2_vendor:/home/waves/ros2_humble/install/tf2_eigen_kdl:/home/waves/ros2_humble/install/tf2:/home/waves/ros2_humble/install/test_security:/home/waves/ros2_humble/install/test_rmw_implementation:/home/waves/ros2_humble/install/test_rclcpp:/home/waves/ros2_humble/install/test_quality_of_service:/home/waves/ros2_humble/install/test_launch_testing:/home/waves/ros2_humble/install/test_interface_files:/home/waves/ros2_humble/install/test_communication:/home/waves/ros2_humble/install/test_cli_remapping:/home/waves/ros2_humble/install/test_cli:/home/waves/ros2_humble/install/qt_gui_app:/home/waves/ros2_humble/install/qt_gui:/home/waves/ros2_humble/install/tango_icons_vendor:/home/waves/ros2_humble/install/stereo_msgs:/home/waves/ros2_humble/install/std_srvs:/home/waves/ros2_humble/install/shape_msgs:/home/waves/ros2_humble/install/map_msgs:/home/waves/ros2_humble/install/sensor_msgs:/home/waves/ros2_humble/install/nav_msgs:/home/waves/ros2_humble/install/diagnostic_msgs:/home/waves/ros2_humble/install/geometry_msgs:/home/waves/ros2_humble/install/actionlib_msgs:/home/waves/ros2_humble/install/std_msgs:/home/waves/ros2_humble/install/statistics_msgs:/home/waves/ros2_humble/install/sqlite3_vendor:/home/waves/ros2_humble/install/rcl_logging_spdlog:/home/waves/ros2_humble/install/spdlog_vendor:/home/waves/ros2_humble/install/shared_queues_vendor:/home/waves/ros2_humble/install/rviz_rendering_tests:/home/waves/ros2_humble/install/rviz_rendering:/home/waves/ros2_humble/install/rviz_ogre_vendor:/home/waves/ros2_humble/install/rviz_assimp_vendor:/home/waves/ros2_humble/install/rttest:/home/waves/ros2_humble/install/rmw_connextddsmicro:/home/waves/ros2_humble/install/rmw_connextdds:/home/waves/ros2_humble/install/rmw_connextdds_common:/home/waves/ros2_humble/install/rti_connext_dds_cmake_module:/home/waves/ros2_humble/install/rosgraph_msgs:/home/waves/ros2_humble/install/rosbag2_interfaces:/home/waves/ros2_humble/install/rmw_dds_common:/home/waves/ros2_humble/install/composition_interfaces:/home/waves/ros2_humble/install/rcl_interfaces:/home/waves/ros2_humble/install/pendulum_msgs:/home/waves/ros2_humble/install/lifecycle_msgs:/home/waves/ros2_humble/install/builtin_interfaces:/home/waves/ros2_humble/install/rosidl_default_runtime:/home/waves/ros2_humble/install/rosidl_default_generators:/home/waves/ros2_humble/install/rosidl_generator_py:/home/waves/ros2_humble/install/rosidl_typesupport_introspection_tests:/home/waves/ros2_humble/install/rosidl_typesupport_cpp:/home/waves/ros2_humble/install/rosidl_typesupport_introspection_cpp:/home/waves/ros2_humble/install/rosidl_typesupport_c:/home/waves/ros2_humble/install/rosidl_typesupport_introspection_c:/home/waves/ros2_humble/install/rosidl_typesupport_fastrtps_c:/home/waves/ros2_humble/install/rosidl_typesupport_fastrtps_cpp:/home/waves/ros2_humble/install/rosidl_generator_cpp:/home/waves/ros2_humble/install/rosidl_runtime_cpp:/home/waves/ros2_humble/install/rcl_yaml_param_parser:/home/waves/ros2_humble/install/rmw:/home/waves/ros2_humble/install/rosidl_runtime_c:/home/waves/ros2_humble/install/rosidl_generator_c:/home/waves/ros2_humble/install/rosidl_typesupport_interface:/home/waves/ros2_humble/install/rosidl_generator_dds_idl:/home/waves/ros2_humble/install/rosidl_cmake:/home/waves/ros2_humble/install/rosidl_parser:/home/waves/ros2_humble/install/rosidl_adapter:/home/waves/ros2_humble/install/rosbag2_tests:/home/waves/ros2_humble/install/ros_environment:/home/waves/ros2_humble/install/rmw_implementation_cmake:/home/waves/ros2_humble/install/resource_retriever:/home/waves/ros2_humble/install/class_loader:/home/waves/ros2_humble/install/rcpputils:/home/waves/ros2_humble/install/rcl_logging_noop:/home/waves/ros2_humble/install/rcl_logging_interface:/home/waves/ros2_humble/install/rcutils:/home/waves/ros2_humble/install/qt_gui_py_common:/home/waves/ros2_humble/install/qt_dotgraph:/home/waves/ros2_humble/install/python_qt_binding:/home/waves/ros2_humble/install/python_orocos_kdl_vendor:/home/waves/ros2_humble/install/launch_testing_ament_cmake:/home/waves/ros2_humble/install/python_cmake_module:/home/waves/ros2_humble/install/pybind11_vendor:/home/waves/ros2_humble/install/performance_test_fixture:/home/waves/ros2_humble/install/osrf_testing_tools_cpp:/home/waves/ros2_humble/install/orocos_kdl_vendor:/home/waves/ros2_humble/install/mimick_vendor:/home/waves/ros2_humble/install/libyaml_vendor:/home/waves/ros2_humble/install/libcurl_vendor:/home/waves/ros2_humble/install/keyboard_handler:/home/waves/ros2_humble/install/iceoryx_introspection:/home/waves/ros2_humble/install/cyclonedds:/home/waves/ros2_humble/install/iceoryx_posh:/home/waves/ros2_humble/install/iceoryx_hoofs:/home/waves/ros2_humble/install/iceoryx_binding_c:/home/waves/ros2_humble/install/ament_cmake_ros:/home/waves/ros2_humble/install/ament_cmake_auto:/home/waves/ros2_humble/install/ament_cmake_gmock:/home/waves/ros2_humble/install/gmock_vendor:/home/waves/ros2_humble/install/ament_cmake_gtest:/home/waves/ros2_humble/install/gtest_vendor:/home/waves/ros2_humble/install/ament_cmake_google_benchmark:/home/waves/ros2_humble/install/google_benchmark_vendor:/home/waves/ros2_humble/install/fastrtps:/home/waves/ros2_humble/install/foonathan_memory_vendor:/home/waves/ros2_humble/install/fastrtps_cmake_module:/home/waves/ros2_humble/install/fastcdr:/home/waves/ros2_humble/install/eigen3_cmake_module:/home/waves/ros2_humble/install/console_bridge_vendor:/home/waves/ros2_humble/install/ament_cmake_xmllint:/home/waves/ros2_humble/install/ament_cmake_pyflakes:/home/waves/ros2_humble/install/ament_cmake_pycodestyle:/home/waves/ros2_humble/install/ament_cmake_pep257:/home/waves/ros2_humble/install/ament_cmake_pclint:/home/waves/ros2_humble/install/ament_lint_auto:/home/waves/ros2_humble/install/ament_cmake:/home/waves/ros2_humble/install/ament_cmake_version:/home/waves/ros2_humble/install/ament_cmake_vendor_package:/home/waves/ros2_humble/install/ament_cmake_pytest:/home/waves/ros2_humble/install/ament_cmake_nose:/home/waves/ros2_humble/install/ament_cmake_mypy:/home/waves/ros2_humble/install/ament_cmake_lint_cmake:/home/waves/ros2_humble/install/ament_cmake_flake8:/home/waves/ros2_humble/install/ament_cmake_cpplint:/home/waves/ros2_humble/install/ament_cmake_cppcheck:/home/waves/ros2_humble/install/ament_cmake_copyright:/home/waves/ros2_humble/install/ament_cmake_clang_tidy:/home/waves/ros2_humble/install/ament_cmake_clang_format:/home/waves/ros2_humble/install/ament_cmake_test:/home/waves/ros2_humble/install/ament_cmake_target_dependencies:/home/waves/ros2_humble/install/ament_cmake_python:/home/waves/ros2_humble/install/ament_cmake_export_dependencies:/home/waves/ros2_humble/install/ament_cmake_libraries:/home/waves/ros2_humble/install/ament_cmake_include_directories:/home/waves/ros2_humble/install/ament_cmake_gen_version_h:/home/waves/ros2_humble/install/ament_cmake_export_targets:/home/waves/ros2_humble/install/ament_cmake_export_link_flags:/home/waves/ros2_humble/install/ament_cmake_export_interfaces:/home/waves/ros2_humble/install/ament_cmake_export_libraries:/home/waves/ros2_humble/install/ament_cmake_export_include_directories:/home/waves/ros2_humble/install/ament_cmake_export_definitions:/home/waves/ros2_humble/install/ament_cmake_core:/home/waves/ros2_humble/install/ament_index_cpp /usr/bin/cmake --build /home/waves/hexapod/build/hexapod_interfaces -- -j4 -l4
[1.839s] DEBUG:colcon.colcon_core.event_handler.log_command:Invoking command in '/home/waves/hexapod/build/hexapod': CMAKE_PREFIX_PATH=/home/waves/hexapod/install/hexapod_services:/home/waves/hexapod/install/hexapod_control:/home/waves/hexapod/install/hexapod_interfaces:/home/waves/ros2_ws/install/video_runner:/home/waves/ros2_ws/install/robotics_class:/home/waves/ros2_ws/install/my_robot_bringup:/home/waves/ros2_ws/install/my_cpp_prac:/home/waves/ros2_ws/install/my_cpp_pkg:/home/waves/ros2_ws/install/act_5:/home/waves/ros2_ws/install/my_interface:/home/waves/ros2_ws/install/buffer:/home/waves/research/install/cobots:/home/waves/ros2_sim/install/ros2_control_demos:/home/waves/ros2_sim/install/ros2_control_demo_description:/home/waves/ros2_sim/install/my_robot_sim:/home/waves/ros2_sim/install/humanoid:/home/waves/ros2_sim/install/hopper_sim:/home/waves/ros2_sim/install/hopper_description:/home/waves/hexapod/install/hexapod_communication:/home/waves/ros2_ws/install/my_py_pkg:/opt/ros/humble:/home/waves/ros2_humble/install/rqt_bag_plugins:/home/waves/ros2_humble/install/rqt_bag:/home/waves/ros2_humble/install/launch_testing_examples:/home/waves/ros2_humble/install/ros2bag:/home/waves/ros2_humble/install/tracetools_test:/home/waves/ros2_humble/install/tracetools_launch:/home/waves/ros2_humble/install/topic_monitor:/home/waves/ros2_humble/install/tf2_tools:/home/waves/ros2_humble/install/examples_tf2_py:/home/waves/ros2_humble/install/tf2_ros_py:/home/waves/ros2_humble/install/sros2:/home/waves/ros2_humble/install/rqt_topic:/home/waves/ros2_humble/install/rqt_srv:/home/waves/ros2_humble/install/rqt_shell:/home/waves/ros2_humble/install/rqt_service_caller:/home/waves/ros2_humble/install/rqt_reconfigure:/home/waves/ros2_humble/install/rqt_py_console:/home/waves/ros2_humble/install/rqt_publisher:/home/waves/ros2_humble/install/rqt_plot:/home/waves/ros2_humble/install/rqt_action:/home/waves/ros2_humble/install/rqt_msg:/home/waves/ros2_humble/install/rqt_console:/home/waves/ros2_humble/install/rqt:/home/waves/ros2_humble/install/rqt_graph:/home/waves/ros2_humble/install/rqt_gui_py:/home/waves/ros2_humble/install/rqt_gui:/home/waves/ros2_humble/install/ros2trace:/home/waves/ros2_humble/install/ros2topic:/home/waves/ros2_humble/install/ros2test:/home/waves/ros2_humble/install/ros2component:/home/waves/ros2_humble/install/ros2param:/home/waves/ros2_humble/install/ros2lifecycle:/home/waves/ros2_humble/install/ros2service:/home/waves/ros2_humble/install/ros2run:/home/waves/ros2_humble/install/ros2launch:/home/waves/ros2_humble/install/ros2pkg:/home/waves/ros2_humble/install/ros2node:/home/waves/ros2_humble/install/ros2multicast:/home/waves/ros2_humble/install/ros2interface:/home/waves/ros2_humble/install/ros2doctor:/home/waves/ros2_humble/install/ros2action:/home/waves/ros2_humble/install/ros2cli:/home/waves/ros2_humble/install/quality_of_service_demo_py:/home/waves/ros2_humble/install/lifecycle_py:/home/waves/ros2_humble/install/launch_testing_ros:/home/waves/ros2_humble/install/launch_ros:/home/waves/ros2_humble/install/examples_rclpy_pointcloud_publisher:/home/waves/ros2_humble/install/examples_rclpy_minimal_subscriber:/home/waves/ros2_humble/install/examples_rclpy_minimal_service:/home/waves/ros2_humble/install/examples_rclpy_minimal_publisher:/home/waves/ros2_humble/install/examples_rclpy_minimal_client:/home/waves/ros2_humble/install/examples_rclpy_minimal_action_server:/home/waves/ros2_humble/install/examples_rclpy_minimal_action_client:/home/waves/ros2_humble/install/examples_rclpy_guard_conditions:/home/waves/ros2_humble/install/examples_rclpy_executors:/home/waves/ros2_humble/install/demo_nodes_py:/home/waves/ros2_humble/install/camera_info_manager_py:/home/waves/ros2_humble/install/action_tutorials_py:/home/waves/ros2_humble/install/ament_uncrustify:/home/waves/ros2_humble/install/tracetools_trace:/home/waves/ros2_humble/install/tracetools_read:/home/waves/ros2_humble/install/test_tracetools_launch:/home/waves/ros2_humble/install/test_launch_ros:/home/waves/ros2_humble/install/sensor_msgs_py:/home/waves/ros2_humble/install/rpyutils:/home/waves/ros2_humble/install/rosidl_runtime_py:/home/waves/ros2_humble/install/rosidl_cli:/home/waves/ros2_humble/install/launch_pytest:/home/waves/ros2_humble/install/launch_testing:/home/waves/ros2_humble/install/launch_yaml:/home/waves/ros2_humble/install/launch_xml:/home/waves/ros2_humble/install/launch:/home/waves/ros2_humble/install/osrf_pycommon:/home/waves/ros2_humble/install/domain_coordinator:/home/waves/ros2_humble/install/ament_xmllint:/home/waves/ros2_humble/install/ament_pyflakes:/home/waves/ros2_humble/install/ament_pycodestyle:/home/waves/ros2_humble/install/ament_pep257:/home/waves/ros2_humble/install/ament_pclint:/home/waves/ros2_humble/install/ament_package:/home/waves/ros2_humble/install/ament_mypy:/home/waves/ros2_humble/install/ament_lint_cmake:/home/waves/ros2_humble/install/ament_flake8:/home/waves/ros2_humble/install/ament_copyright:/home/waves/ros2_humble/install/ament_lint:/home/waves/ros2_humble/install/ament_index_python:/home/waves/ros2_humble/install/ament_cpplint:/home/waves/ros2_humble/install/ament_cppcheck:/home/waves/ros2_humble/install/ament_clang_tidy:/home/waves/ros2_humble/install/ament_clang_format:/home/waves/ros2_sim/install/hexapod_description:/home/waves/ros2_sim/install/hexapod:/home/waves/ros2_sim/install/franka:/home/waves/ros2_humble/install/rosbag2_storage_mcap:/home/waves/ros2_humble/install/rosbag2:/home/waves/ros2_humble/install/rosbag2_compression_zstd:/home/waves/ros2_humble/install/mcap_vendor:/home/waves/ros2_humble/install/zstd_vendor:/home/waves/ros2_humble/install/rviz_visual_testing_framework:/home/waves/ros2_humble/install/rviz2:/home/waves/ros2_humble/install/rviz_default_plugins:/home/waves/ros2_humble/install/rviz_common:/home/waves/ros2_humble/install/rosbag2_py:/home/waves/ros2_humble/install/rosbag2_transport:/home/waves/ros2_humble/install/rosbag2_storage_default_plugins:/home/waves/ros2_humble/install/rosbag2_performance_benchmarking:/home/waves/ros2_humble/install/rosbag2_compression:/home/waves/ros2_humble/install/rosbag2_cpp:/home/waves/ros2_humble/install/rosbag2_storage:/home/waves/ros2_humble/install/image_common:/home/waves/ros2_humble/install/camera_info_manager:/home/waves/ros2_humble/install/camera_calibration_parsers:/home/waves/ros2_humble/install/yaml_cpp_vendor:/home/waves/ros2_humble/install/interactive_markers:/home/waves/ros2_humble/install/common_interfaces:/home/waves/ros2_humble/install/visualization_msgs:/home/waves/ros2_humble/install/dummy_robot_bringup:/home/waves/ros2_humble/install/robot_state_publisher:/home/waves/ros2_humble/install/kdl_parser:/home/waves/ros2_humble/install/urdf:/home/waves/ros2_humble/install/urdfdom:/home/waves/ros2_humble/install/urdf_parser_plugin:/home/waves/ros2_humble/install/urdfdom_headers:/home/waves/ros2_humble/install/turtlesim:/home/waves/ros2_humble/install/geometry2:/home/waves/ros2_humble/install/tf2_sensor_msgs:/home/waves/ros2_humble/install/test_tf2:/home/waves/ros2_humble/install/tf2_kdl:/home/waves/ros2_humble/install/tf2_geometry_msgs:/home/waves/ros2_humble/install/tf2_eigen:/home/waves/ros2_humble/install/tf2_bullet:/home/waves/ros2_humble/install/tf2_ros:/home/waves/ros2_humble/install/tf2_py:/home/waves/ros2_humble/install/tf2_msgs:/home/waves/ros2_humble/install/test_msgs:/home/waves/ros2_humble/install/sros2_cmake:/home/waves/ros2_humble/install/ros2cli_common_extensions:/home/waves/ros2_humble/install/rqt_py_common:/home/waves/ros2_humble/install/rosbag2_storage_mcap_testdata:/home/waves/ros2_humble/install/ros_testing:/home/waves/ros2_humble/install/ros2cli_test_interfaces:/home/waves/ros2_humble/install/quality_of_service_demo_cpp:/home/waves/ros2_humble/install/image_transport:/home/waves/ros2_humble/install/message_filters:/home/waves/ros2_humble/install/demo_nodes_cpp:/home/waves/ros2_humble/install/composition:/home/waves/ros2_humble/install/laser_geometry:/home/waves/ros2_humble/install/rclpy:/home/waves/ros2_humble/install/examples_rclcpp_minimal_action_server:/home/waves/ros2_humble/install/examples_rclcpp_minimal_action_client:/home/waves/ros2_humble/install/action_tutorials_cpp:/home/waves/ros2_humble/install/rclcpp_action:/home/waves/ros2_humble/install/rcl_action:/home/waves/ros2_humble/install/examples_rclcpp_wait_set:/home/waves/ros2_humble/install/examples_rclcpp_minimal_service:/home/waves/ros2_humble/install/examples_rclcpp_minimal_client:/home/waves/ros2_humble/install/examples_rclcpp_async_client:/home/waves/ros2_humble/install/example_interfaces:/home/waves/ros2_humble/install/action_tutorials_interfaces:/home/waves/ros2_humble/install/action_msgs:/home/waves/ros2_humble/install/unique_identifier_msgs:/home/waves/ros2_humble/install/ament_lint_common:/home/waves/ros2_humble/install/ament_cmake_uncrustify:/home/waves/ros2_humble/install/uncrustify_vendor:/home/waves/ros2_humble/install/trajectory_msgs:/home/waves/ros2_humble/install/topic_statistics_demo:/home/waves/ros2_humble/install/pendulum_control:/home/waves/ros2_humble/install/tlsf_cpp:/home/waves/ros2_humble/install/test_tracetools:/home/waves/ros2_humble/install/rqt_gui_cpp:/home/waves/ros2_humble/install/rosbag2_test_common:/home/waves/ros2_humble/install/ros2lifecycle_test_fixtures:/home/waves/ros2_humble/install/lifecycle:/home/waves/ros2_humble/install/rclcpp_lifecycle:/home/waves/ros2_humble/install/logging_demo:/home/waves/ros2_humble/install/image_tools:/home/waves/ros2_humble/install/examples_rclcpp_minimal_subscriber:/home/waves/ros2_humble/install/examples_rclcpp_minimal_composition:/home/waves/ros2_humble/install/demo_nodes_cpp_native:/home/waves/ros2_humble/install/rclcpp_components:/home/waves/ros2_humble/install/intra_process_demo:/home/waves/ros2_humble/install/examples_rclcpp_multithreaded_executor:/home/waves/ros2_humble/install/examples_rclcpp_minimal_timer:/home/waves/ros2_humble/install/examples_rclcpp_minimal_publisher:/home/waves/ros2_humble/install/examples_rclcpp_cbg_executor:/home/waves/ros2_humble/install/dummy_sensors:/home/waves/ros2_humble/install/dummy_map_server:/home/waves/ros2_humble/install/rclcpp:/home/waves/ros2_humble/install/rcl_lifecycle:/home/waves/ros2_humble/install/libstatistics_collector:/home/waves/ros2_humble/install/rcl:/home/waves/ros2_humble/install/rmw_implementation:/home/waves/ros2_humble/install/rmw_fastrtps_dynamic_cpp:/home/waves/ros2_humble/install/rmw_fastrtps_cpp:/home/waves/ros2_humble/install/rmw_fastrtps_shared_cpp:/home/waves/ros2_humble/install/rmw_cyclonedds_cpp:/home/waves/ros2_humble/install/tracetools:/home/waves/ros2_humble/install/tlsf:/home/waves/ros2_humble/install/tinyxml_vendor:/home/waves/ros2_humble/install/qt_gui_core:/home/waves/ros2_humble/install/qt_gui_cpp:/home/waves/ros2_humble/install/pluginlib:/home/waves/ros2_humble/install/tinyxml2_vendor:/home/waves/ros2_humble/install/tf2_eigen_kdl:/home/waves/ros2_humble/install/tf2:/home/waves/ros2_humble/install/test_security:/home/waves/ros2_humble/install/test_rmw_implementation:/home/waves/ros2_humble/install/test_rclcpp:/home/waves/ros2_humble/install/test_quality_of_service:/home/waves/ros2_humble/install/test_launch_testing:/home/waves/ros2_humble/install/test_interface_files:/home/waves/ros2_humble/install/test_communication:/home/waves/ros2_humble/install/test_cli_remapping:/home/waves/ros2_humble/install/test_cli:/home/waves/ros2_humble/install/qt_gui_app:/home/waves/ros2_humble/install/qt_gui:/home/waves/ros2_humble/install/tango_icons_vendor:/home/waves/ros2_humble/install/stereo_msgs:/home/waves/ros2_humble/install/std_srvs:/home/waves/ros2_humble/install/shape_msgs:/home/waves/ros2_humble/install/map_msgs:/home/waves/ros2_humble/install/sensor_msgs:/home/waves/ros2_humble/install/nav_msgs:/home/waves/ros2_humble/install/diagnostic_msgs:/home/waves/ros2_humble/install/geometry_msgs:/home/waves/ros2_humble/install/actionlib_msgs:/home/waves/ros2_humble/install/std_msgs:/home/waves/ros2_humble/install/statistics_msgs:/home/waves/ros2_humble/install/sqlite3_vendor:/home/waves/ros2_humble/install/rcl_logging_spdlog:/home/waves/ros2_humble/install/spdlog_vendor:/home/waves/ros2_humble/install/shared_queues_vendor:/home/waves/ros2_humble/install/rviz_rendering_tests:/home/waves/ros2_humble/install/rviz_rendering:/home/waves/ros2_humble/install/rviz_ogre_vendor:/home/waves/ros2_humble/install/rviz_assimp_vendor:/home/waves/ros2_humble/install/rttest:/home/waves/ros2_humble/install/rmw_connextddsmicro:/home/waves/ros2_humble/install/rmw_connextdds:/home/waves/ros2_humble/install/rmw_connextdds_common:/home/waves/ros2_humble/install/rti_connext_dds_cmake_module:/home/waves/ros2_humble/install/rosgraph_msgs:/home/waves/ros2_humble/install/rosbag2_interfaces:/home/waves/ros2_humble/install/rmw_dds_common:/home/waves/ros2_humble/install/composition_interfaces:/home/waves/ros2_humble/install/rcl_interfaces:/home/waves/ros2_humble/install/pendulum_msgs:/home/waves/ros2_humble/install/lifecycle_msgs:/home/waves/ros2_humble/install/builtin_interfaces:/home/waves/ros2_humble/install/rosidl_default_runtime:/home/waves/ros2_humble/install/rosidl_default_generators:/home/waves/ros2_humble/install/rosidl_generator_py:/home/waves/ros2_humble/install/rosidl_typesupport_introspection_tests:/home/waves/ros2_humble/install/rosidl_typesupport_cpp:/home/waves/ros2_humble/install/rosidl_typesupport_introspection_cpp:/home/waves/ros2_humble/install/rosidl_typesupport_c:/home/waves/ros2_humble/install/rosidl_typesupport_introspection_c:/home/waves/ros2_humble/install/rosidl_typesupport_fastrtps_c:/home/waves/ros2_humble/install/rosidl_typesupport_fastrtps_cpp:/home/waves/ros2_humble/install/rosidl_generator_cpp:/home/waves/ros2_humble/install/rosidl_runtime_cpp:/home/waves/ros2_humble/install/rcl_yaml_param_parser:/home/waves/ros2_humble/install/rmw:/home/waves/ros2_humble/install/rosidl_runtime_c:/home/waves/ros2_humble/install/rosidl_generator_c:/home/waves/ros2_humble/install/rosidl_typesupport_interface:/home/waves/ros2_humble/install/rosidl_generator_dds_idl:/home/waves/ros2_humble/install/rosidl_cmake:/home/waves/ros2_humble/install/rosidl_parser:/home/waves/ros2_humble/install/rosidl_adapter:/home/waves/ros2_humble/install/rosbag2_tests:/home/waves/ros2_humble/install/ros_environment:/home/waves/ros2_humble/install/rmw_implementation_cmake:/home/waves/ros2_humble/install/resource_retriever:/home/waves/ros2_humble/install/class_loader:/home/waves/ros2_humble/install/rcpputils:/home/waves/ros2_humble/install/rcl_logging_noop:/home/waves/ros2_humble/install/rcl_logging_interface:/home/waves/ros2_humble/install/rcutils:/home/waves/ros2_humble/install/qt_gui_py_common:/home/waves/ros2_humble/install/qt_dotgraph:/home/waves/ros2_humble/install/python_qt_binding:/home/waves/ros2_humble/install/python_orocos_kdl_vendor:/home/waves/ros2_humble/install/launch_testing_ament_cmake:/home/waves/ros2_humble/install/python_cmake_module:/home/waves/ros2_humble/install/pybind11_vendor:/home/waves/ros2_humble/install/performance_test_fixture:/home/waves/ros2_humble/install/osrf_testing_tools_cpp:/home/waves/ros2_humble/install/orocos_kdl_vendor:/home/waves/ros2_humble/install/mimick_vendor:/home/waves/ros2_humble/install/libyaml_vendor:/home/waves/ros2_humble/install/libcurl_vendor:/home/waves/ros2_humble/install/keyboard_handler:/home/waves/ros2_humble/install/iceoryx_introspection:/home/waves/ros2_humble/install/cyclonedds:/home/waves/ros2_humble/install/iceoryx_posh:/home/waves/ros2_humble/install/iceoryx_hoofs:/home/waves/ros2_humble/install/iceoryx_binding_c:/home/waves/ros2_humble/install/ament_cmake_ros:/home/waves/ros2_humble/install/ament_cmake_auto:/home/waves/ros2_humble/install/ament_cmake_gmock:/home/waves/ros2_humble/install/gmock_vendor:/home/waves/ros2_humble/install/ament_cmake_gtest:/home/waves/ros2_humble/install/gtest_vendor:/home/waves/ros2_humble/install/ament_cmake_google_benchmark:/home/waves/ros2_humble/install/google_benchmark_vendor:/home/waves/ros2_humble/install/fastrtps:/home/waves/ros2_humble/install/foonathan_memory_vendor:/home/waves/ros2_humble/install/fastrtps_cmake_module:/home/waves/ros2_humble/install/fastcdr:/home/waves/ros2_humble/install/eigen3_cmake_module:/home/waves/ros2_humble/install/console_bridge_vendor:/home/waves/ros2_humble/install/ament_cmake_xmllint:/home/waves/ros2_humble/install/ament_cmake_pyflakes:/home/waves/ros2_humble/install/ament_cmake_pycodestyle:/home/waves/ros2_humble/install/ament_cmake_pep257:/home/waves/ros2_humble/install/ament_cmake_pclint:/home/waves/ros2_humble/install/ament_lint_auto:/home/waves/ros2_humble/install/ament_cmake:/home/waves/ros2_humble/install/ament_cmake_version:/home/waves/ros2_humble/install/ament_cmake_vendor_package:/home/waves/ros2_humble/install/ament_cmake_pytest:/home/waves/ros2_humble/install/ament_cmake_nose:/home/waves/ros2_humble/install/ament_cmake_mypy:/home/waves/ros2_humble/install/ament_cmake_lint_cmake:/home/waves/ros2_humble/install/ament_cmake_flake8:/home/waves/ros2_humble/install/ament_cmake_cpplint:/home/waves/ros2_humble/install/ament_cmake_cppcheck:/home/waves/ros2_humble/install/ament_cmake_copyright:/home/waves/ros2_humble/install/ament_cmake_clang_tidy:/home/waves/ros2_humble/install/ament_cmake_clang_format:/home/waves/ros2_humble/install/ament_cmake_test:/home/waves/ros2_humble/install/ament_cmake_target_dependencies:/home/waves/ros2_humble/install/ament_cmake_python:/home/waves/ros2_humble/install/ament_cmake_export_dependencies:/home/waves/ros2_humble/install/ament_cmake_libraries:/home/waves/ros2_humble/install/ament_cmake_include_directories:/home/waves/ros2_humble/install/ament_cmake_gen_version_h:/home/waves/ros2_humble/install/ament_cmake_export_targets:/home/waves/ros2_humble/install/ament_cmake_export_link_flags:/home/waves/ros2_humble/install/ament_cmake_export_interfaces:/home/waves/ros2_humble/install/ament_cmake_export_libraries:/home/waves/ros2_humble/install/ament_cmake_export_include_directories:/home/waves/ros2_humble/install/ament_cmake_export_definitions:/home/waves/ros2_humble/install/ament_cmake_core:/home/waves/ros2_humble/install/ament_index_cpp /usr/bin/cmake /home/waves/hexapod/src/hexapod -DCMAKE_INSTALL_PREFIX=/home/waves/hexapod/install/hexapod
[3.096s] INFO:colcon.colcon_core.task.python.build:Building Python package in '/home/waves/hexapod/src/hexapod_communication'
[3.097s] INFO:colcon.colcon_core.shell:Skip shell extension 'powershell' for command environment: Not usable outside of PowerShell
[3.097s] DEBUG:colcon.colcon_core.shell:Skip shell extension 'dsv' for command environment
[4.240s] DEBUG:colcon.colcon_core.event_handler.log_command:Invoked command in '/home/waves/hexapod/build/hexapod_interfaces' returned '0': CMAKE_PREFIX_PATH=/home/waves/hexapod/install/hexapod_services:/home/waves/hexapod/install/hexapod_control:/home/waves/hexapod/install/hexapod_interfaces:/home/waves/ros2_ws/install/video_runner:/home/waves/ros2_ws/install/robotics_class:/home/waves/ros2_ws/install/my_robot_bringup:/home/waves/ros2_ws/install/my_cpp_prac:/home/waves/ros2_ws/install/my_cpp_pkg:/home/waves/ros2_ws/install/act_5:/home/waves/ros2_ws/install/my_interface:/home/waves/ros2_ws/install/buffer:/home/waves/research/install/cobots:/home/waves/ros2_sim/install/ros2_control_demos:/home/waves/ros2_sim/install/ros2_control_demo_description:/home/waves/ros2_sim/install/my_robot_sim:/home/waves/ros2_sim/install/humanoid:/home/waves/ros2_sim/install/hopper_sim:/home/waves/ros2_sim/install/hopper_description:/home/waves/hexapod/install/hexapod_communication:/home/waves/ros2_ws/install/my_py_pkg:/opt/ros/humble:/home/waves/ros2_humble/install/rqt_bag_plugins:/home/waves/ros2_humble/install/rqt_bag:/home/waves/ros2_humble/install/launch_testing_examples:/home/waves/ros2_humble/install/ros2bag:/home/waves/ros2_humble/install/tracetools_test:/home/waves/ros2_humble/install/tracetools_launch:/home/waves/ros2_humble/install/topic_monitor:/home/waves/ros2_humble/install/tf2_tools:/home/waves/ros2_humble/install/examples_tf2_py:/home/waves/ros2_humble/install/tf2_ros_py:/home/waves/ros2_humble/install/sros2:/home/waves/ros2_humble/install/rqt_topic:/home/waves/ros2_humble/install/rqt_srv:/home/waves/ros2_humble/install/rqt_shell:/home/waves/ros2_humble/install/rqt_service_caller:/home/waves/ros2_humble/install/rqt_reconfigure:/home/waves/ros2_humble/install/rqt_py_console:/home/waves/ros2_humble/install/rqt_publisher:/home/waves/ros2_humble/install/rqt_plot:/home/waves/ros2_humble/install/rqt_action:/home/waves/ros2_humble/install/rqt_msg:/home/waves/ros2_humble/install/rqt_console:/home/waves/ros2_humble/install/rqt:/home/waves/ros2_humble/install/rqt_graph:/home/waves/ros2_humble/install/rqt_gui_py:/home/waves/ros2_humble/install/rqt_gui:/home/waves/ros2_humble/install/ros2trace:/home/waves/ros2_humble/install/ros2topic:/home/waves/ros2_humble/install/ros2test:/home/waves/ros2_humble/install/ros2component:/home/waves/ros2_humble/install/ros2param:/home/waves/ros2_humble/install/ros2lifecycle:/home/waves/ros2_humble/install/ros2service:/home/waves/ros2_humble/install/ros2run:/home/waves/ros2_humble/install/ros2launch:/home/waves/ros2_humble/install/ros2pkg:/home/waves/ros2_humble/install/ros2node:/home/waves/ros2_humble/install/ros2multicast:/home/waves/ros2_humble/install/ros2interface:/home/waves/ros2_humble/install/ros2doctor:/home/waves/ros2_humble/install/ros2action:/home/waves/ros2_humble/install/ros2cli:/home/waves/ros2_humble/install/quality_of_service_demo_py:/home/waves/ros2_humble/install/lifecycle_py:/home/waves/ros2_humble/install/launch_testing_ros:/home/waves/ros2_humble/install/launch_ros:/home/waves/ros2_humble/install/examples_rclpy_pointcloud_publisher:/home/waves/ros2_humble/install/examples_rclpy_minimal_subscriber:/home/waves/ros2_humble/install/examples_rclpy_minimal_service:/home/waves/ros2_humble/install/examples_rclpy_minimal_publisher:/home/waves/ros2_humble/install/examples_rclpy_minimal_client:/home/waves/ros2_humble/install/examples_rclpy_minimal_action_server:/home/waves/ros2_humble/install/examples_rclpy_minimal_action_client:/home/waves/ros2_humble/install/examples_rclpy_guard_conditions:/home/waves/ros2_humble/install/examples_rclpy_executors:/home/waves/ros2_humble/install/demo_nodes_py:/home/waves/ros2_humble/install/camera_info_manager_py:/home/waves/ros2_humble/install/action_tutorials_py:/home/waves/ros2_humble/install/ament_uncrustify:/home/waves/ros2_humble/install/tracetools_trace:/home/waves/ros2_humble/install/tracetools_read:/home/waves/ros2_humble/install/test_tracetools_launch:/home/waves/ros2_humble/install/test_launch_ros:/home/waves/ros2_humble/install/sensor_msgs_py:/home/waves/ros2_humble/install/rpyutils:/home/waves/ros2_humble/install/rosidl_runtime_py:/home/waves/ros2_humble/install/rosidl_cli:/home/waves/ros2_humble/install/launch_pytest:/home/waves/ros2_humble/install/launch_testing:/home/waves/ros2_humble/install/launch_yaml:/home/waves/ros2_humble/install/launch_xml:/home/waves/ros2_humble/install/launch:/home/waves/ros2_humble/install/osrf_pycommon:/home/waves/ros2_humble/install/domain_coordinator:/home/waves/ros2_humble/install/ament_xmllint:/home/waves/ros2_humble/install/ament_pyflakes:/home/waves/ros2_humble/install/ament_pycodestyle:/home/waves/ros2_humble/install/ament_pep257:/home/waves/ros2_humble/install/ament_pclint:/home/waves/ros2_humble/install/ament_package:/home/waves/ros2_humble/install/ament_mypy:/home/waves/ros2_humble/install/ament_lint_cmake:/home/waves/ros2_humble/install/ament_flake8:/home/waves/ros2_humble/install/ament_copyright:/home/waves/ros2_humble/install/ament_lint:/home/waves/ros2_humble/install/ament_index_python:/home/waves/ros2_humble/install/ament_cpplint:/home/waves/ros2_humble/install/ament_cppcheck:/home/waves/ros2_humble/install/ament_clang_tidy:/home/waves/ros2_humble/install/ament_clang_format:/home/waves/ros2_sim/install/hexapod_description:/home/waves/ros2_sim/install/hexapod:/home/waves/ros2_sim/install/franka:/home/waves/ros2_humble/install/rosbag2_storage_mcap:/home/waves/ros2_humble/install/rosbag2:/home/waves/ros2_humble/install/rosbag2_compression_zstd:/home/waves/ros2_humble/install/mcap_vendor:/home/waves/ros2_humble/install/zstd_vendor:/home/waves/ros2_humble/install/rviz_visual_testing_framework:/home/waves/ros2_humble/install/rviz2:/home/waves/ros2_humble/install/rviz_default_plugins:/home/waves/ros2_humble/install/rviz_common:/home/waves/ros2_humble/install/rosbag2_py:/home/waves/ros2_humble/install/rosbag2_transport:/home/waves/ros2_humble/install/rosbag2_storage_default_plugins:/home/waves/ros2_humble/install/rosbag2_performance_benchmarking:/home/waves/ros2_humble/install/rosbag2_compression:/home/waves/ros2_humble/install/rosbag2_cpp:/home/waves/ros2_humble/install/rosbag2_storage:/home/waves/ros2_humble/install/image_common:/home/waves/ros2_humble/install/camera_info_manager:/home/waves/ros2_humble/install/camera_calibration_parsers:/home/waves/ros2_humble/install/yaml_cpp_vendor:/home/waves/ros2_humble/install/interactive_markers:/home/waves/ros2_humble/install/common_interfaces:/home/waves/ros2_humble/install/visualization_msgs:/home/waves/ros2_humble/install/dummy_robot_bringup:/home/waves/ros2_humble/install/robot_state_publisher:/home/waves/ros2_humble/install/kdl_parser:/home/waves/ros2_humble/install/urdf:/home/waves/ros2_humble/install/urdfdom:/home/waves/ros2_humble/install/urdf_parser_plugin:/home/waves/ros2_humble/install/urdfdom_headers:/home/waves/ros2_humble/install/turtlesim:/home/waves/ros2_humble/install/geometry2:/home/waves/ros2_humble/install/tf2_sensor_msgs:/home/waves/ros2_humble/install/test_tf2:/home/waves/ros2_humble/install/tf2_kdl:/home/waves/ros2_humble/install/tf2_geometry_msgs:/home/waves/ros2_humble/install/tf2_eigen:/home/waves/ros2_humble/install/tf2_bullet:/home/waves/ros2_humble/install/tf2_ros:/home/waves/ros2_humble/install/tf2_py:/home/waves/ros2_humble/install/tf2_msgs:/home/waves/ros2_humble/install/test_msgs:/home/waves/ros2_humble/install/sros2_cmake:/home/waves/ros2_humble/install/ros2cli_common_extensions:/home/waves/ros2_humble/install/rqt_py_common:/home/waves/ros2_humble/install/rosbag2_storage_mcap_testdata:/home/waves/ros2_humble/install/ros_testing:/home/waves/ros2_humble/install/ros2cli_test_interfaces:/home/waves/ros2_humble/install/quality_of_service_demo_cpp:/home/waves/ros2_humble/install/image_transport:/home/waves/ros2_humble/install/message_filters:/home/waves/ros2_humble/install/demo_nodes_cpp:/home/waves/ros2_humble/install/composition:/home/waves/ros2_humble/install/laser_geometry:/home/waves/ros2_humble/install/rclpy:/home/waves/ros2_humble/install/examples_rclcpp_minimal_action_server:/home/waves/ros2_humble/install/examples_rclcpp_minimal_action_client:/home/waves/ros2_humble/install/action_tutorials_cpp:/home/waves/ros2_humble/install/rclcpp_action:/home/waves/ros2_humble/install/rcl_action:/home/waves/ros2_humble/install/examples_rclcpp_wait_set:/home/waves/ros2_humble/install/examples_rclcpp_minimal_service:/home/waves/ros2_humble/install/examples_rclcpp_minimal_client:/home/waves/ros2_humble/install/examples_rclcpp_async_client:/home/waves/ros2_humble/install/example_interfaces:/home/waves/ros2_humble/install/action_tutorials_interfaces:/home/waves/ros2_humble/install/action_msgs:/home/waves/ros2_humble/install/unique_identifier_msgs:/home/waves/ros2_humble/install/ament_lint_common:/home/waves/ros2_humble/install/ament_cmake_uncrustify:/home/waves/ros2_humble/install/uncrustify_vendor:/home/waves/ros2_humble/install/trajectory_msgs:/home/waves/ros2_humble/install/topic_statistics_demo:/home/waves/ros2_humble/install/pendulum_control:/home/waves/ros2_humble/install/tlsf_cpp:/home/waves/ros2_humble/install/test_tracetools:/home/waves/ros2_humble/install/rqt_gui_cpp:/home/waves/ros2_humble/install/rosbag2_test_common:/home/waves/ros2_humble/install/ros2lifecycle_test_fixtures:/home/waves/ros2_humble/install/lifecycle:/home/waves/ros2_humble/install/rclcpp_lifecycle:/home/waves/ros2_humble/install/logging_demo:/home/waves/ros2_humble/install/image_tools:/home/waves/ros2_humble/install/examples_rclcpp_minimal_subscriber:/home/waves/ros2_humble/install/examples_rclcpp_minimal_composition:/home/waves/ros2_humble/install/demo_nodes_cpp_native:/home/waves/ros2_humble/install/rclcpp_components:/home/waves/ros2_humble/install/intra_process_demo:/home/waves/ros2_humble/install/examples_rclcpp_multithreaded_executor:/home/waves/ros2_humble/install/examples_rclcpp_minimal_timer:/home/waves/ros2_humble/install/examples_rclcpp_minimal_publisher:/home/waves/ros2_humble/install/examples_rclcpp_cbg_executor:/home/waves/ros2_humble/install/dummy_sensors:/home/waves/ros2_humble/install/dummy_map_server:/home/waves/ros2_humble/install/rclcpp:/home/waves/ros2_humble/install/rcl_lifecycle:/home/waves/ros2_humble/install/libstatistics_collector:/home/waves/ros2_humble/install/rcl:/home/waves/ros2_humble/install/rmw_implementation:/home/waves/ros2_humble/install/rmw_fastrtps_dynamic_cpp:/home/waves/ros2_humble/install/rmw_fastrtps_cpp:/home/waves/ros2_humble/install/rmw_fastrtps_shared_cpp:/home/waves/ros2_humble/install/rmw_cyclonedds_cpp:/home/waves/ros2_humble/install/tracetools:/home/waves/ros2_humble/install/tlsf:/home/waves/ros2_humble/install/tinyxml_vendor:/home/waves/ros2_humble/install/qt_gui_core:/home/waves/ros2_humble/install/qt_gui_cpp:/home/waves/ros2_humble/install/pluginlib:/home/waves/ros2_humble/install/tinyxml2_vendor:/home/waves/ros2_humble/install/tf2_eigen_kdl:/home/waves/ros2_humble/install/tf2:/home/waves/ros2_humble/install/test_security:/home/waves/ros2_humble/install/test_rmw_implementation:/home/waves/ros2_humble/install/test_rclcpp:/home/waves/ros2_humble/install/test_quality_of_service:/home/waves/ros2_humble/install/test_launch_testing:/home/waves/ros2_humble/install/test_interface_files:/home/waves/ros2_humble/install/test_communication:/home/waves/ros2_humble/install/test_cli_remapping:/home/waves/ros2_humble/install/test_cli:/home/waves/ros2_humble/install/qt_gui_app:/home/waves/ros2_humble/install/qt_gui:/home/waves/ros2_humble/install/tango_icons_vendor:/home/waves/ros2_humble/install/stereo_msgs:/home/waves/ros2_humble/install/std_srvs:/home/waves/ros2_humble/install/shape_msgs:/home/waves/ros2_humble/install/map_msgs:/home/waves/ros2_humble/install/sensor_msgs:/home/waves/ros2_humble/install/nav_msgs:/home/waves/ros2_humble/install/diagnostic_msgs:/home/waves/ros2_humble/install/geometry_msgs:/home/waves/ros2_humble/install/actionlib_msgs:/home/waves/ros2_humble/install/std_msgs:/home/waves/ros2_humble/install/statistics_msgs:/home/waves/ros2_humble/install/sqlite3_vendor:/home/waves/ros2_humble/install/rcl_logging_spdlog:/home/waves/ros2_humble/install/spdlog_vendor:/home/waves/ros2_humble/install/shared_queues_vendor:/home/waves/ros2_humble/install/rviz_rendering_tests:/home/waves/ros2_humble/install/rviz_rendering:/home/waves/ros2_humble/install/rviz_ogre_vendor:/home/waves/ros2_humble/install/rviz_assimp_vendor:/home/waves/ros2_humble/install/rttest:/home/waves/ros2_humble/install/rmw_connextddsmicro:/home/waves/ros2_humble/install/rmw_connextdds:/home/waves/ros2_humble/install/rmw_connextdds_common:/home/waves/ros2_humble/install/rti_connext_dds_cmake_module:/home/waves/ros2_humble/install/rosgraph_msgs:/home/waves/ros2_humble/install/rosbag2_interfaces:/home/waves/ros2_humble/install/rmw_dds_common:/home/waves/ros2_humble/install/composition_interfaces:/home/waves/ros2_humble/install/rcl_interfaces:/home/waves/ros2_humble/install/pendulum_msgs:/home/waves/ros2_humble/install/lifecycle_msgs:/home/waves/ros2_humble/install/builtin_interfaces:/home/waves/ros2_humble/install/rosidl_default_runtime:/home/waves/ros2_humble/install/rosidl_default_generators:/home/waves/ros2_humble/install/rosidl_generator_py:/home/waves/ros2_humble/install/rosidl_typesupport_introspection_tests:/home/waves/ros2_humble/install/rosidl_typesupport_cpp:/home/waves/ros2_humble/install/rosidl_typesupport_introspection_cpp:/home/waves/ros2_humble/install/rosidl_typesupport_c:/home/waves/ros2_humble/install/rosidl_typesupport_introspection_c:/home/waves/ros2_humble/install/rosidl_typesupport_fastrtps_c:/home/waves/ros2_humble/install/rosidl_typesupport_fastrtps_cpp:/home/waves/ros2_humble/install/rosidl_generator_cpp:/home/waves/ros2_humble/install/rosidl_runtime_cpp:/home/waves/ros2_humble/install/rcl_yaml_param_parser:/home/waves/ros2_humble/install/rmw:/home/waves/ros2_humble/install/rosidl_runtime_c:/home/waves/ros2_humble/install/rosidl_generator_c:/home/waves/ros2_humble/install/rosidl_typesupport_interface:/home/waves/ros2_humble/install/rosidl_generator_dds_idl:/home/waves/ros2_humble/install/rosidl_cmake:/home/waves/ros2_humble/install/rosidl_parser:/home/waves/ros2_humble/install/rosidl_adapter:/home/waves/ros2_humble/install/rosbag2_tests:/home/waves/ros2_humble/install/ros_environment:/home/waves/ros2_humble/install/rmw_implementation_cmake:/home/waves/ros2_humble/install/resource_retriever:/home/waves/ros2_humble/install/class_loader:/home/waves/ros2_humble/install/rcpputils:/home/waves/ros2_humble/install/rcl_logging_noop:/home/waves/ros2_humble/install/rcl_logging_interface:/home/waves/ros2_humble/install/rcutils:/home/waves/ros2_humble/install/qt_gui_py_common:/home/waves/ros2_humble/install/qt_dotgraph:/home/waves/ros2_humble/install/python_qt_binding:/home/waves/ros2_humble/install/python_orocos_kdl_vendor:/home/waves/ros2_humble/install/launch_testing_ament_cmake:/home/waves/ros2_humble/install/python_cmake_module:/home/waves/ros2_humble/install/pybind11_vendor:/home/waves/ros2_humble/install/performance_test_fixture:/home/waves/ros2_humble/install/osrf_testing_tools_cpp:/home/waves/ros2_humble/install/orocos_kdl_vendor:/home/waves/ros2_humble/install/mimick_vendor:/home/waves/ros2_humble/install/libyaml_vendor:/home/waves/ros2_humble/install/libcurl_vendor:/home/waves/ros2_humble/install/keyboard_handler:/home/waves/ros2_humble/install/iceoryx_introspection:/home/waves/ros2_humble/install/cyclonedds:/home/waves/ros2_humble/install/iceoryx_posh:/home/waves/ros2_humble/install/iceoryx_hoofs:/home/waves/ros2_humble/install/iceoryx_binding_c:/home/waves/ros2_humble/install/ament_cmake_ros:/home/waves/ros2_humble/install/ament_cmake_auto:/home/waves/ros2_humble/install/ament_cmake_gmock:/home/waves/ros2_humble/install/gmock_vendor:/home/waves/ros2_humble/install/ament_cmake_gtest:/home/waves/ros2_humble/install/gtest_vendor:/home/waves/ros2_humble/install/ament_cmake_google_benchmark:/home/waves/ros2_humble/install/google_benchmark_vendor:/home/waves/ros2_humble/install/fastrtps:/home/waves/ros2_humble/install/foonathan_memory_vendor:/home/waves/ros2_humble/install/fastrtps_cmake_module:/home/waves/ros2_humble/install/fastcdr:/home/waves/ros2_humble/install/eigen3_cmake_module:/home/waves/ros2_humble/install/console_bridge_vendor:/home/waves/ros2_humble/install/ament_cmake_xmllint:/home/waves/ros2_humble/install/ament_cmake_pyflakes:/home/waves/ros2_humble/install/ament_cmake_pycodestyle:/home/waves/ros2_humble/install/ament_cmake_pep257:/home/waves/ros2_humble/install/ament_cmake_pclint:/home/waves/ros2_humble/install/ament_lint_auto:/home/waves/ros2_humble/install/ament_cmake:/home/waves/ros2_humble/install/ament_cmake_version:/home/waves/ros2_humble/install/ament_cmake_vendor_package:/home/waves/ros2_humble/install/ament_cmake_pytest:/home/waves/ros2_humble/install/ament_cmake_nose:/home/waves/ros2_humble/install/ament_cmake_mypy:/home/waves/ros2_humble/install/ament_cmake_lint_cmake:/home/waves/ros2_humble/install/ament_cmake_flake8:/home/waves/ros2_humble/install/ament_cmake_cpplint:/home/waves/ros2_humble/install/ament_cmake_cppcheck:/home/waves/ros2_humble/install/ament_cmake_copyright:/home/waves/ros2_humble/install/ament_cmake_clang_tidy:/home/waves/ros2_humble/install/ament_cmake_clang_format:/home/waves/ros2_humble/install/ament_cmake_test:/home/waves/ros2_humble/install/ament_cmake_target_dependencies:/home/waves/ros2_humble/install/ament_cmake_python:/home/waves/ros2_humble/install/ament_cmake_export_dependencies:/home/waves/ros2_humble/install/ament_cmake_libraries:/home/waves/ros2_humble/install/ament_cmake_include_directories:/home/waves/ros2_humble/install/ament_cmake_gen_version_h:/home/waves/ros2_humble/install/ament_cmake_export_targets:/home/waves/ros2_humble/install/ament_cmake_export_link_flags:/home/waves/ros2_humble/install/ament_cmake_export_interfaces:/home/waves/ros2_humble/install/ament_cmake_export_libraries:/home/waves/ros2_humble/install/ament_cmake_export_include_directories:/home/waves/ros2_humble/install/ament_cmake_export_definitions:/home/waves/ros2_humble/install/ament_cmake_core:/home/waves/ros2_humble/install/ament_index_cpp /usr/bin/cmake --build /home/waves/hexapod/build/hexapod_interfaces -- -j4 -l4
[4.301s] DEBUG:colcon.colcon_core.event_handler.log_command:Invoking command in '/home/waves/hexapod/build/hexapod_interfaces': CMAKE_PREFIX_PATH=/home/waves/hexapod/install/hexapod_services:/home/waves/hexapod/install/hexapod_control:/home/waves/hexapod/install/hexapod_interfaces:/home/waves/ros2_ws/install/video_runner:/home/waves/ros2_ws/install/robotics_class:/home/waves/ros2_ws/install/my_robot_bringup:/home/waves/ros2_ws/install/my_cpp_prac:/home/waves/ros2_ws/install/my_cpp_pkg:/home/waves/ros2_ws/install/act_5:/home/waves/ros2_ws/install/my_interface:/home/waves/ros2_ws/install/buffer:/home/waves/research/install/cobots:/home/waves/ros2_sim/install/ros2_control_demos:/home/waves/ros2_sim/install/ros2_control_demo_description:/home/waves/ros2_sim/install/my_robot_sim:/home/waves/ros2_sim/install/humanoid:/home/waves/ros2_sim/install/hopper_sim:/home/waves/ros2_sim/install/hopper_description:/home/waves/hexapod/install/hexapod_communication:/home/waves/ros2_ws/install/my_py_pkg:/opt/ros/humble:/home/waves/ros2_humble/install/rqt_bag_plugins:/home/waves/ros2_humble/install/rqt_bag:/home/waves/ros2_humble/install/launch_testing_examples:/home/waves/ros2_humble/install/ros2bag:/home/waves/ros2_humble/install/tracetools_test:/home/waves/ros2_humble/install/tracetools_launch:/home/waves/ros2_humble/install/topic_monitor:/home/waves/ros2_humble/install/tf2_tools:/home/waves/ros2_humble/install/examples_tf2_py:/home/waves/ros2_humble/install/tf2_ros_py:/home/waves/ros2_humble/install/sros2:/home/waves/ros2_humble/install/rqt_topic:/home/waves/ros2_humble/install/rqt_srv:/home/waves/ros2_humble/install/rqt_shell:/home/waves/ros2_humble/install/rqt_service_caller:/home/waves/ros2_humble/install/rqt_reconfigure:/home/waves/ros2_humble/install/rqt_py_console:/home/waves/ros2_humble/install/rqt_publisher:/home/waves/ros2_humble/install/rqt_plot:/home/waves/ros2_humble/install/rqt_action:/home/waves/ros2_humble/install/rqt_msg:/home/waves/ros2_humble/install/rqt_console:/home/waves/ros2_humble/install/rqt:/home/waves/ros2_humble/install/rqt_graph:/home/waves/ros2_humble/install/rqt_gui_py:/home/waves/ros2_humble/install/rqt_gui:/home/waves/ros2_humble/install/ros2trace:/home/waves/ros2_humble/install/ros2topic:/home/waves/ros2_humble/install/ros2test:/home/waves/ros2_humble/install/ros2component:/home/waves/ros2_humble/install/ros2param:/home/waves/ros2_humble/install/ros2lifecycle:/home/waves/ros2_humble/install/ros2service:/home/waves/ros2_humble/install/ros2run:/home/waves/ros2_humble/install/ros2launch:/home/waves/ros2_humble/install/ros2pkg:/home/waves/ros2_humble/install/ros2node:/home/waves/ros2_humble/install/ros2multicast:/home/waves/ros2_humble/install/ros2interface:/home/waves/ros2_humble/install/ros2doctor:/home/waves/ros2_humble/install/ros2action:/home/waves/ros2_humble/install/ros2cli:/home/waves/ros2_humble/install/quality_of_service_demo_py:/home/waves/ros2_humble/install/lifecycle_py:/home/waves/ros2_humble/install/launch_testing_ros:/home/waves/ros2_humble/install/launch_ros:/home/waves/ros2_humble/install/examples_rclpy_pointcloud_publisher:/home/waves/ros2_humble/install/examples_rclpy_minimal_subscriber:/home/waves/ros2_humble/install/examples_rclpy_minimal_service:/home/waves/ros2_humble/install/examples_rclpy_minimal_publisher:/home/waves/ros2_humble/install/examples_rclpy_minimal_client:/home/waves/ros2_humble/install/examples_rclpy_minimal_action_server:/home/waves/ros2_humble/install/examples_rclpy_minimal_action_client:/home/waves/ros2_humble/install/examples_rclpy_guard_conditions:/home/waves/ros2_humble/install/examples_rclpy_executors:/home/waves/ros2_humble/install/demo_nodes_py:/home/waves/ros2_humble/install/camera_info_manager_py:/home/waves/ros2_humble/install/action_tutorials_py:/home/waves/ros2_humble/install/ament_uncrustify:/home/waves/ros2_humble/install/tracetools_trace:/home/waves/ros2_humble/install/tracetools_read:/home/waves/ros2_humble/install/test_tracetools_launch:/home/waves/ros2_humble/install/test_launch_ros:/home/waves/ros2_humble/install/sensor_msgs_py:/home/waves/ros2_humble/install/rpyutils:/home/waves/ros2_humble/install/rosidl_runtime_py:/home/waves/ros2_humble/install/rosidl_cli:/home/waves/ros2_humble/install/launch_pytest:/home/waves/ros2_humble/install/launch_testing:/home/waves/ros2_humble/install/launch_yaml:/home/waves/ros2_humble/install/launch_xml:/home/waves/ros2_humble/install/launch:/home/waves/ros2_humble/install/osrf_pycommon:/home/waves/ros2_humble/install/domain_coordinator:/home/waves/ros2_humble/install/ament_xmllint:/home/waves/ros2_humble/install/ament_pyflakes:/home/waves/ros2_humble/install/ament_pycodestyle:/home/waves/ros2_humble/install/ament_pep257:/home/waves/ros2_humble/install/ament_pclint:/home/waves/ros2_humble/install/ament_package:/home/waves/ros2_humble/install/ament_mypy:/home/waves/ros2_humble/install/ament_lint_cmake:/home/waves/ros2_humble/install/ament_flake8:/home/waves/ros2_humble/install/ament_copyright:/home/waves/ros2_humble/install/ament_lint:/home/waves/ros2_humble/install/ament_index_python:/home/waves/ros2_humble/install/ament_cpplint:/home/waves/ros2_humble/install/ament_cppcheck:/home/waves/ros2_humble/install/ament_clang_tidy:/home/waves/ros2_humble/install/ament_clang_format:/home/waves/ros2_sim/install/hexapod_description:/home/waves/ros2_sim/install/hexapod:/home/waves/ros2_sim/install/franka:/home/waves/ros2_humble/install/rosbag2_storage_mcap:/home/waves/ros2_humble/install/rosbag2:/home/waves/ros2_humble/install/rosbag2_compression_zstd:/home/waves/ros2_humble/install/mcap_vendor:/home/waves/ros2_humble/install/zstd_vendor:/home/waves/ros2_humble/install/rviz_visual_testing_framework:/home/waves/ros2_humble/install/rviz2:/home/waves/ros2_humble/install/rviz_default_plugins:/home/waves/ros2_humble/install/rviz_common:/home/waves/ros2_humble/install/rosbag2_py:/home/waves/ros2_humble/install/rosbag2_transport:/home/waves/ros2_humble/install/rosbag2_storage_default_plugins:/home/waves/ros2_humble/install/rosbag2_performance_benchmarking:/home/waves/ros2_humble/install/rosbag2_compression:/home/waves/ros2_humble/install/rosbag2_cpp:/home/waves/ros2_humble/install/rosbag2_storage:/home/waves/ros2_humble/install/image_common:/home/waves/ros2_humble/install/camera_info_manager:/home/waves/ros2_humble/install/camera_calibration_parsers:/home/waves/ros2_humble/install/yaml_cpp_vendor:/home/waves/ros2_humble/install/interactive_markers:/home/waves/ros2_humble/install/common_interfaces:/home/waves/ros2_humble/install/visualization_msgs:/home/waves/ros2_humble/install/dummy_robot_bringup:/home/waves/ros2_humble/install/robot_state_publisher:/home/waves/ros2_humble/install/kdl_parser:/home/waves/ros2_humble/install/urdf:/home/waves/ros2_humble/install/urdfdom:/home/waves/ros2_humble/install/urdf_parser_plugin:/home/waves/ros2_humble/install/urdfdom_headers:/home/waves/ros2_humble/install/turtlesim:/home/waves/ros2_humble/install/geometry2:/home/waves/ros2_humble/install/tf2_sensor_msgs:/home/waves/ros2_humble/install/test_tf2:/home/waves/ros2_humble/install/tf2_kdl:/home/waves/ros2_humble/install/tf2_geometry_msgs:/home/waves/ros2_humble/install/tf2_eigen:/home/waves/ros2_humble/install/tf2_bullet:/home/waves/ros2_humble/install/tf2_ros:/home/waves/ros2_humble/install/tf2_py:/home/waves/ros2_humble/install/tf2_msgs:/home/waves/ros2_humble/install/test_msgs:/home/waves/ros2_humble/install/sros2_cmake:/home/waves/ros2_humble/install/ros2cli_common_extensions:/home/waves/ros2_humble/install/rqt_py_common:/home/waves/ros2_humble/install/rosbag2_storage_mcap_testdata:/home/waves/ros2_humble/install/ros_testing:/home/waves/ros2_humble/install/ros2cli_test_interfaces:/home/waves/ros2_humble/install/quality_of_service_demo_cpp:/home/waves/ros2_humble/install/image_transport:/home/waves/ros2_humble/install/message_filters:/home/waves/ros2_humble/install/demo_nodes_cpp:/home/waves/ros2_humble/install/composition:/home/waves/ros2_humble/install/laser_geometry:/home/waves/ros2_humble/install/rclpy:/home/waves/ros2_humble/install/examples_rclcpp_minimal_action_server:/home/waves/ros2_humble/install/examples_rclcpp_minimal_action_client:/home/waves/ros2_humble/install/action_tutorials_cpp:/home/waves/ros2_humble/install/rclcpp_action:/home/waves/ros2_humble/install/rcl_action:/home/waves/ros2_humble/install/examples_rclcpp_wait_set:/home/waves/ros2_humble/install/examples_rclcpp_minimal_service:/home/waves/ros2_humble/install/examples_rclcpp_minimal_client:/home/waves/ros2_humble/install/examples_rclcpp_async_client:/home/waves/ros2_humble/install/example_interfaces:/home/waves/ros2_humble/install/action_tutorials_interfaces:/home/waves/ros2_humble/install/action_msgs:/home/waves/ros2_humble/install/unique_identifier_msgs:/home/waves/ros2_humble/install/ament_lint_common:/home/waves/ros2_humble/install/ament_cmake_uncrustify:/home/waves/ros2_humble/install/uncrustify_vendor:/home/waves/ros2_humble/install/trajectory_msgs:/home/waves/ros2_humble/install/topic_statistics_demo:/home/waves/ros2_humble/install/pendulum_control:/home/waves/ros2_humble/install/tlsf_cpp:/home/waves/ros2_humble/install/test_tracetools:/home/waves/ros2_humble/install/rqt_gui_cpp:/home/waves/ros2_humble/install/rosbag2_test_common:/home/waves/ros2_humble/install/ros2lifecycle_test_fixtures:/home/waves/ros2_humble/install/lifecycle:/home/waves/ros2_humble/install/rclcpp_lifecycle:/home/waves/ros2_humble/install/logging_demo:/home/waves/ros2_humble/install/image_tools:/home/waves/ros2_humble/install/examples_rclcpp_minimal_subscriber:/home/waves/ros2_humble/install/examples_rclcpp_minimal_composition:/home/waves/ros2_humble/install/demo_nodes_cpp_native:/home/waves/ros2_humble/install/rclcpp_components:/home/waves/ros2_humble/install/intra_process_demo:/home/waves/ros2_humble/install/examples_rclcpp_multithreaded_executor:/home/waves/ros2_humble/install/examples_rclcpp_minimal_timer:/home/waves/ros2_humble/install/examples_rclcpp_minimal_publisher:/home/waves/ros2_humble/install/examples_rclcpp_cbg_executor:/home/waves/ros2_humble/install/dummy_sensors:/home/waves/ros2_humble/install/dummy_map_server:/home/waves/ros2_humble/install/rclcpp:/home/waves/ros2_humble/install/rcl_lifecycle:/home/waves/ros2_humble/install/libstatistics_collector:/home/waves/ros2_humble/install/rcl:/home/waves/ros2_humble/install/rmw_implementation:/home/waves/ros2_humble/install/rmw_fastrtps_dynamic_cpp:/home/waves/ros2_humble/install/rmw_fastrtps_cpp:/home/waves/ros2_humble/install/rmw_fastrtps_shared_cpp:/home/waves/ros2_humble/install/rmw_cyclonedds_cpp:/home/waves/ros2_humble/install/tracetools:/home/waves/ros2_humble/install/tlsf:/home/waves/ros2_humble/install/tinyxml_vendor:/home/waves/ros2_humble/install/qt_gui_core:/home/waves/ros2_humble/install/qt_gui_cpp:/home/waves/ros2_humble/install/pluginlib:/home/waves/ros2_humble/install/tinyxml2_vendor:/home/waves/ros2_humble/install/tf2_eigen_kdl:/home/waves/ros2_humble/install/tf2:/home/waves/ros2_humble/install/test_security:/home/waves/ros2_humble/install/test_rmw_implementation:/home/waves/ros2_humble/install/test_rclcpp:/home/waves/ros2_humble/install/test_quality_of_service:/home/waves/ros2_humble/install/test_launch_testing:/home/waves/ros2_humble/install/test_interface_files:/home/waves/ros2_humble/install/test_communication:/home/waves/ros2_humble/install/test_cli_remapping:/home/waves/ros2_humble/install/test_cli:/home/waves/ros2_humble/install/qt_gui_app:/home/waves/ros2_humble/install/qt_gui:/home/waves/ros2_humble/install/tango_icons_vendor:/home/waves/ros2_humble/install/stereo_msgs:/home/waves/ros2_humble/install/std_srvs:/home/waves/ros2_humble/install/shape_msgs:/home/waves/ros2_humble/install/map_msgs:/home/waves/ros2_humble/install/sensor_msgs:/home/waves/ros2_humble/install/nav_msgs:/home/waves/ros2_humble/install/diagnostic_msgs:/home/waves/ros2_humble/install/geometry_msgs:/home/waves/ros2_humble/install/actionlib_msgs:/home/waves/ros2_humble/install/std_msgs:/home/waves/ros2_humble/install/statistics_msgs:/home/waves/ros2_humble/install/sqlite3_vendor:/home/waves/ros2_humble/install/rcl_logging_spdlog:/home/waves/ros2_humble/install/spdlog_vendor:/home/waves/ros2_humble/install/shared_queues_vendor:/home/waves/ros2_humble/install/rviz_rendering_tests:/home/waves/ros2_humble/install/rviz_rendering:/home/waves/ros2_humble/install/rviz_ogre_vendor:/home/waves/ros2_humble/install/rviz_assimp_vendor:/home/waves/ros2_humble/install/rttest:/home/waves/ros2_humble/install/rmw_connextddsmicro:/home/waves/ros2_humble/install/rmw_connextdds:/home/waves/ros2_humble/install/rmw_connextdds_common:/home/waves/ros2_humble/install/rti_connext_dds_cmake_module:/home/waves/ros2_humble/install/rosgraph_msgs:/home/waves/ros2_humble/install/rosbag2_interfaces:/home/waves/ros2_humble/install/rmw_dds_common:/home/waves/ros2_humble/install/composition_interfaces:/home/waves/ros2_humble/install/rcl_interfaces:/home/waves/ros2_humble/install/pendulum_msgs:/home/waves/ros2_humble/install/lifecycle_msgs:/home/waves/ros2_humble/install/builtin_interfaces:/home/waves/ros2_humble/install/rosidl_default_runtime:/home/waves/ros2_humble/install/rosidl_default_generators:/home/waves/ros2_humble/install/rosidl_generator_py:/home/waves/ros2_humble/install/rosidl_typesupport_introspection_tests:/home/waves/ros2_humble/install/rosidl_typesupport_cpp:/home/waves/ros2_humble/install/rosidl_typesupport_introspection_cpp:/home/waves/ros2_humble/install/rosidl_typesupport_c:/home/waves/ros2_humble/install/rosidl_typesupport_introspection_c:/home/waves/ros2_humble/install/rosidl_typesupport_fastrtps_c:/home/waves/ros2_humble/install/rosidl_typesupport_fastrtps_cpp:/home/waves/ros2_humble/install/rosidl_generator_cpp:/home/waves/ros2_humble/install/rosidl_runtime_cpp:/home/waves/ros2_humble/install/rcl_yaml_param_parser:/home/waves/ros2_humble/install/rmw:/home/waves/ros2_humble/install/rosidl_runtime_c:/home/waves/ros2_humble/install/rosidl_generator_c:/home/waves/ros2_humble/install/rosidl_typesupport_interface:/home/waves/ros2_humble/install/rosidl_generator_dds_idl:/home/waves/ros2_humble/install/rosidl_cmake:/home/waves/ros2_humble/install/rosidl_parser:/home/waves/ros2_humble/install/rosidl_adapter:/home/waves/ros2_humble/install/rosbag2_tests:/home/waves/ros2_humble/install/ros_environment:/home/waves/ros2_humble/install/rmw_implementation_cmake:/home/waves/ros2_humble/install/resource_retriever:/home/waves/ros2_humble/install/class_loader:/home/waves/ros2_humble/install/rcpputils:/home/waves/ros2_humble/install/rcl_logging_noop:/home/waves/ros2_humble/install/rcl_logging_interface:/home/waves/ros2_humble/install/rcutils:/home/waves/ros2_humble/install/qt_gui_py_common:/home/waves/ros2_humble/install/qt_dotgraph:/home/waves/ros2_humble/install/python_qt_binding:/home/waves/ros2_humble/install/python_orocos_kdl_vendor:/home/waves/ros2_humble/install/launch_testing_ament_cmake:/home/waves/ros2_humble/install/python_cmake_module:/home/waves/ros2_humble/install/pybind11_vendor:/home/waves/ros2_humble/install/performance_test_fixture:/home/waves/ros2_humble/install/osrf_testing_tools_cpp:/home/waves/ros2_humble/install/orocos_kdl_vendor:/home/waves/ros2_humble/install/mimick_vendor:/home/waves/ros2_humble/install/libyaml_vendor:/home/waves/ros2_humble/install/libcurl_vendor:/home/waves/ros2_humble/install/keyboard_handler:/home/waves/ros2_humble/install/iceoryx_introspection:/home/waves/ros2_humble/install/cyclonedds:/home/waves/ros2_humble/install/iceoryx_posh:/home/waves/ros2_humble/install/iceoryx_hoofs:/home/waves/ros2_humble/install/iceoryx_binding_c:/home/waves/ros2_humble/install/ament_cmake_ros:/home/waves/ros2_humble/install/ament_cmake_auto:/home/waves/ros2_humble/install/ament_cmake_gmock:/home/waves/ros2_humble/install/gmock_vendor:/home/waves/ros2_humble/install/ament_cmake_gtest:/home/waves/ros2_humble/install/gtest_vendor:/home/waves/ros2_humble/install/ament_cmake_google_benchmark:/home/waves/ros2_humble/install/google_benchmark_vendor:/home/waves/ros2_humble/install/fastrtps:/home/waves/ros2_humble/install/foonathan_memory_vendor:/home/waves/ros2_humble/install/fastrtps_cmake_module:/home/waves/ros2_humble/install/fastcdr:/home/waves/ros2_humble/install/eigen3_cmake_module:/home/waves/ros2_humble/install/console_bridge_vendor:/home/waves/ros2_humble/install/ament_cmake_xmllint:/home/waves/ros2_humble/install/ament_cmake_pyflakes:/home/waves/ros2_humble/install/ament_cmake_pycodestyle:/home/waves/ros2_humble/install/ament_cmake_pep257:/home/waves/ros2_humble/install/ament_cmake_pclint:/home/waves/ros2_humble/install/ament_lint_auto:/home/waves/ros2_humble/install/ament_cmake:/home/waves/ros2_humble/install/ament_cmake_version:/home/waves/ros2_humble/install/ament_cmake_vendor_package:/home/waves/ros2_humble/install/ament_cmake_pytest:/home/waves/ros2_humble/install/ament_cmake_nose:/home/waves/ros2_humble/install/ament_cmake_mypy:/home/waves/ros2_humble/install/ament_cmake_lint_cmake:/home/waves/ros2_humble/install/ament_cmake_flake8:/home/waves/ros2_humble/install/ament_cmake_cpplint:/home/waves/ros2_humble/install/ament_cmake_cppcheck:/home/waves/ros2_humble/install/ament_cmake_copyright:/home/waves/ros2_humble/install/ament_cmake_clang_tidy:/home/waves/ros2_humble/install/ament_cmake_clang_format:/home/waves/ros2_humble/install/ament_cmake_test:/home/waves/ros2_humble/install/ament_cmake_target_dependencies:/home/waves/ros2_humble/install/ament_cmake_python:/home/waves/ros2_humble/install/ament_cmake_export_dependencies:/home/waves/ros2_humble/install/ament_cmake_libraries:/home/waves/ros2_humble/install/ament_cmake_include_directories:/home/waves/ros2_humble/install/ament_cmake_gen_version_h:/home/waves/ros2_humble/install/ament_cmake_export_targets:/home/waves/ros2_humble/install/ament_cmake_export_link_flags:/home/waves/ros2_humble/install/ament_cmake_export_interfaces:/home/waves/ros2_humble/install/ament_cmake_export_libraries:/home/waves/ros2_humble/install/ament_cmake_export_include_directories:/home/waves/ros2_humble/install/ament_cmake_export_definitions:/home/waves/ros2_humble/install/ament_cmake_core:/home/waves/ros2_humble/install/ament_index_cpp /usr/bin/cmake --install /home/waves/hexapod/build/hexapod_interfaces
[4.671s] Level 1:colcon.colcon_core.environment:create_environment_scripts_only(hexapod_interfaces)
[4.681s] Level 1:colcon.colcon_core.environment:checking '/home/waves/hexapod/install/hexapod_interfaces' for CMake module files
[4.682s] Level 1:colcon.colcon_core.environment:checking '/home/waves/hexapod/install/hexapod_interfaces' for CMake config files
[4.682s] Level 1:colcon.colcon_core.shell:create_environment_hook('hexapod_interfaces', 'cmake_prefix_path')
[4.683s] INFO:colcon.colcon_core.shell:Creating environment hook '/home/waves/hexapod/install/hexapod_interfaces/share/hexapod_interfaces/hook/cmake_prefix_path.ps1'
[4.683s] INFO:colcon.colcon_core.shell:Creating environment descriptor '/home/waves/hexapod/install/hexapod_interfaces/share/hexapod_interfaces/hook/cmake_prefix_path.dsv'
[4.684s] INFO:colcon.colcon_core.shell:Creating environment hook '/home/waves/hexapod/install/hexapod_interfaces/share/hexapod_interfaces/hook/cmake_prefix_path.sh'
[4.685s] Level 1:colcon.colcon_core.environment:checking '/home/waves/hexapod/install/hexapod_interfaces/lib'
[4.686s] Level 1:colcon.colcon_core.shell:create_environment_hook('hexapod_interfaces', 'ld_library_path_lib')
[4.687s] INFO:colcon.colcon_core.shell:Creating environment hook '/home/waves/hexapod/install/hexapod_interfaces/share/hexapod_interfaces/hook/ld_library_path_lib.ps1'
[4.688s] INFO:colcon.colcon_core.shell:Creating environment descriptor '/home/waves/hexapod/install/hexapod_interfaces/share/hexapod_interfaces/hook/ld_library_path_lib.dsv'
[4.689s] INFO:colcon.colcon_core.shell:Creating environment hook '/home/waves/hexapod/install/hexapod_interfaces/share/hexapod_interfaces/hook/ld_library_path_lib.sh'
[4.690s] Level 1:colcon.colcon_core.environment:checking '/home/waves/hexapod/install/hexapod_interfaces/bin'
[4.690s] Level 1:colcon.colcon_core.environment:checking '/home/waves/hexapod/install/hexapod_interfaces/lib/pkgconfig/hexapod_interfaces.pc'
[4.691s] Level 1:colcon.colcon_core.environment:checking '/home/waves/hexapod/install/hexapod_interfaces/lib/python3.10/site-packages'
[4.691s] Level 1:colcon.colcon_core.environment:checking '/home/waves/hexapod/install/hexapod_interfaces/bin'
[4.692s] INFO:colcon.colcon_core.shell:Creating package script '/home/waves/hexapod/install/hexapod_interfaces/share/hexapod_interfaces/package.ps1'
[4.693s] INFO:colcon.colcon_core.shell:Creating package descriptor '/home/waves/hexapod/install/hexapod_interfaces/share/hexapod_interfaces/package.dsv'
[4.694s] INFO:colcon.colcon_core.shell:Creating package script '/home/waves/hexapod/install/hexapod_interfaces/share/hexapod_interfaces/package.sh'
[4.696s] INFO:colcon.colcon_core.shell:Creating package script '/home/waves/hexapod/install/hexapod_interfaces/share/hexapod_interfaces/package.bash'
[4.697s] INFO:colcon.colcon_core.shell:Creating package script '/home/waves/hexapod/install/hexapod_interfaces/share/hexapod_interfaces/package.zsh'
[4.699s] Level 1:colcon.colcon_core.environment:create_file_with_runtime_dependencies(/home/waves/hexapod/install/hexapod_interfaces/share/colcon-core/packages/hexapod_interfaces)
[4.702s] Level 1:colcon.colcon_core.environment:create_environment_scripts_only(hexapod_interfaces)
[4.702s] Level 1:colcon.colcon_core.environment:checking '/home/waves/hexapod/install/hexapod_interfaces' for CMake module files
[4.703s] Level 1:colcon.colcon_core.environment:checking '/home/waves/hexapod/install/hexapod_interfaces' for CMake config files
[4.707s] Level 1:colcon.colcon_core.shell:create_environment_hook('hexapod_interfaces', 'cmake_prefix_path')
[4.708s] INFO:colcon.colcon_core.shell:Creating environment hook '/home/waves/hexapod/install/hexapod_interfaces/share/hexapod_interfaces/hook/cmake_prefix_path.ps1'
[4.717s] DEBUG:colcon.colcon_core.event_handler.log_command:Invoked command in '/home/waves/hexapod/build/hexapod_interfaces' returned '0': CMAKE_PREFIX_PATH=/home/waves/hexapod/install/hexapod_services:/home/waves/hexapod/install/hexapod_control:/home/waves/hexapod/install/hexapod_interfaces:/home/waves/ros2_ws/install/video_runner:/home/waves/ros2_ws/install/robotics_class:/home/waves/ros2_ws/install/my_robot_bringup:/home/waves/ros2_ws/install/my_cpp_prac:/home/waves/ros2_ws/install/my_cpp_pkg:/home/waves/ros2_ws/install/act_5:/home/waves/ros2_ws/install/my_interface:/home/waves/ros2_ws/install/buffer:/home/waves/research/install/cobots:/home/waves/ros2_sim/install/ros2_control_demos:/home/waves/ros2_sim/install/ros2_control_demo_description:/home/waves/ros2_sim/install/my_robot_sim:/home/waves/ros2_sim/install/humanoid:/home/waves/ros2_sim/install/hopper_sim:/home/waves/ros2_sim/install/hopper_description:/home/waves/hexapod/install/hexapod_communication:/home/waves/ros2_ws/install/my_py_pkg:/opt/ros/humble:/home/waves/ros2_humble/install/rqt_bag_plugins:/home/waves/ros2_humble/install/rqt_bag:/home/waves/ros2_humble/install/launch_testing_examples:/home/waves/ros2_humble/install/ros2bag:/home/waves/ros2_humble/install/tracetools_test:/home/waves/ros2_humble/install/tracetools_launch:/home/waves/ros2_humble/install/topic_monitor:/home/waves/ros2_humble/install/tf2_tools:/home/waves/ros2_humble/install/examples_tf2_py:/home/waves/ros2_humble/install/tf2_ros_py:/home/waves/ros2_humble/install/sros2:/home/waves/ros2_humble/install/rqt_topic:/home/waves/ros2_humble/install/rqt_srv:/home/waves/ros2_humble/install/rqt_shell:/home/waves/ros2_humble/install/rqt_service_caller:/home/waves/ros2_humble/install/rqt_reconfigure:/home/waves/ros2_humble/install/rqt_py_console:/home/waves/ros2_humble/install/rqt_publisher:/home/waves/ros2_humble/install/rqt_plot:/home/waves/ros2_humble/install/rqt_action:/home/waves/ros2_humble/install/rqt_msg:/home/waves/ros2_humble/install/rqt_console:/home/waves/ros2_humble/install/rqt:/home/waves/ros2_humble/install/rqt_graph:/home/waves/ros2_humble/install/rqt_gui_py:/home/waves/ros2_humble/install/rqt_gui:/home/waves/ros2_humble/install/ros2trace:/home/waves/ros2_humble/install/ros2topic:/home/waves/ros2_humble/install/ros2test:/home/waves/ros2_humble/install/ros2component:/home/waves/ros2_humble/install/ros2param:/home/waves/ros2_humble/install/ros2lifecycle:/home/waves/ros2_humble/install/ros2service:/home/waves/ros2_humble/install/ros2run:/home/waves/ros2_humble/install/ros2launch:/home/waves/ros2_humble/install/ros2pkg:/home/waves/ros2_humble/install/ros2node:/home/waves/ros2_humble/install/ros2multicast:/home/waves/ros2_humble/install/ros2interface:/home/waves/ros2_humble/install/ros2doctor:/home/waves/ros2_humble/install/ros2action:/home/waves/ros2_humble/install/ros2cli:/home/waves/ros2_humble/install/quality_of_service_demo_py:/home/waves/ros2_humble/install/lifecycle_py:/home/waves/ros2_humble/install/launch_testing_ros:/home/waves/ros2_humble/install/launch_ros:/home/waves/ros2_humble/install/examples_rclpy_pointcloud_publisher:/home/waves/ros2_humble/install/examples_rclpy_minimal_subscriber:/home/waves/ros2_humble/install/examples_rclpy_minimal_service:/home/waves/ros2_humble/install/examples_rclpy_minimal_publisher:/home/waves/ros2_humble/install/examples_rclpy_minimal_client:/home/waves/ros2_humble/install/examples_rclpy_minimal_action_server:/home/waves/ros2_humble/install/examples_rclpy_minimal_action_client:/home/waves/ros2_humble/install/examples_rclpy_guard_conditions:/home/waves/ros2_humble/install/examples_rclpy_executors:/home/waves/ros2_humble/install/demo_nodes_py:/home/waves/ros2_humble/install/camera_info_manager_py:/home/waves/ros2_humble/install/action_tutorials_py:/home/waves/ros2_humble/install/ament_uncrustify:/home/waves/ros2_humble/install/tracetools_trace:/home/waves/ros2_humble/install/tracetools_read:/home/waves/ros2_humble/install/test_tracetools_launch:/home/waves/ros2_humble/install/test_launch_ros:/home/waves/ros2_humble/install/sensor_msgs_py:/home/waves/ros2_humble/install/rpyutils:/home/waves/ros2_humble/install/rosidl_runtime_py:/home/waves/ros2_humble/install/rosidl_cli:/home/waves/ros2_humble/install/launch_pytest:/home/waves/ros2_humble/install/launch_testing:/home/waves/ros2_humble/install/launch_yaml:/home/waves/ros2_humble/install/launch_xml:/home/waves/ros2_humble/install/launch:/home/waves/ros2_humble/install/osrf_pycommon:/home/waves/ros2_humble/install/domain_coordinator:/home/waves/ros2_humble/install/ament_xmllint:/home/waves/ros2_humble/install/ament_pyflakes:/home/waves/ros2_humble/install/ament_pycodestyle:/home/waves/ros2_humble/install/ament_pep257:/home/waves/ros2_humble/install/ament_pclint:/home/waves/ros2_humble/install/ament_package:/home/waves/ros2_humble/install/ament_mypy:/home/waves/ros2_humble/install/ament_lint_cmake:/home/waves/ros2_humble/install/ament_flake8:/home/waves/ros2_humble/install/ament_copyright:/home/waves/ros2_humble/install/ament_lint:/home/waves/ros2_humble/install/ament_index_python:/home/waves/ros2_humble/install/ament_cpplint:/home/waves/ros2_humble/install/ament_cppcheck:/home/waves/ros2_humble/install/ament_clang_tidy:/home/waves/ros2_humble/install/ament_clang_format:/home/waves/ros2_sim/install/hexapod_description:/home/waves/ros2_sim/install/hexapod:/home/waves/ros2_sim/install/franka:/home/waves/ros2_humble/install/rosbag2_storage_mcap:/home/waves/ros2_humble/install/rosbag2:/home/waves/ros2_humble/install/rosbag2_compression_zstd:/home/waves/ros2_humble/install/mcap_vendor:/home/waves/ros2_humble/install/zstd_vendor:/home/waves/ros2_humble/install/rviz_visual_testing_framework:/home/waves/ros2_humble/install/rviz2:/home/waves/ros2_humble/install/rviz_default_plugins:/home/waves/ros2_humble/install/rviz_common:/home/waves/ros2_humble/install/rosbag2_py:/home/waves/ros2_humble/install/rosbag2_transport:/home/waves/ros2_humble/install/rosbag2_storage_default_plugins:/home/waves/ros2_humble/install/rosbag2_performance_benchmarking:/home/waves/ros2_humble/install/rosbag2_compression:/home/waves/ros2_humble/install/rosbag2_cpp:/home/waves/ros2_humble/install/rosbag2_storage:/home/waves/ros2_humble/install/image_common:/home/waves/ros2_humble/install/camera_info_manager:/home/waves/ros2_humble/install/camera_calibration_parsers:/home/waves/ros2_humble/install/yaml_cpp_vendor:/home/waves/ros2_humble/install/interactive_markers:/home/waves/ros2_humble/install/common_interfaces:/home/waves/ros2_humble/install/visualization_msgs:/home/waves/ros2_humble/install/dummy_robot_bringup:/home/waves/ros2_humble/install/robot_state_publisher:/home/waves/ros2_humble/install/kdl_parser:/home/waves/ros2_humble/install/urdf:/home/waves/ros2_humble/install/urdfdom:/home/waves/ros2_humble/install/urdf_parser_plugin:/home/waves/ros2_humble/install/urdfdom_headers:/home/waves/ros2_humble/install/turtlesim:/home/waves/ros2_humble/install/geometry2:/home/waves/ros2_humble/install/tf2_sensor_msgs:/home/waves/ros2_humble/install/test_tf2:/home/waves/ros2_humble/install/tf2_kdl:/home/waves/ros2_humble/install/tf2_geometry_msgs:/home/waves/ros2_humble/install/tf2_eigen:/home/waves/ros2_humble/install/tf2_bullet:/home/waves/ros2_humble/install/tf2_ros:/home/waves/ros2_humble/install/tf2_py:/home/waves/ros2_humble/install/tf2_msgs:/home/waves/ros2_humble/install/test_msgs:/home/waves/ros2_humble/install/sros2_cmake:/home/waves/ros2_humble/install/ros2cli_common_extensions:/home/waves/ros2_humble/install/rqt_py_common:/home/waves/ros2_humble/install/rosbag2_storage_mcap_testdata:/home/waves/ros2_humble/install/ros_testing:/home/waves/ros2_humble/install/ros2cli_test_interfaces:/home/waves/ros2_humble/install/quality_of_service_demo_cpp:/home/waves/ros2_humble/install/image_transport:/home/waves/ros2_humble/install/message_filters:/home/waves/ros2_humble/install/demo_nodes_cpp:/home/waves/ros2_humble/install/composition:/home/waves/ros2_humble/install/laser_geometry:/home/waves/ros2_humble/install/rclpy:/home/waves/ros2_humble/install/examples_rclcpp_minimal_action_server:/home/waves/ros2_humble/install/examples_rclcpp_minimal_action_client:/home/waves/ros2_humble/install/action_tutorials_cpp:/home/waves/ros2_humble/install/rclcpp_action:/home/waves/ros2_humble/install/rcl_action:/home/waves/ros2_humble/install/examples_rclcpp_wait_set:/home/waves/ros2_humble/install/examples_rclcpp_minimal_service:/home/waves/ros2_humble/install/examples_rclcpp_minimal_client:/home/waves/ros2_humble/install/examples_rclcpp_async_client:/home/waves/ros2_humble/install/example_interfaces:/home/waves/ros2_humble/install/action_tutorials_interfaces:/home/waves/ros2_humble/install/action_msgs:/home/waves/ros2_humble/install/unique_identifier_msgs:/home/waves/ros2_humble/install/ament_lint_common:/home/waves/ros2_humble/install/ament_cmake_uncrustify:/home/waves/ros2_humble/install/uncrustify_vendor:/home/waves/ros2_humble/install/trajectory_msgs:/home/waves/ros2_humble/install/topic_statistics_demo:/home/waves/ros2_humble/install/pendulum_control:/home/waves/ros2_humble/install/tlsf_cpp:/home/waves/ros2_humble/install/test_tracetools:/home/waves/ros2_humble/install/rqt_gui_cpp:/home/waves/ros2_humble/install/rosbag2_test_common:/home/waves/ros2_humble/install/ros2lifecycle_test_fixtures:/home/waves/ros2_humble/install/lifecycle:/home/waves/ros2_humble/install/rclcpp_lifecycle:/home/waves/ros2_humble/install/logging_demo:/home/waves/ros2_humble/install/image_tools:/home/waves/ros2_humble/install/examples_rclcpp_minimal_subscriber:/home/waves/ros2_humble/install/examples_rclcpp_minimal_composition:/home/waves/ros2_humble/install/demo_nodes_cpp_native:/home/waves/ros2_humble/install/rclcpp_components:/home/waves/ros2_humble/install/intra_process_demo:/home/waves/ros2_humble/install/examples_rclcpp_multithreaded_executor:/home/waves/ros2_humble/install/examples_rclcpp_minimal_timer:/home/waves/ros2_humble/install/examples_rclcpp_minimal_publisher:/home/waves/ros2_humble/install/examples_rclcpp_cbg_executor:/home/waves/ros2_humble/install/dummy_sensors:/home/waves/ros2_humble/install/dummy_map_server:/home/waves/ros2_humble/install/rclcpp:/home/waves/ros2_humble/install/rcl_lifecycle:/home/waves/ros2_humble/install/libstatistics_collector:/home/waves/ros2_humble/install/rcl:/home/waves/ros2_humble/install/rmw_implementation:/home/waves/ros2_humble/install/rmw_fastrtps_dynamic_cpp:/home/waves/ros2_humble/install/rmw_fastrtps_cpp:/home/waves/ros2_humble/install/rmw_fastrtps_shared_cpp:/home/waves/ros2_humble/install/rmw_cyclonedds_cpp:/home/waves/ros2_humble/install/tracetools:/home/waves/ros2_humble/install/tlsf:/home/waves/ros2_humble/install/tinyxml_vendor:/home/waves/ros2_humble/install/qt_gui_core:/home/waves/ros2_humble/install/qt_gui_cpp:/home/waves/ros2_humble/install/pluginlib:/home/waves/ros2_humble/install/tinyxml2_vendor:/home/waves/ros2_humble/install/tf2_eigen_kdl:/home/waves/ros2_humble/install/tf2:/home/waves/ros2_humble/install/test_security:/home/waves/ros2_humble/install/test_rmw_implementation:/home/waves/ros2_humble/install/test_rclcpp:/home/waves/ros2_humble/install/test_quality_of_service:/home/waves/ros2_humble/install/test_launch_testing:/home/waves/ros2_humble/install/test_interface_files:/home/waves/ros2_humble/install/test_communication:/home/waves/ros2_humble/install/test_cli_remapping:/home/waves/ros2_humble/install/test_cli:/home/waves/ros2_humble/install/qt_gui_app:/home/waves/ros2_humble/install/qt_gui:/home/waves/ros2_humble/install/tango_icons_vendor:/home/waves/ros2_humble/install/stereo_msgs:/home/waves/ros2_humble/install/std_srvs:/home/waves/ros2_humble/install/shape_msgs:/home/waves/ros2_humble/install/map_msgs:/home/waves/ros2_humble/install/sensor_msgs:/home/waves/ros2_humble/install/nav_msgs:/home/waves/ros2_humble/install/diagnostic_msgs:/home/waves/ros2_humble/install/geometry_msgs:/home/waves/ros2_humble/install/actionlib_msgs:/home/waves/ros2_humble/install/std_msgs:/home/waves/ros2_humble/install/statistics_msgs:/home/waves/ros2_humble/install/sqlite3_vendor:/home/waves/ros2_humble/install/rcl_logging_spdlog:/home/waves/ros2_humble/install/spdlog_vendor:/home/waves/ros2_humble/install/shared_queues_vendor:/home/waves/ros2_humble/install/rviz_rendering_tests:/home/waves/ros2_humble/install/rviz_rendering:/home/waves/ros2_humble/install/rviz_ogre_vendor:/home/waves/ros2_humble/install/rviz_assimp_vendor:/home/waves/ros2_humble/install/rttest:/home/waves/ros2_humble/install/rmw_connextddsmicro:/home/waves/ros2_humble/install/rmw_connextdds:/home/waves/ros2_humble/install/rmw_connextdds_common:/home/waves/ros2_humble/install/rti_connext_dds_cmake_module:/home/waves/ros2_humble/install/rosgraph_msgs:/home/waves/ros2_humble/install/rosbag2_interfaces:/home/waves/ros2_humble/install/rmw_dds_common:/home/waves/ros2_humble/install/composition_interfaces:/home/waves/ros2_humble/install/rcl_interfaces:/home/waves/ros2_humble/install/pendulum_msgs:/home/waves/ros2_humble/install/lifecycle_msgs:/home/waves/ros2_humble/install/builtin_interfaces:/home/waves/ros2_humble/install/rosidl_default_runtime:/home/waves/ros2_humble/install/rosidl_default_generators:/home/waves/ros2_humble/install/rosidl_generator_py:/home/waves/ros2_humble/install/rosidl_typesupport_introspection_tests:/home/waves/ros2_humble/install/rosidl_typesupport_cpp:/home/waves/ros2_humble/install/rosidl_typesupport_introspection_cpp:/home/waves/ros2_humble/install/rosidl_typesupport_c:/home/waves/ros2_humble/install/rosidl_typesupport_introspection_c:/home/waves/ros2_humble/install/rosidl_typesupport_fastrtps_c:/home/waves/ros2_humble/install/rosidl_typesupport_fastrtps_cpp:/home/waves/ros2_humble/install/rosidl_generator_cpp:/home/waves/ros2_humble/install/rosidl_runtime_cpp:/home/waves/ros2_humble/install/rcl_yaml_param_parser:/home/waves/ros2_humble/install/rmw:/home/waves/ros2_humble/install/rosidl_runtime_c:/home/waves/ros2_humble/install/rosidl_generator_c:/home/waves/ros2_humble/install/rosidl_typesupport_interface:/home/waves/ros2_humble/install/rosidl_generator_dds_idl:/home/waves/ros2_humble/install/rosidl_cmake:/home/waves/ros2_humble/install/rosidl_parser:/home/waves/ros2_humble/install/rosidl_adapter:/home/waves/ros2_humble/install/rosbag2_tests:/home/waves/ros2_humble/install/ros_environment:/home/waves/ros2_humble/install/rmw_implementation_cmake:/home/waves/ros2_humble/install/resource_retriever:/home/waves/ros2_humble/install/class_loader:/home/waves/ros2_humble/install/rcpputils:/home/waves/ros2_humble/install/rcl_logging_noop:/home/waves/ros2_humble/install/rcl_logging_interface:/home/waves/ros2_humble/install/rcutils:/home/waves/ros2_humble/install/qt_gui_py_common:/home/waves/ros2_humble/install/qt_dotgraph:/home/waves/ros2_humble/install/python_qt_binding:/home/waves/ros2_humble/install/python_orocos_kdl_vendor:/home/waves/ros2_humble/install/launch_testing_ament_cmake:/home/waves/ros2_humble/install/python_cmake_module:/home/waves/ros2_humble/install/pybind11_vendor:/home/waves/ros2_humble/install/performance_test_fixture:/home/waves/ros2_humble/install/osrf_testing_tools_cpp:/home/waves/ros2_humble/install/orocos_kdl_vendor:/home/waves/ros2_humble/install/mimick_vendor:/home/waves/ros2_humble/install/libyaml_vendor:/home/waves/ros2_humble/install/libcurl_vendor:/home/waves/ros2_humble/install/keyboard_handler:/home/waves/ros2_humble/install/iceoryx_introspection:/home/waves/ros2_humble/install/cyclonedds:/home/waves/ros2_humble/install/iceoryx_posh:/home/waves/ros2_humble/install/iceoryx_hoofs:/home/waves/ros2_humble/install/iceoryx_binding_c:/home/waves/ros2_humble/install/ament_cmake_ros:/home/waves/ros2_humble/install/ament_cmake_auto:/home/waves/ros2_humble/install/ament_cmake_gmock:/home/waves/ros2_humble/install/gmock_vendor:/home/waves/ros2_humble/install/ament_cmake_gtest:/home/waves/ros2_humble/install/gtest_vendor:/home/waves/ros2_humble/install/ament_cmake_google_benchmark:/home/waves/ros2_humble/install/google_benchmark_vendor:/home/waves/ros2_humble/install/fastrtps:/home/waves/ros2_humble/install/foonathan_memory_vendor:/home/waves/ros2_humble/install/fastrtps_cmake_module:/home/waves/ros2_humble/install/fastcdr:/home/waves/ros2_humble/install/eigen3_cmake_module:/home/waves/ros2_humble/install/console_bridge_vendor:/home/waves/ros2_humble/install/ament_cmake_xmllint:/home/waves/ros2_humble/install/ament_cmake_pyflakes:/home/waves/ros2_humble/install/ament_cmake_pycodestyle:/home/waves/ros2_humble/install/ament_cmake_pep257:/home/waves/ros2_humble/install/ament_cmake_pclint:/home/waves/ros2_humble/install/ament_lint_auto:/home/waves/ros2_humble/install/ament_cmake:/home/waves/ros2_humble/install/ament_cmake_version:/home/waves/ros2_humble/install/ament_cmake_vendor_package:/home/waves/ros2_humble/install/ament_cmake_pytest:/home/waves/ros2_humble/install/ament_cmake_nose:/home/waves/ros2_humble/install/ament_cmake_mypy:/home/waves/ros2_humble/install/ament_cmake_lint_cmake:/home/waves/ros2_humble/install/ament_cmake_flake8:/home/waves/ros2_humble/install/ament_cmake_cpplint:/home/waves/ros2_humble/install/ament_cmake_cppcheck:/home/waves/ros2_humble/install/ament_cmake_copyright:/home/waves/ros2_humble/install/ament_cmake_clang_tidy:/home/waves/ros2_humble/install/ament_cmake_clang_format:/home/waves/ros2_humble/install/ament_cmake_test:/home/waves/ros2_humble/install/ament_cmake_target_dependencies:/home/waves/ros2_humble/install/ament_cmake_python:/home/waves/ros2_humble/install/ament_cmake_export_dependencies:/home/waves/ros2_humble/install/ament_cmake_libraries:/home/waves/ros2_humble/install/ament_cmake_include_directories:/home/waves/ros2_humble/install/ament_cmake_gen_version_h:/home/waves/ros2_humble/install/ament_cmake_export_targets:/home/waves/ros2_humble/install/ament_cmake_export_link_flags:/home/waves/ros2_humble/install/ament_cmake_export_interfaces:/home/waves/ros2_humble/install/ament_cmake_export_libraries:/home/waves/ros2_humble/install/ament_cmake_export_include_directories:/home/waves/ros2_humble/install/ament_cmake_export_definitions:/home/waves/ros2_humble/install/ament_cmake_core:/home/waves/ros2_humble/install/ament_index_cpp /usr/bin/cmake --install /home/waves/hexapod/build/hexapod_interfaces
[4.718s] INFO:colcon.colcon_core.shell:Creating environment descriptor '/home/waves/hexapod/install/hexapod_interfaces/share/hexapod_interfaces/hook/cmake_prefix_path.dsv'
[4.719s] INFO:colcon.colcon_core.shell:Creating environment hook '/home/waves/hexapod/install/hexapod_interfaces/share/hexapod_interfaces/hook/cmake_prefix_path.sh'
[4.720s] Level 1:colcon.colcon_core.environment:checking '/home/waves/hexapod/install/hexapod_interfaces/lib'
[4.720s] Level 1:colcon.colcon_core.shell:create_environment_hook('hexapod_interfaces', 'ld_library_path_lib')
[4.721s] INFO:colcon.colcon_core.shell:Creating environment hook '/home/waves/hexapod/install/hexapod_interfaces/share/hexapod_interfaces/hook/ld_library_path_lib.ps1'
[4.721s] INFO:colcon.colcon_core.shell:Creating environment descriptor '/home/waves/hexapod/install/hexapod_interfaces/share/hexapod_interfaces/hook/ld_library_path_lib.dsv'
[4.722s] INFO:colcon.colcon_core.shell:Creating environment hook '/home/waves/hexapod/install/hexapod_interfaces/share/hexapod_interfaces/hook/ld_library_path_lib.sh'
[4.723s] Level 1:colcon.colcon_core.environment:checking '/home/waves/hexapod/install/hexapod_interfaces/bin'
[4.723s] Level 1:colcon.colcon_core.environment:checking '/home/waves/hexapod/install/hexapod_interfaces/lib/pkgconfig/hexapod_interfaces.pc'
[4.723s] Level 1:colcon.colcon_core.environment:checking '/home/waves/hexapod/install/hexapod_interfaces/lib/python3.10/site-packages'
[4.723s] Level 1:colcon.colcon_core.environment:checking '/home/waves/hexapod/install/hexapod_interfaces/bin'
[4.724s] INFO:colcon.colcon_core.shell:Creating package script '/home/waves/hexapod/install/hexapod_interfaces/share/hexapod_interfaces/package.ps1'
[4.724s] INFO:colcon.colcon_core.shell:Creating package descriptor '/home/waves/hexapod/install/hexapod_interfaces/share/hexapod_interfaces/package.dsv'
[4.725s] INFO:colcon.colcon_core.shell:Creating package script '/home/waves/hexapod/install/hexapod_interfaces/share/hexapod_interfaces/package.sh'
[4.726s] INFO:colcon.colcon_core.shell:Creating package script '/home/waves/hexapod/install/hexapod_interfaces/share/hexapod_interfaces/package.bash'
[4.727s] INFO:colcon.colcon_core.shell:Creating package script '/home/waves/hexapod/install/hexapod_interfaces/share/hexapod_interfaces/package.zsh'
[4.728s] Level 1:colcon.colcon_core.environment:create_file_with_runtime_dependencies(/home/waves/hexapod/install/hexapod_interfaces/share/colcon-core/packages/hexapod_interfaces)
[4.728s] INFO:colcon.colcon_ros.task.ament_cmake.build:Building ROS package in '/home/waves/hexapod/src/hexapod_control' with build type 'ament_cmake'
[4.728s] INFO:colcon.colcon_cmake.task.cmake.build:Building CMake package in '/home/waves/hexapod/src/hexapod_control'
[4.729s] INFO:colcon.colcon_core.shell:Skip shell extension 'powershell' for command environment: Not usable outside of PowerShell
[4.729s] DEBUG:colcon.colcon_core.shell:Skip shell extension 'dsv' for command environment
[4.783s] INFO:colcon.colcon_ros.task.ament_cmake.build:Building ROS package in '/home/waves/hexapod/src/hexapod_services' with build type 'ament_cmake'
[4.784s] INFO:colcon.colcon_cmake.task.cmake.build:Building CMake package in '/home/waves/hexapod/src/hexapod_services'
[4.784s] INFO:colcon.colcon_core.shell:Skip shell extension 'powershell' for command environment: Not usable outside of PowerShell
[4.784s] DEBUG:colcon.colcon_core.shell:Skip shell extension 'dsv' for command environment
[4.996s] DEBUG:colcon.colcon_core.event_handler.log_command:Invoking command in '/home/waves/hexapod/build/hexapod_control': CMAKE_PREFIX_PATH=/home/waves/hexapod/install/hexapod_interfaces:/home/waves/hexapod/install/hexapod_services:/home/waves/hexapod/install/hexapod_control:/home/waves/ros2_ws/install/video_runner:/home/waves/ros2_ws/install/robotics_class:/home/waves/ros2_ws/install/my_robot_bringup:/home/waves/ros2_ws/install/my_cpp_prac:/home/waves/ros2_ws/install/my_cpp_pkg:/home/waves/ros2_ws/install/act_5:/home/waves/ros2_ws/install/my_interface:/home/waves/ros2_ws/install/buffer:/home/waves/research/install/cobots:/home/waves/ros2_sim/install/ros2_control_demos:/home/waves/ros2_sim/install/ros2_control_demo_description:/home/waves/ros2_sim/install/my_robot_sim:/home/waves/ros2_sim/install/humanoid:/home/waves/ros2_sim/install/hopper_sim:/home/waves/ros2_sim/install/hopper_description:/home/waves/hexapod/install/hexapod_communication:/home/waves/ros2_ws/install/my_py_pkg:/opt/ros/humble:/home/waves/ros2_humble/install/rqt_bag_plugins:/home/waves/ros2_humble/install/rqt_bag:/home/waves/ros2_humble/install/launch_testing_examples:/home/waves/ros2_humble/install/ros2bag:/home/waves/ros2_humble/install/tracetools_test:/home/waves/ros2_humble/install/tracetools_launch:/home/waves/ros2_humble/install/topic_monitor:/home/waves/ros2_humble/install/tf2_tools:/home/waves/ros2_humble/install/examples_tf2_py:/home/waves/ros2_humble/install/tf2_ros_py:/home/waves/ros2_humble/install/sros2:/home/waves/ros2_humble/install/rqt_topic:/home/waves/ros2_humble/install/rqt_srv:/home/waves/ros2_humble/install/rqt_shell:/home/waves/ros2_humble/install/rqt_service_caller:/home/waves/ros2_humble/install/rqt_reconfigure:/home/waves/ros2_humble/install/rqt_py_console:/home/waves/ros2_humble/install/rqt_publisher:/home/waves/ros2_humble/install/rqt_plot:/home/waves/ros2_humble/install/rqt_action:/home/waves/ros2_humble/install/rqt_msg:/home/waves/ros2_humble/install/rqt_console:/home/waves/ros2_humble/install/rqt:/home/waves/ros2_humble/install/rqt_graph:/home/waves/ros2_humble/install/rqt_gui_py:/home/waves/ros2_humble/install/rqt_gui:/home/waves/ros2_humble/install/ros2trace:/home/waves/ros2_humble/install/ros2topic:/home/waves/ros2_humble/install/ros2test:/home/waves/ros2_humble/install/ros2component:/home/waves/ros2_humble/install/ros2param:/home/waves/ros2_humble/install/ros2lifecycle:/home/waves/ros2_humble/install/ros2service:/home/waves/ros2_humble/install/ros2run:/home/waves/ros2_humble/install/ros2launch:/home/waves/ros2_humble/install/ros2pkg:/home/waves/ros2_humble/install/ros2node:/home/waves/ros2_humble/install/ros2multicast:/home/waves/ros2_humble/install/ros2interface:/home/waves/ros2_humble/install/ros2doctor:/home/waves/ros2_humble/install/ros2action:/home/waves/ros2_humble/install/ros2cli:/home/waves/ros2_humble/install/quality_of_service_demo_py:/home/waves/ros2_humble/install/lifecycle_py:/home/waves/ros2_humble/install/launch_testing_ros:/home/waves/ros2_humble/install/launch_ros:/home/waves/ros2_humble/install/examples_rclpy_pointcloud_publisher:/home/waves/ros2_humble/install/examples_rclpy_minimal_subscriber:/home/waves/ros2_humble/install/examples_rclpy_minimal_service:/home/waves/ros2_humble/install/examples_rclpy_minimal_publisher:/home/waves/ros2_humble/install/examples_rclpy_minimal_client:/home/waves/ros2_humble/install/examples_rclpy_minimal_action_server:/home/waves/ros2_humble/install/examples_rclpy_minimal_action_client:/home/waves/ros2_humble/install/examples_rclpy_guard_conditions:/home/waves/ros2_humble/install/examples_rclpy_executors:/home/waves/ros2_humble/install/demo_nodes_py:/home/waves/ros2_humble/install/camera_info_manager_py:/home/waves/ros2_humble/install/action_tutorials_py:/home/waves/ros2_humble/install/ament_uncrustify:/home/waves/ros2_humble/install/tracetools_trace:/home/waves/ros2_humble/install/tracetools_read:/home/waves/ros2_humble/install/test_tracetools_launch:/home/waves/ros2_humble/install/test_launch_ros:/home/waves/ros2_humble/install/sensor_msgs_py:/home/waves/ros2_humble/install/rpyutils:/home/waves/ros2_humble/install/rosidl_runtime_py:/home/waves/ros2_humble/install/rosidl_cli:/home/waves/ros2_humble/install/launch_pytest:/home/waves/ros2_humble/install/launch_testing:/home/waves/ros2_humble/install/launch_yaml:/home/waves/ros2_humble/install/launch_xml:/home/waves/ros2_humble/install/launch:/home/waves/ros2_humble/install/osrf_pycommon:/home/waves/ros2_humble/install/domain_coordinator:/home/waves/ros2_humble/install/ament_xmllint:/home/waves/ros2_humble/install/ament_pyflakes:/home/waves/ros2_humble/install/ament_pycodestyle:/home/waves/ros2_humble/install/ament_pep257:/home/waves/ros2_humble/install/ament_pclint:/home/waves/ros2_humble/install/ament_package:/home/waves/ros2_humble/install/ament_mypy:/home/waves/ros2_humble/install/ament_lint_cmake:/home/waves/ros2_humble/install/ament_flake8:/home/waves/ros2_humble/install/ament_copyright:/home/waves/ros2_humble/install/ament_lint:/home/waves/ros2_humble/install/ament_index_python:/home/waves/ros2_humble/install/ament_cpplint:/home/waves/ros2_humble/install/ament_cppcheck:/home/waves/ros2_humble/install/ament_clang_tidy:/home/waves/ros2_humble/install/ament_clang_format:/home/waves/ros2_sim/install/hexapod_description:/home/waves/ros2_sim/install/hexapod:/home/waves/ros2_sim/install/franka:/home/waves/ros2_humble/install/rosbag2_storage_mcap:/home/waves/ros2_humble/install/rosbag2:/home/waves/ros2_humble/install/rosbag2_compression_zstd:/home/waves/ros2_humble/install/mcap_vendor:/home/waves/ros2_humble/install/zstd_vendor:/home/waves/ros2_humble/install/rviz_visual_testing_framework:/home/waves/ros2_humble/install/rviz2:/home/waves/ros2_humble/install/rviz_default_plugins:/home/waves/ros2_humble/install/rviz_common:/home/waves/ros2_humble/install/rosbag2_py:/home/waves/ros2_humble/install/rosbag2_transport:/home/waves/ros2_humble/install/rosbag2_storage_default_plugins:/home/waves/ros2_humble/install/rosbag2_performance_benchmarking:/home/waves/ros2_humble/install/rosbag2_compression:/home/waves/ros2_humble/install/rosbag2_cpp:/home/waves/ros2_humble/install/rosbag2_storage:/home/waves/ros2_humble/install/image_common:/home/waves/ros2_humble/install/camera_info_manager:/home/waves/ros2_humble/install/camera_calibration_parsers:/home/waves/ros2_humble/install/yaml_cpp_vendor:/home/waves/ros2_humble/install/interactive_markers:/home/waves/ros2_humble/install/common_interfaces:/home/waves/ros2_humble/install/visualization_msgs:/home/waves/ros2_humble/install/dummy_robot_bringup:/home/waves/ros2_humble/install/robot_state_publisher:/home/waves/ros2_humble/install/kdl_parser:/home/waves/ros2_humble/install/urdf:/home/waves/ros2_humble/install/urdfdom:/home/waves/ros2_humble/install/urdf_parser_plugin:/home/waves/ros2_humble/install/urdfdom_headers:/home/waves/ros2_humble/install/turtlesim:/home/waves/ros2_humble/install/geometry2:/home/waves/ros2_humble/install/tf2_sensor_msgs:/home/waves/ros2_humble/install/test_tf2:/home/waves/ros2_humble/install/tf2_kdl:/home/waves/ros2_humble/install/tf2_geometry_msgs:/home/waves/ros2_humble/install/tf2_eigen:/home/waves/ros2_humble/install/tf2_bullet:/home/waves/ros2_humble/install/tf2_ros:/home/waves/ros2_humble/install/tf2_py:/home/waves/ros2_humble/install/tf2_msgs:/home/waves/ros2_humble/install/test_msgs:/home/waves/ros2_humble/install/sros2_cmake:/home/waves/ros2_humble/install/ros2cli_common_extensions:/home/waves/ros2_humble/install/rqt_py_common:/home/waves/ros2_humble/install/rosbag2_storage_mcap_testdata:/home/waves/ros2_humble/install/ros_testing:/home/waves/ros2_humble/install/ros2cli_test_interfaces:/home/waves/ros2_humble/install/quality_of_service_demo_cpp:/home/waves/ros2_humble/install/image_transport:/home/waves/ros2_humble/install/message_filters:/home/waves/ros2_humble/install/demo_nodes_cpp:/home/waves/ros2_humble/install/composition:/home/waves/ros2_humble/install/laser_geometry:/home/waves/ros2_humble/install/rclpy:/home/waves/ros2_humble/install/examples_rclcpp_minimal_action_server:/home/waves/ros2_humble/install/examples_rclcpp_minimal_action_client:/home/waves/ros2_humble/install/action_tutorials_cpp:/home/waves/ros2_humble/install/rclcpp_action:/home/waves/ros2_humble/install/rcl_action:/home/waves/ros2_humble/install/examples_rclcpp_wait_set:/home/waves/ros2_humble/install/examples_rclcpp_minimal_service:/home/waves/ros2_humble/install/examples_rclcpp_minimal_client:/home/waves/ros2_humble/install/examples_rclcpp_async_client:/home/waves/ros2_humble/install/example_interfaces:/home/waves/ros2_humble/install/action_tutorials_interfaces:/home/waves/ros2_humble/install/action_msgs:/home/waves/ros2_humble/install/unique_identifier_msgs:/home/waves/ros2_humble/install/ament_lint_common:/home/waves/ros2_humble/install/ament_cmake_uncrustify:/home/waves/ros2_humble/install/uncrustify_vendor:/home/waves/ros2_humble/install/trajectory_msgs:/home/waves/ros2_humble/install/topic_statistics_demo:/home/waves/ros2_humble/install/pendulum_control:/home/waves/ros2_humble/install/tlsf_cpp:/home/waves/ros2_humble/install/test_tracetools:/home/waves/ros2_humble/install/rqt_gui_cpp:/home/waves/ros2_humble/install/rosbag2_test_common:/home/waves/ros2_humble/install/ros2lifecycle_test_fixtures:/home/waves/ros2_humble/install/lifecycle:/home/waves/ros2_humble/install/rclcpp_lifecycle:/home/waves/ros2_humble/install/logging_demo:/home/waves/ros2_humble/install/image_tools:/home/waves/ros2_humble/install/examples_rclcpp_minimal_subscriber:/home/waves/ros2_humble/install/examples_rclcpp_minimal_composition:/home/waves/ros2_humble/install/demo_nodes_cpp_native:/home/waves/ros2_humble/install/rclcpp_components:/home/waves/ros2_humble/install/intra_process_demo:/home/waves/ros2_humble/install/examples_rclcpp_multithreaded_executor:/home/waves/ros2_humble/install/examples_rclcpp_minimal_timer:/home/waves/ros2_humble/install/examples_rclcpp_minimal_publisher:/home/waves/ros2_humble/install/examples_rclcpp_cbg_executor:/home/waves/ros2_humble/install/dummy_sensors:/home/waves/ros2_humble/install/dummy_map_server:/home/waves/ros2_humble/install/rclcpp:/home/waves/ros2_humble/install/rcl_lifecycle:/home/waves/ros2_humble/install/libstatistics_collector:/home/waves/ros2_humble/install/rcl:/home/waves/ros2_humble/install/rmw_implementation:/home/waves/ros2_humble/install/rmw_fastrtps_dynamic_cpp:/home/waves/ros2_humble/install/rmw_fastrtps_cpp:/home/waves/ros2_humble/install/rmw_fastrtps_shared_cpp:/home/waves/ros2_humble/install/rmw_cyclonedds_cpp:/home/waves/ros2_humble/install/tracetools:/home/waves/ros2_humble/install/tlsf:/home/waves/ros2_humble/install/tinyxml_vendor:/home/waves/ros2_humble/install/qt_gui_core:/home/waves/ros2_humble/install/qt_gui_cpp:/home/waves/ros2_humble/install/pluginlib:/home/waves/ros2_humble/install/tinyxml2_vendor:/home/waves/ros2_humble/install/tf2_eigen_kdl:/home/waves/ros2_humble/install/tf2:/home/waves/ros2_humble/install/test_security:/home/waves/ros2_humble/install/test_rmw_implementation:/home/waves/ros2_humble/install/test_rclcpp:/home/waves/ros2_humble/install/test_quality_of_service:/home/waves/ros2_humble/install/test_launch_testing:/home/waves/ros2_humble/install/test_interface_files:/home/waves/ros2_humble/install/test_communication:/home/waves/ros2_humble/install/test_cli_remapping:/home/waves/ros2_humble/install/test_cli:/home/waves/ros2_humble/install/qt_gui_app:/home/waves/ros2_humble/install/qt_gui:/home/waves/ros2_humble/install/tango_icons_vendor:/home/waves/ros2_humble/install/stereo_msgs:/home/waves/ros2_humble/install/std_srvs:/home/waves/ros2_humble/install/shape_msgs:/home/waves/ros2_humble/install/map_msgs:/home/waves/ros2_humble/install/sensor_msgs:/home/waves/ros2_humble/install/nav_msgs:/home/waves/ros2_humble/install/diagnostic_msgs:/home/waves/ros2_humble/install/geometry_msgs:/home/waves/ros2_humble/install/actionlib_msgs:/home/waves/ros2_humble/install/std_msgs:/home/waves/ros2_humble/install/statistics_msgs:/home/waves/ros2_humble/install/sqlite3_vendor:/home/waves/ros2_humble/install/rcl_logging_spdlog:/home/waves/ros2_humble/install/spdlog_vendor:/home/waves/ros2_humble/install/shared_queues_vendor:/home/waves/ros2_humble/install/rviz_rendering_tests:/home/waves/ros2_humble/install/rviz_rendering:/home/waves/ros2_humble/install/rviz_ogre_vendor:/home/waves/ros2_humble/install/rviz_assimp_vendor:/home/waves/ros2_humble/install/rttest:/home/waves/ros2_humble/install/rmw_connextddsmicro:/home/waves/ros2_humble/install/rmw_connextdds:/home/waves/ros2_humble/install/rmw_connextdds_common:/home/waves/ros2_humble/install/rti_connext_dds_cmake_module:/home/waves/ros2_humble/install/rosgraph_msgs:/home/waves/ros2_humble/install/rosbag2_interfaces:/home/waves/ros2_humble/install/rmw_dds_common:/home/waves/ros2_humble/install/composition_interfaces:/home/waves/ros2_humble/install/rcl_interfaces:/home/waves/ros2_humble/install/pendulum_msgs:/home/waves/ros2_humble/install/lifecycle_msgs:/home/waves/ros2_humble/install/builtin_interfaces:/home/waves/ros2_humble/install/rosidl_default_runtime:/home/waves/ros2_humble/install/rosidl_default_generators:/home/waves/ros2_humble/install/rosidl_generator_py:/home/waves/ros2_humble/install/rosidl_typesupport_introspection_tests:/home/waves/ros2_humble/install/rosidl_typesupport_cpp:/home/waves/ros2_humble/install/rosidl_typesupport_introspection_cpp:/home/waves/ros2_humble/install/rosidl_typesupport_c:/home/waves/ros2_humble/install/rosidl_typesupport_introspection_c:/home/waves/ros2_humble/install/rosidl_typesupport_fastrtps_c:/home/waves/ros2_humble/install/rosidl_typesupport_fastrtps_cpp:/home/waves/ros2_humble/install/rosidl_generator_cpp:/home/waves/ros2_humble/install/rosidl_runtime_cpp:/home/waves/ros2_humble/install/rcl_yaml_param_parser:/home/waves/ros2_humble/install/rmw:/home/waves/ros2_humble/install/rosidl_runtime_c:/home/waves/ros2_humble/install/rosidl_generator_c:/home/waves/ros2_humble/install/rosidl_typesupport_interface:/home/waves/ros2_humble/install/rosidl_generator_dds_idl:/home/waves/ros2_humble/install/rosidl_cmake:/home/waves/ros2_humble/install/rosidl_parser:/home/waves/ros2_humble/install/rosidl_adapter:/home/waves/ros2_humble/install/rosbag2_tests:/home/waves/ros2_humble/install/ros_environment:/home/waves/ros2_humble/install/rmw_implementation_cmake:/home/waves/ros2_humble/install/resource_retriever:/home/waves/ros2_humble/install/class_loader:/home/waves/ros2_humble/install/rcpputils:/home/waves/ros2_humble/install/rcl_logging_noop:/home/waves/ros2_humble/install/rcl_logging_interface:/home/waves/ros2_humble/install/rcutils:/home/waves/ros2_humble/install/qt_gui_py_common:/home/waves/ros2_humble/install/qt_dotgraph:/home/waves/ros2_humble/install/python_qt_binding:/home/waves/ros2_humble/install/python_orocos_kdl_vendor:/home/waves/ros2_humble/install/launch_testing_ament_cmake:/home/waves/ros2_humble/install/python_cmake_module:/home/waves/ros2_humble/install/pybind11_vendor:/home/waves/ros2_humble/install/performance_test_fixture:/home/waves/ros2_humble/install/osrf_testing_tools_cpp:/home/waves/ros2_humble/install/orocos_kdl_vendor:/home/waves/ros2_humble/install/mimick_vendor:/home/waves/ros2_humble/install/libyaml_vendor:/home/waves/ros2_humble/install/libcurl_vendor:/home/waves/ros2_humble/install/keyboard_handler:/home/waves/ros2_humble/install/iceoryx_introspection:/home/waves/ros2_humble/install/cyclonedds:/home/waves/ros2_humble/install/iceoryx_posh:/home/waves/ros2_humble/install/iceoryx_hoofs:/home/waves/ros2_humble/install/iceoryx_binding_c:/home/waves/ros2_humble/install/ament_cmake_ros:/home/waves/ros2_humble/install/ament_cmake_auto:/home/waves/ros2_humble/install/ament_cmake_gmock:/home/waves/ros2_humble/install/gmock_vendor:/home/waves/ros2_humble/install/ament_cmake_gtest:/home/waves/ros2_humble/install/gtest_vendor:/home/waves/ros2_humble/install/ament_cmake_google_benchmark:/home/waves/ros2_humble/install/google_benchmark_vendor:/home/waves/ros2_humble/install/fastrtps:/home/waves/ros2_humble/install/foonathan_memory_vendor:/home/waves/ros2_humble/install/fastrtps_cmake_module:/home/waves/ros2_humble/install/fastcdr:/home/waves/ros2_humble/install/eigen3_cmake_module:/home/waves/ros2_humble/install/console_bridge_vendor:/home/waves/ros2_humble/install/ament_cmake_xmllint:/home/waves/ros2_humble/install/ament_cmake_pyflakes:/home/waves/ros2_humble/install/ament_cmake_pycodestyle:/home/waves/ros2_humble/install/ament_cmake_pep257:/home/waves/ros2_humble/install/ament_cmake_pclint:/home/waves/ros2_humble/install/ament_lint_auto:/home/waves/ros2_humble/install/ament_cmake:/home/waves/ros2_humble/install/ament_cmake_version:/home/waves/ros2_humble/install/ament_cmake_vendor_package:/home/waves/ros2_humble/install/ament_cmake_pytest:/home/waves/ros2_humble/install/ament_cmake_nose:/home/waves/ros2_humble/install/ament_cmake_mypy:/home/waves/ros2_humble/install/ament_cmake_lint_cmake:/home/waves/ros2_humble/install/ament_cmake_flake8:/home/waves/ros2_humble/install/ament_cmake_cpplint:/home/waves/ros2_humble/install/ament_cmake_cppcheck:/home/waves/ros2_humble/install/ament_cmake_copyright:/home/waves/ros2_humble/install/ament_cmake_clang_tidy:/home/waves/ros2_humble/install/ament_cmake_clang_format:/home/waves/ros2_humble/install/ament_cmake_test:/home/waves/ros2_humble/install/ament_cmake_target_dependencies:/home/waves/ros2_humble/install/ament_cmake_python:/home/waves/ros2_humble/install/ament_cmake_export_dependencies:/home/waves/ros2_humble/install/ament_cmake_libraries:/home/waves/ros2_humble/install/ament_cmake_include_directories:/home/waves/ros2_humble/install/ament_cmake_gen_version_h:/home/waves/ros2_humble/install/ament_cmake_export_targets:/home/waves/ros2_humble/install/ament_cmake_export_link_flags:/home/waves/ros2_humble/install/ament_cmake_export_interfaces:/home/waves/ros2_humble/install/ament_cmake_export_libraries:/home/waves/ros2_humble/install/ament_cmake_export_include_directories:/home/waves/ros2_humble/install/ament_cmake_export_definitions:/home/waves/ros2_humble/install/ament_cmake_core:/home/waves/ros2_humble/install/ament_index_cpp /usr/bin/cmake --build /home/waves/hexapod/build/hexapod_control -- -j4 -l4
[5.035s] DEBUG:colcon.colcon_core.event_handler.log_command:Invoking command in '/home/waves/hexapod/build/hexapod_services': CMAKE_PREFIX_PATH=/home/waves/hexapod/install/hexapod_interfaces:/home/waves/hexapod/install/hexapod_services:/home/waves/hexapod/install/hexapod_control:/home/waves/ros2_ws/install/video_runner:/home/waves/ros2_ws/install/robotics_class:/home/waves/ros2_ws/install/my_robot_bringup:/home/waves/ros2_ws/install/my_cpp_prac:/home/waves/ros2_ws/install/my_cpp_pkg:/home/waves/ros2_ws/install/act_5:/home/waves/ros2_ws/install/my_interface:/home/waves/ros2_ws/install/buffer:/home/waves/research/install/cobots:/home/waves/ros2_sim/install/ros2_control_demos:/home/waves/ros2_sim/install/ros2_control_demo_description:/home/waves/ros2_sim/install/my_robot_sim:/home/waves/ros2_sim/install/humanoid:/home/waves/ros2_sim/install/hopper_sim:/home/waves/ros2_sim/install/hopper_description:/home/waves/hexapod/install/hexapod_communication:/home/waves/ros2_ws/install/my_py_pkg:/opt/ros/humble:/home/waves/ros2_humble/install/rqt_bag_plugins:/home/waves/ros2_humble/install/rqt_bag:/home/waves/ros2_humble/install/launch_testing_examples:/home/waves/ros2_humble/install/ros2bag:/home/waves/ros2_humble/install/tracetools_test:/home/waves/ros2_humble/install/tracetools_launch:/home/waves/ros2_humble/install/topic_monitor:/home/waves/ros2_humble/install/tf2_tools:/home/waves/ros2_humble/install/examples_tf2_py:/home/waves/ros2_humble/install/tf2_ros_py:/home/waves/ros2_humble/install/sros2:/home/waves/ros2_humble/install/rqt_topic:/home/waves/ros2_humble/install/rqt_srv:/home/waves/ros2_humble/install/rqt_shell:/home/waves/ros2_humble/install/rqt_service_caller:/home/waves/ros2_humble/install/rqt_reconfigure:/home/waves/ros2_humble/install/rqt_py_console:/home/waves/ros2_humble/install/rqt_publisher:/home/waves/ros2_humble/install/rqt_plot:/home/waves/ros2_humble/install/rqt_action:/home/waves/ros2_humble/install/rqt_msg:/home/waves/ros2_humble/install/rqt_console:/home/waves/ros2_humble/install/rqt:/home/waves/ros2_humble/install/rqt_graph:/home/waves/ros2_humble/install/rqt_gui_py:/home/waves/ros2_humble/install/rqt_gui:/home/waves/ros2_humble/install/ros2trace:/home/waves/ros2_humble/install/ros2topic:/home/waves/ros2_humble/install/ros2test:/home/waves/ros2_humble/install/ros2component:/home/waves/ros2_humble/install/ros2param:/home/waves/ros2_humble/install/ros2lifecycle:/home/waves/ros2_humble/install/ros2service:/home/waves/ros2_humble/install/ros2run:/home/waves/ros2_humble/install/ros2launch:/home/waves/ros2_humble/install/ros2pkg:/home/waves/ros2_humble/install/ros2node:/home/waves/ros2_humble/install/ros2multicast:/home/waves/ros2_humble/install/ros2interface:/home/waves/ros2_humble/install/ros2doctor:/home/waves/ros2_humble/install/ros2action:/home/waves/ros2_humble/install/ros2cli:/home/waves/ros2_humble/install/quality_of_service_demo_py:/home/waves/ros2_humble/install/lifecycle_py:/home/waves/ros2_humble/install/launch_testing_ros:/home/waves/ros2_humble/install/launch_ros:/home/waves/ros2_humble/install/examples_rclpy_pointcloud_publisher:/home/waves/ros2_humble/install/examples_rclpy_minimal_subscriber:/home/waves/ros2_humble/install/examples_rclpy_minimal_service:/home/waves/ros2_humble/install/examples_rclpy_minimal_publisher:/home/waves/ros2_humble/install/examples_rclpy_minimal_client:/home/waves/ros2_humble/install/examples_rclpy_minimal_action_server:/home/waves/ros2_humble/install/examples_rclpy_minimal_action_client:/home/waves/ros2_humble/install/examples_rclpy_guard_conditions:/home/waves/ros2_humble/install/examples_rclpy_executors:/home/waves/ros2_humble/install/demo_nodes_py:/home/waves/ros2_humble/install/camera_info_manager_py:/home/waves/ros2_humble/install/action_tutorials_py:/home/waves/ros2_humble/install/ament_uncrustify:/home/waves/ros2_humble/install/tracetools_trace:/home/waves/ros2_humble/install/tracetools_read:/home/waves/ros2_humble/install/test_tracetools_launch:/home/waves/ros2_humble/install/test_launch_ros:/home/waves/ros2_humble/install/sensor_msgs_py:/home/waves/ros2_humble/install/rpyutils:/home/waves/ros2_humble/install/rosidl_runtime_py:/home/waves/ros2_humble/install/rosidl_cli:/home/waves/ros2_humble/install/launch_pytest:/home/waves/ros2_humble/install/launch_testing:/home/waves/ros2_humble/install/launch_yaml:/home/waves/ros2_humble/install/launch_xml:/home/waves/ros2_humble/install/launch:/home/waves/ros2_humble/install/osrf_pycommon:/home/waves/ros2_humble/install/domain_coordinator:/home/waves/ros2_humble/install/ament_xmllint:/home/waves/ros2_humble/install/ament_pyflakes:/home/waves/ros2_humble/install/ament_pycodestyle:/home/waves/ros2_humble/install/ament_pep257:/home/waves/ros2_humble/install/ament_pclint:/home/waves/ros2_humble/install/ament_package:/home/waves/ros2_humble/install/ament_mypy:/home/waves/ros2_humble/install/ament_lint_cmake:/home/waves/ros2_humble/install/ament_flake8:/home/waves/ros2_humble/install/ament_copyright:/home/waves/ros2_humble/install/ament_lint:/home/waves/ros2_humble/install/ament_index_python:/home/waves/ros2_humble/install/ament_cpplint:/home/waves/ros2_humble/install/ament_cppcheck:/home/waves/ros2_humble/install/ament_clang_tidy:/home/waves/ros2_humble/install/ament_clang_format:/home/waves/ros2_sim/install/hexapod_description:/home/waves/ros2_sim/install/hexapod:/home/waves/ros2_sim/install/franka:/home/waves/ros2_humble/install/rosbag2_storage_mcap:/home/waves/ros2_humble/install/rosbag2:/home/waves/ros2_humble/install/rosbag2_compression_zstd:/home/waves/ros2_humble/install/mcap_vendor:/home/waves/ros2_humble/install/zstd_vendor:/home/waves/ros2_humble/install/rviz_visual_testing_framework:/home/waves/ros2_humble/install/rviz2:/home/waves/ros2_humble/install/rviz_default_plugins:/home/waves/ros2_humble/install/rviz_common:/home/waves/ros2_humble/install/rosbag2_py:/home/waves/ros2_humble/install/rosbag2_transport:/home/waves/ros2_humble/install/rosbag2_storage_default_plugins:/home/waves/ros2_humble/install/rosbag2_performance_benchmarking:/home/waves/ros2_humble/install/rosbag2_compression:/home/waves/ros2_humble/install/rosbag2_cpp:/home/waves/ros2_humble/install/rosbag2_storage:/home/waves/ros2_humble/install/image_common:/home/waves/ros2_humble/install/camera_info_manager:/home/waves/ros2_humble/install/camera_calibration_parsers:/home/waves/ros2_humble/install/yaml_cpp_vendor:/home/waves/ros2_humble/install/interactive_markers:/home/waves/ros2_humble/install/common_interfaces:/home/waves/ros2_humble/install/visualization_msgs:/home/waves/ros2_humble/install/dummy_robot_bringup:/home/waves/ros2_humble/install/robot_state_publisher:/home/waves/ros2_humble/install/kdl_parser:/home/waves/ros2_humble/install/urdf:/home/waves/ros2_humble/install/urdfdom:/home/waves/ros2_humble/install/urdf_parser_plugin:/home/waves/ros2_humble/install/urdfdom_headers:/home/waves/ros2_humble/install/turtlesim:/home/waves/ros2_humble/install/geometry2:/home/waves/ros2_humble/install/tf2_sensor_msgs:/home/waves/ros2_humble/install/test_tf2:/home/waves/ros2_humble/install/tf2_kdl:/home/waves/ros2_humble/install/tf2_geometry_msgs:/home/waves/ros2_humble/install/tf2_eigen:/home/waves/ros2_humble/install/tf2_bullet:/home/waves/ros2_humble/install/tf2_ros:/home/waves/ros2_humble/install/tf2_py:/home/waves/ros2_humble/install/tf2_msgs:/home/waves/ros2_humble/install/test_msgs:/home/waves/ros2_humble/install/sros2_cmake:/home/waves/ros2_humble/install/ros2cli_common_extensions:/home/waves/ros2_humble/install/rqt_py_common:/home/waves/ros2_humble/install/rosbag2_storage_mcap_testdata:/home/waves/ros2_humble/install/ros_testing:/home/waves/ros2_humble/install/ros2cli_test_interfaces:/home/waves/ros2_humble/install/quality_of_service_demo_cpp:/home/waves/ros2_humble/install/image_transport:/home/waves/ros2_humble/install/message_filters:/home/waves/ros2_humble/install/demo_nodes_cpp:/home/waves/ros2_humble/install/composition:/home/waves/ros2_humble/install/laser_geometry:/home/waves/ros2_humble/install/rclpy:/home/waves/ros2_humble/install/examples_rclcpp_minimal_action_server:/home/waves/ros2_humble/install/examples_rclcpp_minimal_action_client:/home/waves/ros2_humble/install/action_tutorials_cpp:/home/waves/ros2_humble/install/rclcpp_action:/home/waves/ros2_humble/install/rcl_action:/home/waves/ros2_humble/install/examples_rclcpp_wait_set:/home/waves/ros2_humble/install/examples_rclcpp_minimal_service:/home/waves/ros2_humble/install/examples_rclcpp_minimal_client:/home/waves/ros2_humble/install/examples_rclcpp_async_client:/home/waves/ros2_humble/install/example_interfaces:/home/waves/ros2_humble/install/action_tutorials_interfaces:/home/waves/ros2_humble/install/action_msgs:/home/waves/ros2_humble/install/unique_identifier_msgs:/home/waves/ros2_humble/install/ament_lint_common:/home/waves/ros2_humble/install/ament_cmake_uncrustify:/home/waves/ros2_humble/install/uncrustify_vendor:/home/waves/ros2_humble/install/trajectory_msgs:/home/waves/ros2_humble/install/topic_statistics_demo:/home/waves/ros2_humble/install/pendulum_control:/home/waves/ros2_humble/install/tlsf_cpp:/home/waves/ros2_humble/install/test_tracetools:/home/waves/ros2_humble/install/rqt_gui_cpp:/home/waves/ros2_humble/install/rosbag2_test_common:/home/waves/ros2_humble/install/ros2lifecycle_test_fixtures:/home/waves/ros2_humble/install/lifecycle:/home/waves/ros2_humble/install/rclcpp_lifecycle:/home/waves/ros2_humble/install/logging_demo:/home/waves/ros2_humble/install/image_tools:/home/waves/ros2_humble/install/examples_rclcpp_minimal_subscriber:/home/waves/ros2_humble/install/examples_rclcpp_minimal_composition:/home/waves/ros2_humble/install/demo_nodes_cpp_native:/home/waves/ros2_humble/install/rclcpp_components:/home/waves/ros2_humble/install/intra_process_demo:/home/waves/ros2_humble/install/examples_rclcpp_multithreaded_executor:/home/waves/ros2_humble/install/examples_rclcpp_minimal_timer:/home/waves/ros2_humble/install/examples_rclcpp_minimal_publisher:/home/waves/ros2_humble/install/examples_rclcpp_cbg_executor:/home/waves/ros2_humble/install/dummy_sensors:/home/waves/ros2_humble/install/dummy_map_server:/home/waves/ros2_humble/install/rclcpp:/home/waves/ros2_humble/install/rcl_lifecycle:/home/waves/ros2_humble/install/libstatistics_collector:/home/waves/ros2_humble/install/rcl:/home/waves/ros2_humble/install/rmw_implementation:/home/waves/ros2_humble/install/rmw_fastrtps_dynamic_cpp:/home/waves/ros2_humble/install/rmw_fastrtps_cpp:/home/waves/ros2_humble/install/rmw_fastrtps_shared_cpp:/home/waves/ros2_humble/install/rmw_cyclonedds_cpp:/home/waves/ros2_humble/install/tracetools:/home/waves/ros2_humble/install/tlsf:/home/waves/ros2_humble/install/tinyxml_vendor:/home/waves/ros2_humble/install/qt_gui_core:/home/waves/ros2_humble/install/qt_gui_cpp:/home/waves/ros2_humble/install/pluginlib:/home/waves/ros2_humble/install/tinyxml2_vendor:/home/waves/ros2_humble/install/tf2_eigen_kdl:/home/waves/ros2_humble/install/tf2:/home/waves/ros2_humble/install/test_security:/home/waves/ros2_humble/install/test_rmw_implementation:/home/waves/ros2_humble/install/test_rclcpp:/home/waves/ros2_humble/install/test_quality_of_service:/home/waves/ros2_humble/install/test_launch_testing:/home/waves/ros2_humble/install/test_interface_files:/home/waves/ros2_humble/install/test_communication:/home/waves/ros2_humble/install/test_cli_remapping:/home/waves/ros2_humble/install/test_cli:/home/waves/ros2_humble/install/qt_gui_app:/home/waves/ros2_humble/install/qt_gui:/home/waves/ros2_humble/install/tango_icons_vendor:/home/waves/ros2_humble/install/stereo_msgs:/home/waves/ros2_humble/install/std_srvs:/home/waves/ros2_humble/install/shape_msgs:/home/waves/ros2_humble/install/map_msgs:/home/waves/ros2_humble/install/sensor_msgs:/home/waves/ros2_humble/install/nav_msgs:/home/waves/ros2_humble/install/diagnostic_msgs:/home/waves/ros2_humble/install/geometry_msgs:/home/waves/ros2_humble/install/actionlib_msgs:/home/waves/ros2_humble/install/std_msgs:/home/waves/ros2_humble/install/statistics_msgs:/home/waves/ros2_humble/install/sqlite3_vendor:/home/waves/ros2_humble/install/rcl_logging_spdlog:/home/waves/ros2_humble/install/spdlog_vendor:/home/waves/ros2_humble/install/shared_queues_vendor:/home/waves/ros2_humble/install/rviz_rendering_tests:/home/waves/ros2_humble/install/rviz_rendering:/home/waves/ros2_humble/install/rviz_ogre_vendor:/home/waves/ros2_humble/install/rviz_assimp_vendor:/home/waves/ros2_humble/install/rttest:/home/waves/ros2_humble/install/rmw_connextddsmicro:/home/waves/ros2_humble/install/rmw_connextdds:/home/waves/ros2_humble/install/rmw_connextdds_common:/home/waves/ros2_humble/install/rti_connext_dds_cmake_module:/home/waves/ros2_humble/install/rosgraph_msgs:/home/waves/ros2_humble/install/rosbag2_interfaces:/home/waves/ros2_humble/install/rmw_dds_common:/home/waves/ros2_humble/install/composition_interfaces:/home/waves/ros2_humble/install/rcl_interfaces:/home/waves/ros2_humble/install/pendulum_msgs:/home/waves/ros2_humble/install/lifecycle_msgs:/home/waves/ros2_humble/install/builtin_interfaces:/home/waves/ros2_humble/install/rosidl_default_runtime:/home/waves/ros2_humble/install/rosidl_default_generators:/home/waves/ros2_humble/install/rosidl_generator_py:/home/waves/ros2_humble/install/rosidl_typesupport_introspection_tests:/home/waves/ros2_humble/install/rosidl_typesupport_cpp:/home/waves/ros2_humble/install/rosidl_typesupport_introspection_cpp:/home/waves/ros2_humble/install/rosidl_typesupport_c:/home/waves/ros2_humble/install/rosidl_typesupport_introspection_c:/home/waves/ros2_humble/install/rosidl_typesupport_fastrtps_c:/home/waves/ros2_humble/install/rosidl_typesupport_fastrtps_cpp:/home/waves/ros2_humble/install/rosidl_generator_cpp:/home/waves/ros2_humble/install/rosidl_runtime_cpp:/home/waves/ros2_humble/install/rcl_yaml_param_parser:/home/waves/ros2_humble/install/rmw:/home/waves/ros2_humble/install/rosidl_runtime_c:/home/waves/ros2_humble/install/rosidl_generator_c:/home/waves/ros2_humble/install/rosidl_typesupport_interface:/home/waves/ros2_humble/install/rosidl_generator_dds_idl:/home/waves/ros2_humble/install/rosidl_cmake:/home/waves/ros2_humble/install/rosidl_parser:/home/waves/ros2_humble/install/rosidl_adapter:/home/waves/ros2_humble/install/rosbag2_tests:/home/waves/ros2_humble/install/ros_environment:/home/waves/ros2_humble/install/rmw_implementation_cmake:/home/waves/ros2_humble/install/resource_retriever:/home/waves/ros2_humble/install/class_loader:/home/waves/ros2_humble/install/rcpputils:/home/waves/ros2_humble/install/rcl_logging_noop:/home/waves/ros2_humble/install/rcl_logging_interface:/home/waves/ros2_humble/install/rcutils:/home/waves/ros2_humble/install/qt_gui_py_common:/home/waves/ros2_humble/install/qt_dotgraph:/home/waves/ros2_humble/install/python_qt_binding:/home/waves/ros2_humble/install/python_orocos_kdl_vendor:/home/waves/ros2_humble/install/launch_testing_ament_cmake:/home/waves/ros2_humble/install/python_cmake_module:/home/waves/ros2_humble/install/pybind11_vendor:/home/waves/ros2_humble/install/performance_test_fixture:/home/waves/ros2_humble/install/osrf_testing_tools_cpp:/home/waves/ros2_humble/install/orocos_kdl_vendor:/home/waves/ros2_humble/install/mimick_vendor:/home/waves/ros2_humble/install/libyaml_vendor:/home/waves/ros2_humble/install/libcurl_vendor:/home/waves/ros2_humble/install/keyboard_handler:/home/waves/ros2_humble/install/iceoryx_introspection:/home/waves/ros2_humble/install/cyclonedds:/home/waves/ros2_humble/install/iceoryx_posh:/home/waves/ros2_humble/install/iceoryx_hoofs:/home/waves/ros2_humble/install/iceoryx_binding_c:/home/waves/ros2_humble/install/ament_cmake_ros:/home/waves/ros2_humble/install/ament_cmake_auto:/home/waves/ros2_humble/install/ament_cmake_gmock:/home/waves/ros2_humble/install/gmock_vendor:/home/waves/ros2_humble/install/ament_cmake_gtest:/home/waves/ros2_humble/install/gtest_vendor:/home/waves/ros2_humble/install/ament_cmake_google_benchmark:/home/waves/ros2_humble/install/google_benchmark_vendor:/home/waves/ros2_humble/install/fastrtps:/home/waves/ros2_humble/install/foonathan_memory_vendor:/home/waves/ros2_humble/install/fastrtps_cmake_module:/home/waves/ros2_humble/install/fastcdr:/home/waves/ros2_humble/install/eigen3_cmake_module:/home/waves/ros2_humble/install/console_bridge_vendor:/home/waves/ros2_humble/install/ament_cmake_xmllint:/home/waves/ros2_humble/install/ament_cmake_pyflakes:/home/waves/ros2_humble/install/ament_cmake_pycodestyle:/home/waves/ros2_humble/install/ament_cmake_pep257:/home/waves/ros2_humble/install/ament_cmake_pclint:/home/waves/ros2_humble/install/ament_lint_auto:/home/waves/ros2_humble/install/ament_cmake:/home/waves/ros2_humble/install/ament_cmake_version:/home/waves/ros2_humble/install/ament_cmake_vendor_package:/home/waves/ros2_humble/install/ament_cmake_pytest:/home/waves/ros2_humble/install/ament_cmake_nose:/home/waves/ros2_humble/install/ament_cmake_mypy:/home/waves/ros2_humble/install/ament_cmake_lint_cmake:/home/waves/ros2_humble/install/ament_cmake_flake8:/home/waves/ros2_humble/install/ament_cmake_cpplint:/home/waves/ros2_humble/install/ament_cmake_cppcheck:/home/waves/ros2_humble/install/ament_cmake_copyright:/home/waves/ros2_humble/install/ament_cmake_clang_tidy:/home/waves/ros2_humble/install/ament_cmake_clang_format:/home/waves/ros2_humble/install/ament_cmake_test:/home/waves/ros2_humble/install/ament_cmake_target_dependencies:/home/waves/ros2_humble/install/ament_cmake_python:/home/waves/ros2_humble/install/ament_cmake_export_dependencies:/home/waves/ros2_humble/install/ament_cmake_libraries:/home/waves/ros2_humble/install/ament_cmake_include_directories:/home/waves/ros2_humble/install/ament_cmake_gen_version_h:/home/waves/ros2_humble/install/ament_cmake_export_targets:/home/waves/ros2_humble/install/ament_cmake_export_link_flags:/home/waves/ros2_humble/install/ament_cmake_export_interfaces:/home/waves/ros2_humble/install/ament_cmake_export_libraries:/home/waves/ros2_humble/install/ament_cmake_export_include_directories:/home/waves/ros2_humble/install/ament_cmake_export_definitions:/home/waves/ros2_humble/install/ament_cmake_core:/home/waves/ros2_humble/install/ament_index_cpp /usr/bin/cmake --build /home/waves/hexapod/build/hexapod_services -- -j4 -l4
[5.036s] DEBUG:colcon.colcon_core.event_handler.log_command:Invoking command in '/home/waves/hexapod/src/hexapod_communication': PYTHONPATH=/home/waves/hexapod/build/hexapod_communication/prefix_override:/usr/lib/python3/dist-packages/colcon_core/task/python/colcon_distutils_commands:/home/waves/hexapod/install/hexapod_communication/lib/python3.10/site-packages:${PYTHONPATH} /usr/bin/python3 -W ignore:setup.py install is deprecated -W ignore:easy_install command is deprecated setup.py egg_info --egg-base ../../build/hexapod_communication build --build-base /home/waves/hexapod/build/hexapod_communication/build install --record /home/waves/hexapod/build/hexapod_communication/install.log --single-version-externally-managed install_data
[5.538s] DEBUG:colcon.colcon_core.event_handler.log_command:Invoked command in '/home/waves/hexapod/build/hexapod_control' returned '0': CMAKE_PREFIX_PATH=/home/waves/hexapod/install/hexapod_interfaces:/home/waves/hexapod/install/hexapod_services:/home/waves/hexapod/install/hexapod_control:/home/waves/ros2_ws/install/video_runner:/home/waves/ros2_ws/install/robotics_class:/home/waves/ros2_ws/install/my_robot_bringup:/home/waves/ros2_ws/install/my_cpp_prac:/home/waves/ros2_ws/install/my_cpp_pkg:/home/waves/ros2_ws/install/act_5:/home/waves/ros2_ws/install/my_interface:/home/waves/ros2_ws/install/buffer:/home/waves/research/install/cobots:/home/waves/ros2_sim/install/ros2_control_demos:/home/waves/ros2_sim/install/ros2_control_demo_description:/home/waves/ros2_sim/install/my_robot_sim:/home/waves/ros2_sim/install/humanoid:/home/waves/ros2_sim/install/hopper_sim:/home/waves/ros2_sim/install/hopper_description:/home/waves/hexapod/install/hexapod_communication:/home/waves/ros2_ws/install/my_py_pkg:/opt/ros/humble:/home/waves/ros2_humble/install/rqt_bag_plugins:/home/waves/ros2_humble/install/rqt_bag:/home/waves/ros2_humble/install/launch_testing_examples:/home/waves/ros2_humble/install/ros2bag:/home/waves/ros2_humble/install/tracetools_test:/home/waves/ros2_humble/install/tracetools_launch:/home/waves/ros2_humble/install/topic_monitor:/home/waves/ros2_humble/install/tf2_tools:/home/waves/ros2_humble/install/examples_tf2_py:/home/waves/ros2_humble/install/tf2_ros_py:/home/waves/ros2_humble/install/sros2:/home/waves/ros2_humble/install/rqt_topic:/home/waves/ros2_humble/install/rqt_srv:/home/waves/ros2_humble/install/rqt_shell:/home/waves/ros2_humble/install/rqt_service_caller:/home/waves/ros2_humble/install/rqt_reconfigure:/home/waves/ros2_humble/install/rqt_py_console:/home/waves/ros2_humble/install/rqt_publisher:/home/waves/ros2_humble/install/rqt_plot:/home/waves/ros2_humble/install/rqt_action:/home/waves/ros2_humble/install/rqt_msg:/home/waves/ros2_humble/install/rqt_console:/home/waves/ros2_humble/install/rqt:/home/waves/ros2_humble/install/rqt_graph:/home/waves/ros2_humble/install/rqt_gui_py:/home/waves/ros2_humble/install/rqt_gui:/home/waves/ros2_humble/install/ros2trace:/home/waves/ros2_humble/install/ros2topic:/home/waves/ros2_humble/install/ros2test:/home/waves/ros2_humble/install/ros2component:/home/waves/ros2_humble/install/ros2param:/home/waves/ros2_humble/install/ros2lifecycle:/home/waves/ros2_humble/install/ros2service:/home/waves/ros2_humble/install/ros2run:/home/waves/ros2_humble/install/ros2launch:/home/waves/ros2_humble/install/ros2pkg:/home/waves/ros2_humble/install/ros2node:/home/waves/ros2_humble/install/ros2multicast:/home/waves/ros2_humble/install/ros2interface:/home/waves/ros2_humble/install/ros2doctor:/home/waves/ros2_humble/install/ros2action:/home/waves/ros2_humble/install/ros2cli:/home/waves/ros2_humble/install/quality_of_service_demo_py:/home/waves/ros2_humble/install/lifecycle_py:/home/waves/ros2_humble/install/launch_testing_ros:/home/waves/ros2_humble/install/launch_ros:/home/waves/ros2_humble/install/examples_rclpy_pointcloud_publisher:/home/waves/ros2_humble/install/examples_rclpy_minimal_subscriber:/home/waves/ros2_humble/install/examples_rclpy_minimal_service:/home/waves/ros2_humble/install/examples_rclpy_minimal_publisher:/home/waves/ros2_humble/install/examples_rclpy_minimal_client:/home/waves/ros2_humble/install/examples_rclpy_minimal_action_server:/home/waves/ros2_humble/install/examples_rclpy_minimal_action_client:/home/waves/ros2_humble/install/examples_rclpy_guard_conditions:/home/waves/ros2_humble/install/examples_rclpy_executors:/home/waves/ros2_humble/install/demo_nodes_py:/home/waves/ros2_humble/install/camera_info_manager_py:/home/waves/ros2_humble/install/action_tutorials_py:/home/waves/ros2_humble/install/ament_uncrustify:/home/waves/ros2_humble/install/tracetools_trace:/home/waves/ros2_humble/install/tracetools_read:/home/waves/ros2_humble/install/test_tracetools_launch:/home/waves/ros2_humble/install/test_launch_ros:/home/waves/ros2_humble/install/sensor_msgs_py:/home/waves/ros2_humble/install/rpyutils:/home/waves/ros2_humble/install/rosidl_runtime_py:/home/waves/ros2_humble/install/rosidl_cli:/home/waves/ros2_humble/install/launch_pytest:/home/waves/ros2_humble/install/launch_testing:/home/waves/ros2_humble/install/launch_yaml:/home/waves/ros2_humble/install/launch_xml:/home/waves/ros2_humble/install/launch:/home/waves/ros2_humble/install/osrf_pycommon:/home/waves/ros2_humble/install/domain_coordinator:/home/waves/ros2_humble/install/ament_xmllint:/home/waves/ros2_humble/install/ament_pyflakes:/home/waves/ros2_humble/install/ament_pycodestyle:/home/waves/ros2_humble/install/ament_pep257:/home/waves/ros2_humble/install/ament_pclint:/home/waves/ros2_humble/install/ament_package:/home/waves/ros2_humble/install/ament_mypy:/home/waves/ros2_humble/install/ament_lint_cmake:/home/waves/ros2_humble/install/ament_flake8:/home/waves/ros2_humble/install/ament_copyright:/home/waves/ros2_humble/install/ament_lint:/home/waves/ros2_humble/install/ament_index_python:/home/waves/ros2_humble/install/ament_cpplint:/home/waves/ros2_humble/install/ament_cppcheck:/home/waves/ros2_humble/install/ament_clang_tidy:/home/waves/ros2_humble/install/ament_clang_format:/home/waves/ros2_sim/install/hexapod_description:/home/waves/ros2_sim/install/hexapod:/home/waves/ros2_sim/install/franka:/home/waves/ros2_humble/install/rosbag2_storage_mcap:/home/waves/ros2_humble/install/rosbag2:/home/waves/ros2_humble/install/rosbag2_compression_zstd:/home/waves/ros2_humble/install/mcap_vendor:/home/waves/ros2_humble/install/zstd_vendor:/home/waves/ros2_humble/install/rviz_visual_testing_framework:/home/waves/ros2_humble/install/rviz2:/home/waves/ros2_humble/install/rviz_default_plugins:/home/waves/ros2_humble/install/rviz_common:/home/waves/ros2_humble/install/rosbag2_py:/home/waves/ros2_humble/install/rosbag2_transport:/home/waves/ros2_humble/install/rosbag2_storage_default_plugins:/home/waves/ros2_humble/install/rosbag2_performance_benchmarking:/home/waves/ros2_humble/install/rosbag2_compression:/home/waves/ros2_humble/install/rosbag2_cpp:/home/waves/ros2_humble/install/rosbag2_storage:/home/waves/ros2_humble/install/image_common:/home/waves/ros2_humble/install/camera_info_manager:/home/waves/ros2_humble/install/camera_calibration_parsers:/home/waves/ros2_humble/install/yaml_cpp_vendor:/home/waves/ros2_humble/install/interactive_markers:/home/waves/ros2_humble/install/common_interfaces:/home/waves/ros2_humble/install/visualization_msgs:/home/waves/ros2_humble/install/dummy_robot_bringup:/home/waves/ros2_humble/install/robot_state_publisher:/home/waves/ros2_humble/install/kdl_parser:/home/waves/ros2_humble/install/urdf:/home/waves/ros2_humble/install/urdfdom:/home/waves/ros2_humble/install/urdf_parser_plugin:/home/waves/ros2_humble/install/urdfdom_headers:/home/waves/ros2_humble/install/turtlesim:/home/waves/ros2_humble/install/geometry2:/home/waves/ros2_humble/install/tf2_sensor_msgs:/home/waves/ros2_humble/install/test_tf2:/home/waves/ros2_humble/install/tf2_kdl:/home/waves/ros2_humble/install/tf2_geometry_msgs:/home/waves/ros2_humble/install/tf2_eigen:/home/waves/ros2_humble/install/tf2_bullet:/home/waves/ros2_humble/install/tf2_ros:/home/waves/ros2_humble/install/tf2_py:/home/waves/ros2_humble/install/tf2_msgs:/home/waves/ros2_humble/install/test_msgs:/home/waves/ros2_humble/install/sros2_cmake:/home/waves/ros2_humble/install/ros2cli_common_extensions:/home/waves/ros2_humble/install/rqt_py_common:/home/waves/ros2_humble/install/rosbag2_storage_mcap_testdata:/home/waves/ros2_humble/install/ros_testing:/home/waves/ros2_humble/install/ros2cli_test_interfaces:/home/waves/ros2_humble/install/quality_of_service_demo_cpp:/home/waves/ros2_humble/install/image_transport:/home/waves/ros2_humble/install/message_filters:/home/waves/ros2_humble/install/demo_nodes_cpp:/home/waves/ros2_humble/install/composition:/home/waves/ros2_humble/install/laser_geometry:/home/waves/ros2_humble/install/rclpy:/home/waves/ros2_humble/install/examples_rclcpp_minimal_action_server:/home/waves/ros2_humble/install/examples_rclcpp_minimal_action_client:/home/waves/ros2_humble/install/action_tutorials_cpp:/home/waves/ros2_humble/install/rclcpp_action:/home/waves/ros2_humble/install/rcl_action:/home/waves/ros2_humble/install/examples_rclcpp_wait_set:/home/waves/ros2_humble/install/examples_rclcpp_minimal_service:/home/waves/ros2_humble/install/examples_rclcpp_minimal_client:/home/waves/ros2_humble/install/examples_rclcpp_async_client:/home/waves/ros2_humble/install/example_interfaces:/home/waves/ros2_humble/install/action_tutorials_interfaces:/home/waves/ros2_humble/install/action_msgs:/home/waves/ros2_humble/install/unique_identifier_msgs:/home/waves/ros2_humble/install/ament_lint_common:/home/waves/ros2_humble/install/ament_cmake_uncrustify:/home/waves/ros2_humble/install/uncrustify_vendor:/home/waves/ros2_humble/install/trajectory_msgs:/home/waves/ros2_humble/install/topic_statistics_demo:/home/waves/ros2_humble/install/pendulum_control:/home/waves/ros2_humble/install/tlsf_cpp:/home/waves/ros2_humble/install/test_tracetools:/home/waves/ros2_humble/install/rqt_gui_cpp:/home/waves/ros2_humble/install/rosbag2_test_common:/home/waves/ros2_humble/install/ros2lifecycle_test_fixtures:/home/waves/ros2_humble/install/lifecycle:/home/waves/ros2_humble/install/rclcpp_lifecycle:/home/waves/ros2_humble/install/logging_demo:/home/waves/ros2_humble/install/image_tools:/home/waves/ros2_humble/install/examples_rclcpp_minimal_subscriber:/home/waves/ros2_humble/install/examples_rclcpp_minimal_composition:/home/waves/ros2_humble/install/demo_nodes_cpp_native:/home/waves/ros2_humble/install/rclcpp_components:/home/waves/ros2_humble/install/intra_process_demo:/home/waves/ros2_humble/install/examples_rclcpp_multithreaded_executor:/home/waves/ros2_humble/install/examples_rclcpp_minimal_timer:/home/waves/ros2_humble/install/examples_rclcpp_minimal_publisher:/home/waves/ros2_humble/install/examples_rclcpp_cbg_executor:/home/waves/ros2_humble/install/dummy_sensors:/home/waves/ros2_humble/install/dummy_map_server:/home/waves/ros2_humble/install/rclcpp:/home/waves/ros2_humble/install/rcl_lifecycle:/home/waves/ros2_humble/install/libstatistics_collector:/home/waves/ros2_humble/install/rcl:/home/waves/ros2_humble/install/rmw_implementation:/home/waves/ros2_humble/install/rmw_fastrtps_dynamic_cpp:/home/waves/ros2_humble/install/rmw_fastrtps_cpp:/home/waves/ros2_humble/install/rmw_fastrtps_shared_cpp:/home/waves/ros2_humble/install/rmw_cyclonedds_cpp:/home/waves/ros2_humble/install/tracetools:/home/waves/ros2_humble/install/tlsf:/home/waves/ros2_humble/install/tinyxml_vendor:/home/waves/ros2_humble/install/qt_gui_core:/home/waves/ros2_humble/install/qt_gui_cpp:/home/waves/ros2_humble/install/pluginlib:/home/waves/ros2_humble/install/tinyxml2_vendor:/home/waves/ros2_humble/install/tf2_eigen_kdl:/home/waves/ros2_humble/install/tf2:/home/waves/ros2_humble/install/test_security:/home/waves/ros2_humble/install/test_rmw_implementation:/home/waves/ros2_humble/install/test_rclcpp:/home/waves/ros2_humble/install/test_quality_of_service:/home/waves/ros2_humble/install/test_launch_testing:/home/waves/ros2_humble/install/test_interface_files:/home/waves/ros2_humble/install/test_communication:/home/waves/ros2_humble/install/test_cli_remapping:/home/waves/ros2_humble/install/test_cli:/home/waves/ros2_humble/install/qt_gui_app:/home/waves/ros2_humble/install/qt_gui:/home/waves/ros2_humble/install/tango_icons_vendor:/home/waves/ros2_humble/install/stereo_msgs:/home/waves/ros2_humble/install/std_srvs:/home/waves/ros2_humble/install/shape_msgs:/home/waves/ros2_humble/install/map_msgs:/home/waves/ros2_humble/install/sensor_msgs:/home/waves/ros2_humble/install/nav_msgs:/home/waves/ros2_humble/install/diagnostic_msgs:/home/waves/ros2_humble/install/geometry_msgs:/home/waves/ros2_humble/install/actionlib_msgs:/home/waves/ros2_humble/install/std_msgs:/home/waves/ros2_humble/install/statistics_msgs:/home/waves/ros2_humble/install/sqlite3_vendor:/home/waves/ros2_humble/install/rcl_logging_spdlog:/home/waves/ros2_humble/install/spdlog_vendor:/home/waves/ros2_humble/install/shared_queues_vendor:/home/waves/ros2_humble/install/rviz_rendering_tests:/home/waves/ros2_humble/install/rviz_rendering:/home/waves/ros2_humble/install/rviz_ogre_vendor:/home/waves/ros2_humble/install/rviz_assimp_vendor:/home/waves/ros2_humble/install/rttest:/home/waves/ros2_humble/install/rmw_connextddsmicro:/home/waves/ros2_humble/install/rmw_connextdds:/home/waves/ros2_humble/install/rmw_connextdds_common:/home/waves/ros2_humble/install/rti_connext_dds_cmake_module:/home/waves/ros2_humble/install/rosgraph_msgs:/home/waves/ros2_humble/install/rosbag2_interfaces:/home/waves/ros2_humble/install/rmw_dds_common:/home/waves/ros2_humble/install/composition_interfaces:/home/waves/ros2_humble/install/rcl_interfaces:/home/waves/ros2_humble/install/pendulum_msgs:/home/waves/ros2_humble/install/lifecycle_msgs:/home/waves/ros2_humble/install/builtin_interfaces:/home/waves/ros2_humble/install/rosidl_default_runtime:/home/waves/ros2_humble/install/rosidl_default_generators:/home/waves/ros2_humble/install/rosidl_generator_py:/home/waves/ros2_humble/install/rosidl_typesupport_introspection_tests:/home/waves/ros2_humble/install/rosidl_typesupport_cpp:/home/waves/ros2_humble/install/rosidl_typesupport_introspection_cpp:/home/waves/ros2_humble/install/rosidl_typesupport_c:/home/waves/ros2_humble/install/rosidl_typesupport_introspection_c:/home/waves/ros2_humble/install/rosidl_typesupport_fastrtps_c:/home/waves/ros2_humble/install/rosidl_typesupport_fastrtps_cpp:/home/waves/ros2_humble/install/rosidl_generator_cpp:/home/waves/ros2_humble/install/rosidl_runtime_cpp:/home/waves/ros2_humble/install/rcl_yaml_param_parser:/home/waves/ros2_humble/install/rmw:/home/waves/ros2_humble/install/rosidl_runtime_c:/home/waves/ros2_humble/install/rosidl_generator_c:/home/waves/ros2_humble/install/rosidl_typesupport_interface:/home/waves/ros2_humble/install/rosidl_generator_dds_idl:/home/waves/ros2_humble/install/rosidl_cmake:/home/waves/ros2_humble/install/rosidl_parser:/home/waves/ros2_humble/install/rosidl_adapter:/home/waves/ros2_humble/install/rosbag2_tests:/home/waves/ros2_humble/install/ros_environment:/home/waves/ros2_humble/install/rmw_implementation_cmake:/home/waves/ros2_humble/install/resource_retriever:/home/waves/ros2_humble/install/class_loader:/home/waves/ros2_humble/install/rcpputils:/home/waves/ros2_humble/install/rcl_logging_noop:/home/waves/ros2_humble/install/rcl_logging_interface:/home/waves/ros2_humble/install/rcutils:/home/waves/ros2_humble/install/qt_gui_py_common:/home/waves/ros2_humble/install/qt_dotgraph:/home/waves/ros2_humble/install/python_qt_binding:/home/waves/ros2_humble/install/python_orocos_kdl_vendor:/home/waves/ros2_humble/install/launch_testing_ament_cmake:/home/waves/ros2_humble/install/python_cmake_module:/home/waves/ros2_humble/install/pybind11_vendor:/home/waves/ros2_humble/install/performance_test_fixture:/home/waves/ros2_humble/install/osrf_testing_tools_cpp:/home/waves/ros2_humble/install/orocos_kdl_vendor:/home/waves/ros2_humble/install/mimick_vendor:/home/waves/ros2_humble/install/libyaml_vendor:/home/waves/ros2_humble/install/libcurl_vendor:/home/waves/ros2_humble/install/keyboard_handler:/home/waves/ros2_humble/install/iceoryx_introspection:/home/waves/ros2_humble/install/cyclonedds:/home/waves/ros2_humble/install/iceoryx_posh:/home/waves/ros2_humble/install/iceoryx_hoofs:/home/waves/ros2_humble/install/iceoryx_binding_c:/home/waves/ros2_humble/install/ament_cmake_ros:/home/waves/ros2_humble/install/ament_cmake_auto:/home/waves/ros2_humble/install/ament_cmake_gmock:/home/waves/ros2_humble/install/gmock_vendor:/home/waves/ros2_humble/install/ament_cmake_gtest:/home/waves/ros2_humble/install/gtest_vendor:/home/waves/ros2_humble/install/ament_cmake_google_benchmark:/home/waves/ros2_humble/install/google_benchmark_vendor:/home/waves/ros2_humble/install/fastrtps:/home/waves/ros2_humble/install/foonathan_memory_vendor:/home/waves/ros2_humble/install/fastrtps_cmake_module:/home/waves/ros2_humble/install/fastcdr:/home/waves/ros2_humble/install/eigen3_cmake_module:/home/waves/ros2_humble/install/console_bridge_vendor:/home/waves/ros2_humble/install/ament_cmake_xmllint:/home/waves/ros2_humble/install/ament_cmake_pyflakes:/home/waves/ros2_humble/install/ament_cmake_pycodestyle:/home/waves/ros2_humble/install/ament_cmake_pep257:/home/waves/ros2_humble/install/ament_cmake_pclint:/home/waves/ros2_humble/install/ament_lint_auto:/home/waves/ros2_humble/install/ament_cmake:/home/waves/ros2_humble/install/ament_cmake_version:/home/waves/ros2_humble/install/ament_cmake_vendor_package:/home/waves/ros2_humble/install/ament_cmake_pytest:/home/waves/ros2_humble/install/ament_cmake_nose:/home/waves/ros2_humble/install/ament_cmake_mypy:/home/waves/ros2_humble/install/ament_cmake_lint_cmake:/home/waves/ros2_humble/install/ament_cmake_flake8:/home/waves/ros2_humble/install/ament_cmake_cpplint:/home/waves/ros2_humble/install/ament_cmake_cppcheck:/home/waves/ros2_humble/install/ament_cmake_copyright:/home/waves/ros2_humble/install/ament_cmake_clang_tidy:/home/waves/ros2_humble/install/ament_cmake_clang_format:/home/waves/ros2_humble/install/ament_cmake_test:/home/waves/ros2_humble/install/ament_cmake_target_dependencies:/home/waves/ros2_humble/install/ament_cmake_python:/home/waves/ros2_humble/install/ament_cmake_export_dependencies:/home/waves/ros2_humble/install/ament_cmake_libraries:/home/waves/ros2_humble/install/ament_cmake_include_directories:/home/waves/ros2_humble/install/ament_cmake_gen_version_h:/home/waves/ros2_humble/install/ament_cmake_export_targets:/home/waves/ros2_humble/install/ament_cmake_export_link_flags:/home/waves/ros2_humble/install/ament_cmake_export_interfaces:/home/waves/ros2_humble/install/ament_cmake_export_libraries:/home/waves/ros2_humble/install/ament_cmake_export_include_directories:/home/waves/ros2_humble/install/ament_cmake_export_definitions:/home/waves/ros2_humble/install/ament_cmake_core:/home/waves/ros2_humble/install/ament_index_cpp /usr/bin/cmake --build /home/waves/hexapod/build/hexapod_control -- -j4 -l4
[5.541s] DEBUG:colcon.colcon_core.event_handler.log_command:Invoking command in '/home/waves/hexapod/build/hexapod_control': CMAKE_PREFIX_PATH=/home/waves/hexapod/install/hexapod_interfaces:/home/waves/hexapod/install/hexapod_services:/home/waves/hexapod/install/hexapod_control:/home/waves/ros2_ws/install/video_runner:/home/waves/ros2_ws/install/robotics_class:/home/waves/ros2_ws/install/my_robot_bringup:/home/waves/ros2_ws/install/my_cpp_prac:/home/waves/ros2_ws/install/my_cpp_pkg:/home/waves/ros2_ws/install/act_5:/home/waves/ros2_ws/install/my_interface:/home/waves/ros2_ws/install/buffer:/home/waves/research/install/cobots:/home/waves/ros2_sim/install/ros2_control_demos:/home/waves/ros2_sim/install/ros2_control_demo_description:/home/waves/ros2_sim/install/my_robot_sim:/home/waves/ros2_sim/install/humanoid:/home/waves/ros2_sim/install/hopper_sim:/home/waves/ros2_sim/install/hopper_description:/home/waves/hexapod/install/hexapod_communication:/home/waves/ros2_ws/install/my_py_pkg:/opt/ros/humble:/home/waves/ros2_humble/install/rqt_bag_plugins:/home/waves/ros2_humble/install/rqt_bag:/home/waves/ros2_humble/install/launch_testing_examples:/home/waves/ros2_humble/install/ros2bag:/home/waves/ros2_humble/install/tracetools_test:/home/waves/ros2_humble/install/tracetools_launch:/home/waves/ros2_humble/install/topic_monitor:/home/waves/ros2_humble/install/tf2_tools:/home/waves/ros2_humble/install/examples_tf2_py:/home/waves/ros2_humble/install/tf2_ros_py:/home/waves/ros2_humble/install/sros2:/home/waves/ros2_humble/install/rqt_topic:/home/waves/ros2_humble/install/rqt_srv:/home/waves/ros2_humble/install/rqt_shell:/home/waves/ros2_humble/install/rqt_service_caller:/home/waves/ros2_humble/install/rqt_reconfigure:/home/waves/ros2_humble/install/rqt_py_console:/home/waves/ros2_humble/install/rqt_publisher:/home/waves/ros2_humble/install/rqt_plot:/home/waves/ros2_humble/install/rqt_action:/home/waves/ros2_humble/install/rqt_msg:/home/waves/ros2_humble/install/rqt_console:/home/waves/ros2_humble/install/rqt:/home/waves/ros2_humble/install/rqt_graph:/home/waves/ros2_humble/install/rqt_gui_py:/home/waves/ros2_humble/install/rqt_gui:/home/waves/ros2_humble/install/ros2trace:/home/waves/ros2_humble/install/ros2topic:/home/waves/ros2_humble/install/ros2test:/home/waves/ros2_humble/install/ros2component:/home/waves/ros2_humble/install/ros2param:/home/waves/ros2_humble/install/ros2lifecycle:/home/waves/ros2_humble/install/ros2service:/home/waves/ros2_humble/install/ros2run:/home/waves/ros2_humble/install/ros2launch:/home/waves/ros2_humble/install/ros2pkg:/home/waves/ros2_humble/install/ros2node:/home/waves/ros2_humble/install/ros2multicast:/home/waves/ros2_humble/install/ros2interface:/home/waves/ros2_humble/install/ros2doctor:/home/waves/ros2_humble/install/ros2action:/home/waves/ros2_humble/install/ros2cli:/home/waves/ros2_humble/install/quality_of_service_demo_py:/home/waves/ros2_humble/install/lifecycle_py:/home/waves/ros2_humble/install/launch_testing_ros:/home/waves/ros2_humble/install/launch_ros:/home/waves/ros2_humble/install/examples_rclpy_pointcloud_publisher:/home/waves/ros2_humble/install/examples_rclpy_minimal_subscriber:/home/waves/ros2_humble/install/examples_rclpy_minimal_service:/home/waves/ros2_humble/install/examples_rclpy_minimal_publisher:/home/waves/ros2_humble/install/examples_rclpy_minimal_client:/home/waves/ros2_humble/install/examples_rclpy_minimal_action_server:/home/waves/ros2_humble/install/examples_rclpy_minimal_action_client:/home/waves/ros2_humble/install/examples_rclpy_guard_conditions:/home/waves/ros2_humble/install/examples_rclpy_executors:/home/waves/ros2_humble/install/demo_nodes_py:/home/waves/ros2_humble/install/camera_info_manager_py:/home/waves/ros2_humble/install/action_tutorials_py:/home/waves/ros2_humble/install/ament_uncrustify:/home/waves/ros2_humble/install/tracetools_trace:/home/waves/ros2_humble/install/tracetools_read:/home/waves/ros2_humble/install/test_tracetools_launch:/home/waves/ros2_humble/install/test_launch_ros:/home/waves/ros2_humble/install/sensor_msgs_py:/home/waves/ros2_humble/install/rpyutils:/home/waves/ros2_humble/install/rosidl_runtime_py:/home/waves/ros2_humble/install/rosidl_cli:/home/waves/ros2_humble/install/launch_pytest:/home/waves/ros2_humble/install/launch_testing:/home/waves/ros2_humble/install/launch_yaml:/home/waves/ros2_humble/install/launch_xml:/home/waves/ros2_humble/install/launch:/home/waves/ros2_humble/install/osrf_pycommon:/home/waves/ros2_humble/install/domain_coordinator:/home/waves/ros2_humble/install/ament_xmllint:/home/waves/ros2_humble/install/ament_pyflakes:/home/waves/ros2_humble/install/ament_pycodestyle:/home/waves/ros2_humble/install/ament_pep257:/home/waves/ros2_humble/install/ament_pclint:/home/waves/ros2_humble/install/ament_package:/home/waves/ros2_humble/install/ament_mypy:/home/waves/ros2_humble/install/ament_lint_cmake:/home/waves/ros2_humble/install/ament_flake8:/home/waves/ros2_humble/install/ament_copyright:/home/waves/ros2_humble/install/ament_lint:/home/waves/ros2_humble/install/ament_index_python:/home/waves/ros2_humble/install/ament_cpplint:/home/waves/ros2_humble/install/ament_cppcheck:/home/waves/ros2_humble/install/ament_clang_tidy:/home/waves/ros2_humble/install/ament_clang_format:/home/waves/ros2_sim/install/hexapod_description:/home/waves/ros2_sim/install/hexapod:/home/waves/ros2_sim/install/franka:/home/waves/ros2_humble/install/rosbag2_storage_mcap:/home/waves/ros2_humble/install/rosbag2:/home/waves/ros2_humble/install/rosbag2_compression_zstd:/home/waves/ros2_humble/install/mcap_vendor:/home/waves/ros2_humble/install/zstd_vendor:/home/waves/ros2_humble/install/rviz_visual_testing_framework:/home/waves/ros2_humble/install/rviz2:/home/waves/ros2_humble/install/rviz_default_plugins:/home/waves/ros2_humble/install/rviz_common:/home/waves/ros2_humble/install/rosbag2_py:/home/waves/ros2_humble/install/rosbag2_transport:/home/waves/ros2_humble/install/rosbag2_storage_default_plugins:/home/waves/ros2_humble/install/rosbag2_performance_benchmarking:/home/waves/ros2_humble/install/rosbag2_compression:/home/waves/ros2_humble/install/rosbag2_cpp:/home/waves/ros2_humble/install/rosbag2_storage:/home/waves/ros2_humble/install/image_common:/home/waves/ros2_humble/install/camera_info_manager:/home/waves/ros2_humble/install/camera_calibration_parsers:/home/waves/ros2_humble/install/yaml_cpp_vendor:/home/waves/ros2_humble/install/interactive_markers:/home/waves/ros2_humble/install/common_interfaces:/home/waves/ros2_humble/install/visualization_msgs:/home/waves/ros2_humble/install/dummy_robot_bringup:/home/waves/ros2_humble/install/robot_state_publisher:/home/waves/ros2_humble/install/kdl_parser:/home/waves/ros2_humble/install/urdf:/home/waves/ros2_humble/install/urdfdom:/home/waves/ros2_humble/install/urdf_parser_plugin:/home/waves/ros2_humble/install/urdfdom_headers:/home/waves/ros2_humble/install/turtlesim:/home/waves/ros2_humble/install/geometry2:/home/waves/ros2_humble/install/tf2_sensor_msgs:/home/waves/ros2_humble/install/test_tf2:/home/waves/ros2_humble/install/tf2_kdl:/home/waves/ros2_humble/install/tf2_geometry_msgs:/home/waves/ros2_humble/install/tf2_eigen:/home/waves/ros2_humble/install/tf2_bullet:/home/waves/ros2_humble/install/tf2_ros:/home/waves/ros2_humble/install/tf2_py:/home/waves/ros2_humble/install/tf2_msgs:/home/waves/ros2_humble/install/test_msgs:/home/waves/ros2_humble/install/sros2_cmake:/home/waves/ros2_humble/install/ros2cli_common_extensions:/home/waves/ros2_humble/install/rqt_py_common:/home/waves/ros2_humble/install/rosbag2_storage_mcap_testdata:/home/waves/ros2_humble/install/ros_testing:/home/waves/ros2_humble/install/ros2cli_test_interfaces:/home/waves/ros2_humble/install/quality_of_service_demo_cpp:/home/waves/ros2_humble/install/image_transport:/home/waves/ros2_humble/install/message_filters:/home/waves/ros2_humble/install/demo_nodes_cpp:/home/waves/ros2_humble/install/composition:/home/waves/ros2_humble/install/laser_geometry:/home/waves/ros2_humble/install/rclpy:/home/waves/ros2_humble/install/examples_rclcpp_minimal_action_server:/home/waves/ros2_humble/install/examples_rclcpp_minimal_action_client:/home/waves/ros2_humble/install/action_tutorials_cpp:/home/waves/ros2_humble/install/rclcpp_action:/home/waves/ros2_humble/install/rcl_action:/home/waves/ros2_humble/install/examples_rclcpp_wait_set:/home/waves/ros2_humble/install/examples_rclcpp_minimal_service:/home/waves/ros2_humble/install/examples_rclcpp_minimal_client:/home/waves/ros2_humble/install/examples_rclcpp_async_client:/home/waves/ros2_humble/install/example_interfaces:/home/waves/ros2_humble/install/action_tutorials_interfaces:/home/waves/ros2_humble/install/action_msgs:/home/waves/ros2_humble/install/unique_identifier_msgs:/home/waves/ros2_humble/install/ament_lint_common:/home/waves/ros2_humble/install/ament_cmake_uncrustify:/home/waves/ros2_humble/install/uncrustify_vendor:/home/waves/ros2_humble/install/trajectory_msgs:/home/waves/ros2_humble/install/topic_statistics_demo:/home/waves/ros2_humble/install/pendulum_control:/home/waves/ros2_humble/install/tlsf_cpp:/home/waves/ros2_humble/install/test_tracetools:/home/waves/ros2_humble/install/rqt_gui_cpp:/home/waves/ros2_humble/install/rosbag2_test_common:/home/waves/ros2_humble/install/ros2lifecycle_test_fixtures:/home/waves/ros2_humble/install/lifecycle:/home/waves/ros2_humble/install/rclcpp_lifecycle:/home/waves/ros2_humble/install/logging_demo:/home/waves/ros2_humble/install/image_tools:/home/waves/ros2_humble/install/examples_rclcpp_minimal_subscriber:/home/waves/ros2_humble/install/examples_rclcpp_minimal_composition:/home/waves/ros2_humble/install/demo_nodes_cpp_native:/home/waves/ros2_humble/install/rclcpp_components:/home/waves/ros2_humble/install/intra_process_demo:/home/waves/ros2_humble/install/examples_rclcpp_multithreaded_executor:/home/waves/ros2_humble/install/examples_rclcpp_minimal_timer:/home/waves/ros2_humble/install/examples_rclcpp_minimal_publisher:/home/waves/ros2_humble/install/examples_rclcpp_cbg_executor:/home/waves/ros2_humble/install/dummy_sensors:/home/waves/ros2_humble/install/dummy_map_server:/home/waves/ros2_humble/install/rclcpp:/home/waves/ros2_humble/install/rcl_lifecycle:/home/waves/ros2_humble/install/libstatistics_collector:/home/waves/ros2_humble/install/rcl:/home/waves/ros2_humble/install/rmw_implementation:/home/waves/ros2_humble/install/rmw_fastrtps_dynamic_cpp:/home/waves/ros2_humble/install/rmw_fastrtps_cpp:/home/waves/ros2_humble/install/rmw_fastrtps_shared_cpp:/home/waves/ros2_humble/install/rmw_cyclonedds_cpp:/home/waves/ros2_humble/install/tracetools:/home/waves/ros2_humble/install/tlsf:/home/waves/ros2_humble/install/tinyxml_vendor:/home/waves/ros2_humble/install/qt_gui_core:/home/waves/ros2_humble/install/qt_gui_cpp:/home/waves/ros2_humble/install/pluginlib:/home/waves/ros2_humble/install/tinyxml2_vendor:/home/waves/ros2_humble/install/tf2_eigen_kdl:/home/waves/ros2_humble/install/tf2:/home/waves/ros2_humble/install/test_security:/home/waves/ros2_humble/install/test_rmw_implementation:/home/waves/ros2_humble/install/test_rclcpp:/home/waves/ros2_humble/install/test_quality_of_service:/home/waves/ros2_humble/install/test_launch_testing:/home/waves/ros2_humble/install/test_interface_files:/home/waves/ros2_humble/install/test_communication:/home/waves/ros2_humble/install/test_cli_remapping:/home/waves/ros2_humble/install/test_cli:/home/waves/ros2_humble/install/qt_gui_app:/home/waves/ros2_humble/install/qt_gui:/home/waves/ros2_humble/install/tango_icons_vendor:/home/waves/ros2_humble/install/stereo_msgs:/home/waves/ros2_humble/install/std_srvs:/home/waves/ros2_humble/install/shape_msgs:/home/waves/ros2_humble/install/map_msgs:/home/waves/ros2_humble/install/sensor_msgs:/home/waves/ros2_humble/install/nav_msgs:/home/waves/ros2_humble/install/diagnostic_msgs:/home/waves/ros2_humble/install/geometry_msgs:/home/waves/ros2_humble/install/actionlib_msgs:/home/waves/ros2_humble/install/std_msgs:/home/waves/ros2_humble/install/statistics_msgs:/home/waves/ros2_humble/install/sqlite3_vendor:/home/waves/ros2_humble/install/rcl_logging_spdlog:/home/waves/ros2_humble/install/spdlog_vendor:/home/waves/ros2_humble/install/shared_queues_vendor:/home/waves/ros2_humble/install/rviz_rendering_tests:/home/waves/ros2_humble/install/rviz_rendering:/home/waves/ros2_humble/install/rviz_ogre_vendor:/home/waves/ros2_humble/install/rviz_assimp_vendor:/home/waves/ros2_humble/install/rttest:/home/waves/ros2_humble/install/rmw_connextddsmicro:/home/waves/ros2_humble/install/rmw_connextdds:/home/waves/ros2_humble/install/rmw_connextdds_common:/home/waves/ros2_humble/install/rti_connext_dds_cmake_module:/home/waves/ros2_humble/install/rosgraph_msgs:/home/waves/ros2_humble/install/rosbag2_interfaces:/home/waves/ros2_humble/install/rmw_dds_common:/home/waves/ros2_humble/install/composition_interfaces:/home/waves/ros2_humble/install/rcl_interfaces:/home/waves/ros2_humble/install/pendulum_msgs:/home/waves/ros2_humble/install/lifecycle_msgs:/home/waves/ros2_humble/install/builtin_interfaces:/home/waves/ros2_humble/install/rosidl_default_runtime:/home/waves/ros2_humble/install/rosidl_default_generators:/home/waves/ros2_humble/install/rosidl_generator_py:/home/waves/ros2_humble/install/rosidl_typesupport_introspection_tests:/home/waves/ros2_humble/install/rosidl_typesupport_cpp:/home/waves/ros2_humble/install/rosidl_typesupport_introspection_cpp:/home/waves/ros2_humble/install/rosidl_typesupport_c:/home/waves/ros2_humble/install/rosidl_typesupport_introspection_c:/home/waves/ros2_humble/install/rosidl_typesupport_fastrtps_c:/home/waves/ros2_humble/install/rosidl_typesupport_fastrtps_cpp:/home/waves/ros2_humble/install/rosidl_generator_cpp:/home/waves/ros2_humble/install/rosidl_runtime_cpp:/home/waves/ros2_humble/install/rcl_yaml_param_parser:/home/waves/ros2_humble/install/rmw:/home/waves/ros2_humble/install/rosidl_runtime_c:/home/waves/ros2_humble/install/rosidl_generator_c:/home/waves/ros2_humble/install/rosidl_typesupport_interface:/home/waves/ros2_humble/install/rosidl_generator_dds_idl:/home/waves/ros2_humble/install/rosidl_cmake:/home/waves/ros2_humble/install/rosidl_parser:/home/waves/ros2_humble/install/rosidl_adapter:/home/waves/ros2_humble/install/rosbag2_tests:/home/waves/ros2_humble/install/ros_environment:/home/waves/ros2_humble/install/rmw_implementation_cmake:/home/waves/ros2_humble/install/resource_retriever:/home/waves/ros2_humble/install/class_loader:/home/waves/ros2_humble/install/rcpputils:/home/waves/ros2_humble/install/rcl_logging_noop:/home/waves/ros2_humble/install/rcl_logging_interface:/home/waves/ros2_humble/install/rcutils:/home/waves/ros2_humble/install/qt_gui_py_common:/home/waves/ros2_humble/install/qt_dotgraph:/home/waves/ros2_humble/install/python_qt_binding:/home/waves/ros2_humble/install/python_orocos_kdl_vendor:/home/waves/ros2_humble/install/launch_testing_ament_cmake:/home/waves/ros2_humble/install/python_cmake_module:/home/waves/ros2_humble/install/pybind11_vendor:/home/waves/ros2_humble/install/performance_test_fixture:/home/waves/ros2_humble/install/osrf_testing_tools_cpp:/home/waves/ros2_humble/install/orocos_kdl_vendor:/home/waves/ros2_humble/install/mimick_vendor:/home/waves/ros2_humble/install/libyaml_vendor:/home/waves/ros2_humble/install/libcurl_vendor:/home/waves/ros2_humble/install/keyboard_handler:/home/waves/ros2_humble/install/iceoryx_introspection:/home/waves/ros2_humble/install/cyclonedds:/home/waves/ros2_humble/install/iceoryx_posh:/home/waves/ros2_humble/install/iceoryx_hoofs:/home/waves/ros2_humble/install/iceoryx_binding_c:/home/waves/ros2_humble/install/ament_cmake_ros:/home/waves/ros2_humble/install/ament_cmake_auto:/home/waves/ros2_humble/install/ament_cmake_gmock:/home/waves/ros2_humble/install/gmock_vendor:/home/waves/ros2_humble/install/ament_cmake_gtest:/home/waves/ros2_humble/install/gtest_vendor:/home/waves/ros2_humble/install/ament_cmake_google_benchmark:/home/waves/ros2_humble/install/google_benchmark_vendor:/home/waves/ros2_humble/install/fastrtps:/home/waves/ros2_humble/install/foonathan_memory_vendor:/home/waves/ros2_humble/install/fastrtps_cmake_module:/home/waves/ros2_humble/install/fastcdr:/home/waves/ros2_humble/install/eigen3_cmake_module:/home/waves/ros2_humble/install/console_bridge_vendor:/home/waves/ros2_humble/install/ament_cmake_xmllint:/home/waves/ros2_humble/install/ament_cmake_pyflakes:/home/waves/ros2_humble/install/ament_cmake_pycodestyle:/home/waves/ros2_humble/install/ament_cmake_pep257:/home/waves/ros2_humble/install/ament_cmake_pclint:/home/waves/ros2_humble/install/ament_lint_auto:/home/waves/ros2_humble/install/ament_cmake:/home/waves/ros2_humble/install/ament_cmake_version:/home/waves/ros2_humble/install/ament_cmake_vendor_package:/home/waves/ros2_humble/install/ament_cmake_pytest:/home/waves/ros2_humble/install/ament_cmake_nose:/home/waves/ros2_humble/install/ament_cmake_mypy:/home/waves/ros2_humble/install/ament_cmake_lint_cmake:/home/waves/ros2_humble/install/ament_cmake_flake8:/home/waves/ros2_humble/install/ament_cmake_cpplint:/home/waves/ros2_humble/install/ament_cmake_cppcheck:/home/waves/ros2_humble/install/ament_cmake_copyright:/home/waves/ros2_humble/install/ament_cmake_clang_tidy:/home/waves/ros2_humble/install/ament_cmake_clang_format:/home/waves/ros2_humble/install/ament_cmake_test:/home/waves/ros2_humble/install/ament_cmake_target_dependencies:/home/waves/ros2_humble/install/ament_cmake_python:/home/waves/ros2_humble/install/ament_cmake_export_dependencies:/home/waves/ros2_humble/install/ament_cmake_libraries:/home/waves/ros2_humble/install/ament_cmake_include_directories:/home/waves/ros2_humble/install/ament_cmake_gen_version_h:/home/waves/ros2_humble/install/ament_cmake_export_targets:/home/waves/ros2_humble/install/ament_cmake_export_link_flags:/home/waves/ros2_humble/install/ament_cmake_export_interfaces:/home/waves/ros2_humble/install/ament_cmake_export_libraries:/home/waves/ros2_humble/install/ament_cmake_export_include_directories:/home/waves/ros2_humble/install/ament_cmake_export_definitions:/home/waves/ros2_humble/install/ament_cmake_core:/home/waves/ros2_humble/install/ament_index_cpp /usr/bin/cmake --install /home/waves/hexapod/build/hexapod_control
[5.581s] DEBUG:colcon.colcon_core.event_handler.log_command:Invoked command in '/home/waves/hexapod/build/hexapod_services' returned '0': CMAKE_PREFIX_PATH=/home/waves/hexapod/install/hexapod_interfaces:/home/waves/hexapod/install/hexapod_services:/home/waves/hexapod/install/hexapod_control:/home/waves/ros2_ws/install/video_runner:/home/waves/ros2_ws/install/robotics_class:/home/waves/ros2_ws/install/my_robot_bringup:/home/waves/ros2_ws/install/my_cpp_prac:/home/waves/ros2_ws/install/my_cpp_pkg:/home/waves/ros2_ws/install/act_5:/home/waves/ros2_ws/install/my_interface:/home/waves/ros2_ws/install/buffer:/home/waves/research/install/cobots:/home/waves/ros2_sim/install/ros2_control_demos:/home/waves/ros2_sim/install/ros2_control_demo_description:/home/waves/ros2_sim/install/my_robot_sim:/home/waves/ros2_sim/install/humanoid:/home/waves/ros2_sim/install/hopper_sim:/home/waves/ros2_sim/install/hopper_description:/home/waves/hexapod/install/hexapod_communication:/home/waves/ros2_ws/install/my_py_pkg:/opt/ros/humble:/home/waves/ros2_humble/install/rqt_bag_plugins:/home/waves/ros2_humble/install/rqt_bag:/home/waves/ros2_humble/install/launch_testing_examples:/home/waves/ros2_humble/install/ros2bag:/home/waves/ros2_humble/install/tracetools_test:/home/waves/ros2_humble/install/tracetools_launch:/home/waves/ros2_humble/install/topic_monitor:/home/waves/ros2_humble/install/tf2_tools:/home/waves/ros2_humble/install/examples_tf2_py:/home/waves/ros2_humble/install/tf2_ros_py:/home/waves/ros2_humble/install/sros2:/home/waves/ros2_humble/install/rqt_topic:/home/waves/ros2_humble/install/rqt_srv:/home/waves/ros2_humble/install/rqt_shell:/home/waves/ros2_humble/install/rqt_service_caller:/home/waves/ros2_humble/install/rqt_reconfigure:/home/waves/ros2_humble/install/rqt_py_console:/home/waves/ros2_humble/install/rqt_publisher:/home/waves/ros2_humble/install/rqt_plot:/home/waves/ros2_humble/install/rqt_action:/home/waves/ros2_humble/install/rqt_msg:/home/waves/ros2_humble/install/rqt_console:/home/waves/ros2_humble/install/rqt:/home/waves/ros2_humble/install/rqt_graph:/home/waves/ros2_humble/install/rqt_gui_py:/home/waves/ros2_humble/install/rqt_gui:/home/waves/ros2_humble/install/ros2trace:/home/waves/ros2_humble/install/ros2topic:/home/waves/ros2_humble/install/ros2test:/home/waves/ros2_humble/install/ros2component:/home/waves/ros2_humble/install/ros2param:/home/waves/ros2_humble/install/ros2lifecycle:/home/waves/ros2_humble/install/ros2service:/home/waves/ros2_humble/install/ros2run:/home/waves/ros2_humble/install/ros2launch:/home/waves/ros2_humble/install/ros2pkg:/home/waves/ros2_humble/install/ros2node:/home/waves/ros2_humble/install/ros2multicast:/home/waves/ros2_humble/install/ros2interface:/home/waves/ros2_humble/install/ros2doctor:/home/waves/ros2_humble/install/ros2action:/home/waves/ros2_humble/install/ros2cli:/home/waves/ros2_humble/install/quality_of_service_demo_py:/home/waves/ros2_humble/install/lifecycle_py:/home/waves/ros2_humble/install/launch_testing_ros:/home/waves/ros2_humble/install/launch_ros:/home/waves/ros2_humble/install/examples_rclpy_pointcloud_publisher:/home/waves/ros2_humble/install/examples_rclpy_minimal_subscriber:/home/waves/ros2_humble/install/examples_rclpy_minimal_service:/home/waves/ros2_humble/install/examples_rclpy_minimal_publisher:/home/waves/ros2_humble/install/examples_rclpy_minimal_client:/home/waves/ros2_humble/install/examples_rclpy_minimal_action_server:/home/waves/ros2_humble/install/examples_rclpy_minimal_action_client:/home/waves/ros2_humble/install/examples_rclpy_guard_conditions:/home/waves/ros2_humble/install/examples_rclpy_executors:/home/waves/ros2_humble/install/demo_nodes_py:/home/waves/ros2_humble/install/camera_info_manager_py:/home/waves/ros2_humble/install/action_tutorials_py:/home/waves/ros2_humble/install/ament_uncrustify:/home/waves/ros2_humble/install/tracetools_trace:/home/waves/ros2_humble/install/tracetools_read:/home/waves/ros2_humble/install/test_tracetools_launch:/home/waves/ros2_humble/install/test_launch_ros:/home/waves/ros2_humble/install/sensor_msgs_py:/home/waves/ros2_humble/install/rpyutils:/home/waves/ros2_humble/install/rosidl_runtime_py:/home/waves/ros2_humble/install/rosidl_cli:/home/waves/ros2_humble/install/launch_pytest:/home/waves/ros2_humble/install/launch_testing:/home/waves/ros2_humble/install/launch_yaml:/home/waves/ros2_humble/install/launch_xml:/home/waves/ros2_humble/install/launch:/home/waves/ros2_humble/install/osrf_pycommon:/home/waves/ros2_humble/install/domain_coordinator:/home/waves/ros2_humble/install/ament_xmllint:/home/waves/ros2_humble/install/ament_pyflakes:/home/waves/ros2_humble/install/ament_pycodestyle:/home/waves/ros2_humble/install/ament_pep257:/home/waves/ros2_humble/install/ament_pclint:/home/waves/ros2_humble/install/ament_package:/home/waves/ros2_humble/install/ament_mypy:/home/waves/ros2_humble/install/ament_lint_cmake:/home/waves/ros2_humble/install/ament_flake8:/home/waves/ros2_humble/install/ament_copyright:/home/waves/ros2_humble/install/ament_lint:/home/waves/ros2_humble/install/ament_index_python:/home/waves/ros2_humble/install/ament_cpplint:/home/waves/ros2_humble/install/ament_cppcheck:/home/waves/ros2_humble/install/ament_clang_tidy:/home/waves/ros2_humble/install/ament_clang_format:/home/waves/ros2_sim/install/hexapod_description:/home/waves/ros2_sim/install/hexapod:/home/waves/ros2_sim/install/franka:/home/waves/ros2_humble/install/rosbag2_storage_mcap:/home/waves/ros2_humble/install/rosbag2:/home/waves/ros2_humble/install/rosbag2_compression_zstd:/home/waves/ros2_humble/install/mcap_vendor:/home/waves/ros2_humble/install/zstd_vendor:/home/waves/ros2_humble/install/rviz_visual_testing_framework:/home/waves/ros2_humble/install/rviz2:/home/waves/ros2_humble/install/rviz_default_plugins:/home/waves/ros2_humble/install/rviz_common:/home/waves/ros2_humble/install/rosbag2_py:/home/waves/ros2_humble/install/rosbag2_transport:/home/waves/ros2_humble/install/rosbag2_storage_default_plugins:/home/waves/ros2_humble/install/rosbag2_performance_benchmarking:/home/waves/ros2_humble/install/rosbag2_compression:/home/waves/ros2_humble/install/rosbag2_cpp:/home/waves/ros2_humble/install/rosbag2_storage:/home/waves/ros2_humble/install/image_common:/home/waves/ros2_humble/install/camera_info_manager:/home/waves/ros2_humble/install/camera_calibration_parsers:/home/waves/ros2_humble/install/yaml_cpp_vendor:/home/waves/ros2_humble/install/interactive_markers:/home/waves/ros2_humble/install/common_interfaces:/home/waves/ros2_humble/install/visualization_msgs:/home/waves/ros2_humble/install/dummy_robot_bringup:/home/waves/ros2_humble/install/robot_state_publisher:/home/waves/ros2_humble/install/kdl_parser:/home/waves/ros2_humble/install/urdf:/home/waves/ros2_humble/install/urdfdom:/home/waves/ros2_humble/install/urdf_parser_plugin:/home/waves/ros2_humble/install/urdfdom_headers:/home/waves/ros2_humble/install/turtlesim:/home/waves/ros2_humble/install/geometry2:/home/waves/ros2_humble/install/tf2_sensor_msgs:/home/waves/ros2_humble/install/test_tf2:/home/waves/ros2_humble/install/tf2_kdl:/home/waves/ros2_humble/install/tf2_geometry_msgs:/home/waves/ros2_humble/install/tf2_eigen:/home/waves/ros2_humble/install/tf2_bullet:/home/waves/ros2_humble/install/tf2_ros:/home/waves/ros2_humble/install/tf2_py:/home/waves/ros2_humble/install/tf2_msgs:/home/waves/ros2_humble/install/test_msgs:/home/waves/ros2_humble/install/sros2_cmake:/home/waves/ros2_humble/install/ros2cli_common_extensions:/home/waves/ros2_humble/install/rqt_py_common:/home/waves/ros2_humble/install/rosbag2_storage_mcap_testdata:/home/waves/ros2_humble/install/ros_testing:/home/waves/ros2_humble/install/ros2cli_test_interfaces:/home/waves/ros2_humble/install/quality_of_service_demo_cpp:/home/waves/ros2_humble/install/image_transport:/home/waves/ros2_humble/install/message_filters:/home/waves/ros2_humble/install/demo_nodes_cpp:/home/waves/ros2_humble/install/composition:/home/waves/ros2_humble/install/laser_geometry:/home/waves/ros2_humble/install/rclpy:/home/waves/ros2_humble/install/examples_rclcpp_minimal_action_server:/home/waves/ros2_humble/install/examples_rclcpp_minimal_action_client:/home/waves/ros2_humble/install/action_tutorials_cpp:/home/waves/ros2_humble/install/rclcpp_action:/home/waves/ros2_humble/install/rcl_action:/home/waves/ros2_humble/install/examples_rclcpp_wait_set:/home/waves/ros2_humble/install/examples_rclcpp_minimal_service:/home/waves/ros2_humble/install/examples_rclcpp_minimal_client:/home/waves/ros2_humble/install/examples_rclcpp_async_client:/home/waves/ros2_humble/install/example_interfaces:/home/waves/ros2_humble/install/action_tutorials_interfaces:/home/waves/ros2_humble/install/action_msgs:/home/waves/ros2_humble/install/unique_identifier_msgs:/home/waves/ros2_humble/install/ament_lint_common:/home/waves/ros2_humble/install/ament_cmake_uncrustify:/home/waves/ros2_humble/install/uncrustify_vendor:/home/waves/ros2_humble/install/trajectory_msgs:/home/waves/ros2_humble/install/topic_statistics_demo:/home/waves/ros2_humble/install/pendulum_control:/home/waves/ros2_humble/install/tlsf_cpp:/home/waves/ros2_humble/install/test_tracetools:/home/waves/ros2_humble/install/rqt_gui_cpp:/home/waves/ros2_humble/install/rosbag2_test_common:/home/waves/ros2_humble/install/ros2lifecycle_test_fixtures:/home/waves/ros2_humble/install/lifecycle:/home/waves/ros2_humble/install/rclcpp_lifecycle:/home/waves/ros2_humble/install/logging_demo:/home/waves/ros2_humble/install/image_tools:/home/waves/ros2_humble/install/examples_rclcpp_minimal_subscriber:/home/waves/ros2_humble/install/examples_rclcpp_minimal_composition:/home/waves/ros2_humble/install/demo_nodes_cpp_native:/home/waves/ros2_humble/install/rclcpp_components:/home/waves/ros2_humble/install/intra_process_demo:/home/waves/ros2_humble/install/examples_rclcpp_multithreaded_executor:/home/waves/ros2_humble/install/examples_rclcpp_minimal_timer:/home/waves/ros2_humble/install/examples_rclcpp_minimal_publisher:/home/waves/ros2_humble/install/examples_rclcpp_cbg_executor:/home/waves/ros2_humble/install/dummy_sensors:/home/waves/ros2_humble/install/dummy_map_server:/home/waves/ros2_humble/install/rclcpp:/home/waves/ros2_humble/install/rcl_lifecycle:/home/waves/ros2_humble/install/libstatistics_collector:/home/waves/ros2_humble/install/rcl:/home/waves/ros2_humble/install/rmw_implementation:/home/waves/ros2_humble/install/rmw_fastrtps_dynamic_cpp:/home/waves/ros2_humble/install/rmw_fastrtps_cpp:/home/waves/ros2_humble/install/rmw_fastrtps_shared_cpp:/home/waves/ros2_humble/install/rmw_cyclonedds_cpp:/home/waves/ros2_humble/install/tracetools:/home/waves/ros2_humble/install/tlsf:/home/waves/ros2_humble/install/tinyxml_vendor:/home/waves/ros2_humble/install/qt_gui_core:/home/waves/ros2_humble/install/qt_gui_cpp:/home/waves/ros2_humble/install/pluginlib:/home/waves/ros2_humble/install/tinyxml2_vendor:/home/waves/ros2_humble/install/tf2_eigen_kdl:/home/waves/ros2_humble/install/tf2:/home/waves/ros2_humble/install/test_security:/home/waves/ros2_humble/install/test_rmw_implementation:/home/waves/ros2_humble/install/test_rclcpp:/home/waves/ros2_humble/install/test_quality_of_service:/home/waves/ros2_humble/install/test_launch_testing:/home/waves/ros2_humble/install/test_interface_files:/home/waves/ros2_humble/install/test_communication:/home/waves/ros2_humble/install/test_cli_remapping:/home/waves/ros2_humble/install/test_cli:/home/waves/ros2_humble/install/qt_gui_app:/home/waves/ros2_humble/install/qt_gui:/home/waves/ros2_humble/install/tango_icons_vendor:/home/waves/ros2_humble/install/stereo_msgs:/home/waves/ros2_humble/install/std_srvs:/home/waves/ros2_humble/install/shape_msgs:/home/waves/ros2_humble/install/map_msgs:/home/waves/ros2_humble/install/sensor_msgs:/home/waves/ros2_humble/install/nav_msgs:/home/waves/ros2_humble/install/diagnostic_msgs:/home/waves/ros2_humble/install/geometry_msgs:/home/waves/ros2_humble/install/actionlib_msgs:/home/waves/ros2_humble/install/std_msgs:/home/waves/ros2_humble/install/statistics_msgs:/home/waves/ros2_humble/install/sqlite3_vendor:/home/waves/ros2_humble/install/rcl_logging_spdlog:/home/waves/ros2_humble/install/spdlog_vendor:/home/waves/ros2_humble/install/shared_queues_vendor:/home/waves/ros2_humble/install/rviz_rendering_tests:/home/waves/ros2_humble/install/rviz_rendering:/home/waves/ros2_humble/install/rviz_ogre_vendor:/home/waves/ros2_humble/install/rviz_assimp_vendor:/home/waves/ros2_humble/install/rttest:/home/waves/ros2_humble/install/rmw_connextddsmicro:/home/waves/ros2_humble/install/rmw_connextdds:/home/waves/ros2_humble/install/rmw_connextdds_common:/home/waves/ros2_humble/install/rti_connext_dds_cmake_module:/home/waves/ros2_humble/install/rosgraph_msgs:/home/waves/ros2_humble/install/rosbag2_interfaces:/home/waves/ros2_humble/install/rmw_dds_common:/home/waves/ros2_humble/install/composition_interfaces:/home/waves/ros2_humble/install/rcl_interfaces:/home/waves/ros2_humble/install/pendulum_msgs:/home/waves/ros2_humble/install/lifecycle_msgs:/home/waves/ros2_humble/install/builtin_interfaces:/home/waves/ros2_humble/install/rosidl_default_runtime:/home/waves/ros2_humble/install/rosidl_default_generators:/home/waves/ros2_humble/install/rosidl_generator_py:/home/waves/ros2_humble/install/rosidl_typesupport_introspection_tests:/home/waves/ros2_humble/install/rosidl_typesupport_cpp:/home/waves/ros2_humble/install/rosidl_typesupport_introspection_cpp:/home/waves/ros2_humble/install/rosidl_typesupport_c:/home/waves/ros2_humble/install/rosidl_typesupport_introspection_c:/home/waves/ros2_humble/install/rosidl_typesupport_fastrtps_c:/home/waves/ros2_humble/install/rosidl_typesupport_fastrtps_cpp:/home/waves/ros2_humble/install/rosidl_generator_cpp:/home/waves/ros2_humble/install/rosidl_runtime_cpp:/home/waves/ros2_humble/install/rcl_yaml_param_parser:/home/waves/ros2_humble/install/rmw:/home/waves/ros2_humble/install/rosidl_runtime_c:/home/waves/ros2_humble/install/rosidl_generator_c:/home/waves/ros2_humble/install/rosidl_typesupport_interface:/home/waves/ros2_humble/install/rosidl_generator_dds_idl:/home/waves/ros2_humble/install/rosidl_cmake:/home/waves/ros2_humble/install/rosidl_parser:/home/waves/ros2_humble/install/rosidl_adapter:/home/waves/ros2_humble/install/rosbag2_tests:/home/waves/ros2_humble/install/ros_environment:/home/waves/ros2_humble/install/rmw_implementation_cmake:/home/waves/ros2_humble/install/resource_retriever:/home/waves/ros2_humble/install/class_loader:/home/waves/ros2_humble/install/rcpputils:/home/waves/ros2_humble/install/rcl_logging_noop:/home/waves/ros2_humble/install/rcl_logging_interface:/home/waves/ros2_humble/install/rcutils:/home/waves/ros2_humble/install/qt_gui_py_common:/home/waves/ros2_humble/install/qt_dotgraph:/home/waves/ros2_humble/install/python_qt_binding:/home/waves/ros2_humble/install/python_orocos_kdl_vendor:/home/waves/ros2_humble/install/launch_testing_ament_cmake:/home/waves/ros2_humble/install/python_cmake_module:/home/waves/ros2_humble/install/pybind11_vendor:/home/waves/ros2_humble/install/performance_test_fixture:/home/waves/ros2_humble/install/osrf_testing_tools_cpp:/home/waves/ros2_humble/install/orocos_kdl_vendor:/home/waves/ros2_humble/install/mimick_vendor:/home/waves/ros2_humble/install/libyaml_vendor:/home/waves/ros2_humble/install/libcurl_vendor:/home/waves/ros2_humble/install/keyboard_handler:/home/waves/ros2_humble/install/iceoryx_introspection:/home/waves/ros2_humble/install/cyclonedds:/home/waves/ros2_humble/install/iceoryx_posh:/home/waves/ros2_humble/install/iceoryx_hoofs:/home/waves/ros2_humble/install/iceoryx_binding_c:/home/waves/ros2_humble/install/ament_cmake_ros:/home/waves/ros2_humble/install/ament_cmake_auto:/home/waves/ros2_humble/install/ament_cmake_gmock:/home/waves/ros2_humble/install/gmock_vendor:/home/waves/ros2_humble/install/ament_cmake_gtest:/home/waves/ros2_humble/install/gtest_vendor:/home/waves/ros2_humble/install/ament_cmake_google_benchmark:/home/waves/ros2_humble/install/google_benchmark_vendor:/home/waves/ros2_humble/install/fastrtps:/home/waves/ros2_humble/install/foonathan_memory_vendor:/home/waves/ros2_humble/install/fastrtps_cmake_module:/home/waves/ros2_humble/install/fastcdr:/home/waves/ros2_humble/install/eigen3_cmake_module:/home/waves/ros2_humble/install/console_bridge_vendor:/home/waves/ros2_humble/install/ament_cmake_xmllint:/home/waves/ros2_humble/install/ament_cmake_pyflakes:/home/waves/ros2_humble/install/ament_cmake_pycodestyle:/home/waves/ros2_humble/install/ament_cmake_pep257:/home/waves/ros2_humble/install/ament_cmake_pclint:/home/waves/ros2_humble/install/ament_lint_auto:/home/waves/ros2_humble/install/ament_cmake:/home/waves/ros2_humble/install/ament_cmake_version:/home/waves/ros2_humble/install/ament_cmake_vendor_package:/home/waves/ros2_humble/install/ament_cmake_pytest:/home/waves/ros2_humble/install/ament_cmake_nose:/home/waves/ros2_humble/install/ament_cmake_mypy:/home/waves/ros2_humble/install/ament_cmake_lint_cmake:/home/waves/ros2_humble/install/ament_cmake_flake8:/home/waves/ros2_humble/install/ament_cmake_cpplint:/home/waves/ros2_humble/install/ament_cmake_cppcheck:/home/waves/ros2_humble/install/ament_cmake_copyright:/home/waves/ros2_humble/install/ament_cmake_clang_tidy:/home/waves/ros2_humble/install/ament_cmake_clang_format:/home/waves/ros2_humble/install/ament_cmake_test:/home/waves/ros2_humble/install/ament_cmake_target_dependencies:/home/waves/ros2_humble/install/ament_cmake_python:/home/waves/ros2_humble/install/ament_cmake_export_dependencies:/home/waves/ros2_humble/install/ament_cmake_libraries:/home/waves/ros2_humble/install/ament_cmake_include_directories:/home/waves/ros2_humble/install/ament_cmake_gen_version_h:/home/waves/ros2_humble/install/ament_cmake_export_targets:/home/waves/ros2_humble/install/ament_cmake_export_link_flags:/home/waves/ros2_humble/install/ament_cmake_export_interfaces:/home/waves/ros2_humble/install/ament_cmake_export_libraries:/home/waves/ros2_humble/install/ament_cmake_export_include_directories:/home/waves/ros2_humble/install/ament_cmake_export_definitions:/home/waves/ros2_humble/install/ament_cmake_core:/home/waves/ros2_humble/install/ament_index_cpp /usr/bin/cmake --build /home/waves/hexapod/build/hexapod_services -- -j4 -l4
[5.583s] DEBUG:colcon.colcon_core.event_handler.log_command:Invoking command in '/home/waves/hexapod/build/hexapod_services': CMAKE_PREFIX_PATH=/home/waves/hexapod/install/hexapod_interfaces:/home/waves/hexapod/install/hexapod_services:/home/waves/hexapod/install/hexapod_control:/home/waves/ros2_ws/install/video_runner:/home/waves/ros2_ws/install/robotics_class:/home/waves/ros2_ws/install/my_robot_bringup:/home/waves/ros2_ws/install/my_cpp_prac:/home/waves/ros2_ws/install/my_cpp_pkg:/home/waves/ros2_ws/install/act_5:/home/waves/ros2_ws/install/my_interface:/home/waves/ros2_ws/install/buffer:/home/waves/research/install/cobots:/home/waves/ros2_sim/install/ros2_control_demos:/home/waves/ros2_sim/install/ros2_control_demo_description:/home/waves/ros2_sim/install/my_robot_sim:/home/waves/ros2_sim/install/humanoid:/home/waves/ros2_sim/install/hopper_sim:/home/waves/ros2_sim/install/hopper_description:/home/waves/hexapod/install/hexapod_communication:/home/waves/ros2_ws/install/my_py_pkg:/opt/ros/humble:/home/waves/ros2_humble/install/rqt_bag_plugins:/home/waves/ros2_humble/install/rqt_bag:/home/waves/ros2_humble/install/launch_testing_examples:/home/waves/ros2_humble/install/ros2bag:/home/waves/ros2_humble/install/tracetools_test:/home/waves/ros2_humble/install/tracetools_launch:/home/waves/ros2_humble/install/topic_monitor:/home/waves/ros2_humble/install/tf2_tools:/home/waves/ros2_humble/install/examples_tf2_py:/home/waves/ros2_humble/install/tf2_ros_py:/home/waves/ros2_humble/install/sros2:/home/waves/ros2_humble/install/rqt_topic:/home/waves/ros2_humble/install/rqt_srv:/home/waves/ros2_humble/install/rqt_shell:/home/waves/ros2_humble/install/rqt_service_caller:/home/waves/ros2_humble/install/rqt_reconfigure:/home/waves/ros2_humble/install/rqt_py_console:/home/waves/ros2_humble/install/rqt_publisher:/home/waves/ros2_humble/install/rqt_plot:/home/waves/ros2_humble/install/rqt_action:/home/waves/ros2_humble/install/rqt_msg:/home/waves/ros2_humble/install/rqt_console:/home/waves/ros2_humble/install/rqt:/home/waves/ros2_humble/install/rqt_graph:/home/waves/ros2_humble/install/rqt_gui_py:/home/waves/ros2_humble/install/rqt_gui:/home/waves/ros2_humble/install/ros2trace:/home/waves/ros2_humble/install/ros2topic:/home/waves/ros2_humble/install/ros2test:/home/waves/ros2_humble/install/ros2component:/home/waves/ros2_humble/install/ros2param:/home/waves/ros2_humble/install/ros2lifecycle:/home/waves/ros2_humble/install/ros2service:/home/waves/ros2_humble/install/ros2run:/home/waves/ros2_humble/install/ros2launch:/home/waves/ros2_humble/install/ros2pkg:/home/waves/ros2_humble/install/ros2node:/home/waves/ros2_humble/install/ros2multicast:/home/waves/ros2_humble/install/ros2interface:/home/waves/ros2_humble/install/ros2doctor:/home/waves/ros2_humble/install/ros2action:/home/waves/ros2_humble/install/ros2cli:/home/waves/ros2_humble/install/quality_of_service_demo_py:/home/waves/ros2_humble/install/lifecycle_py:/home/waves/ros2_humble/install/launch_testing_ros:/home/waves/ros2_humble/install/launch_ros:/home/waves/ros2_humble/install/examples_rclpy_pointcloud_publisher:/home/waves/ros2_humble/install/examples_rclpy_minimal_subscriber:/home/waves/ros2_humble/install/examples_rclpy_minimal_service:/home/waves/ros2_humble/install/examples_rclpy_minimal_publisher:/home/waves/ros2_humble/install/examples_rclpy_minimal_client:/home/waves/ros2_humble/install/examples_rclpy_minimal_action_server:/home/waves/ros2_humble/install/examples_rclpy_minimal_action_client:/home/waves/ros2_humble/install/examples_rclpy_guard_conditions:/home/waves/ros2_humble/install/examples_rclpy_executors:/home/waves/ros2_humble/install/demo_nodes_py:/home/waves/ros2_humble/install/camera_info_manager_py:/home/waves/ros2_humble/install/action_tutorials_py:/home/waves/ros2_humble/install/ament_uncrustify:/home/waves/ros2_humble/install/tracetools_trace:/home/waves/ros2_humble/install/tracetools_read:/home/waves/ros2_humble/install/test_tracetools_launch:/home/waves/ros2_humble/install/test_launch_ros:/home/waves/ros2_humble/install/sensor_msgs_py:/home/waves/ros2_humble/install/rpyutils:/home/waves/ros2_humble/install/rosidl_runtime_py:/home/waves/ros2_humble/install/rosidl_cli:/home/waves/ros2_humble/install/launch_pytest:/home/waves/ros2_humble/install/launch_testing:/home/waves/ros2_humble/install/launch_yaml:/home/waves/ros2_humble/install/launch_xml:/home/waves/ros2_humble/install/launch:/home/waves/ros2_humble/install/osrf_pycommon:/home/waves/ros2_humble/install/domain_coordinator:/home/waves/ros2_humble/install/ament_xmllint:/home/waves/ros2_humble/install/ament_pyflakes:/home/waves/ros2_humble/install/ament_pycodestyle:/home/waves/ros2_humble/install/ament_pep257:/home/waves/ros2_humble/install/ament_pclint:/home/waves/ros2_humble/install/ament_package:/home/waves/ros2_humble/install/ament_mypy:/home/waves/ros2_humble/install/ament_lint_cmake:/home/waves/ros2_humble/install/ament_flake8:/home/waves/ros2_humble/install/ament_copyright:/home/waves/ros2_humble/install/ament_lint:/home/waves/ros2_humble/install/ament_index_python:/home/waves/ros2_humble/install/ament_cpplint:/home/waves/ros2_humble/install/ament_cppcheck:/home/waves/ros2_humble/install/ament_clang_tidy:/home/waves/ros2_humble/install/ament_clang_format:/home/waves/ros2_sim/install/hexapod_description:/home/waves/ros2_sim/install/hexapod:/home/waves/ros2_sim/install/franka:/home/waves/ros2_humble/install/rosbag2_storage_mcap:/home/waves/ros2_humble/install/rosbag2:/home/waves/ros2_humble/install/rosbag2_compression_zstd:/home/waves/ros2_humble/install/mcap_vendor:/home/waves/ros2_humble/install/zstd_vendor:/home/waves/ros2_humble/install/rviz_visual_testing_framework:/home/waves/ros2_humble/install/rviz2:/home/waves/ros2_humble/install/rviz_default_plugins:/home/waves/ros2_humble/install/rviz_common:/home/waves/ros2_humble/install/rosbag2_py:/home/waves/ros2_humble/install/rosbag2_transport:/home/waves/ros2_humble/install/rosbag2_storage_default_plugins:/home/waves/ros2_humble/install/rosbag2_performance_benchmarking:/home/waves/ros2_humble/install/rosbag2_compression:/home/waves/ros2_humble/install/rosbag2_cpp:/home/waves/ros2_humble/install/rosbag2_storage:/home/waves/ros2_humble/install/image_common:/home/waves/ros2_humble/install/camera_info_manager:/home/waves/ros2_humble/install/camera_calibration_parsers:/home/waves/ros2_humble/install/yaml_cpp_vendor:/home/waves/ros2_humble/install/interactive_markers:/home/waves/ros2_humble/install/common_interfaces:/home/waves/ros2_humble/install/visualization_msgs:/home/waves/ros2_humble/install/dummy_robot_bringup:/home/waves/ros2_humble/install/robot_state_publisher:/home/waves/ros2_humble/install/kdl_parser:/home/waves/ros2_humble/install/urdf:/home/waves/ros2_humble/install/urdfdom:/home/waves/ros2_humble/install/urdf_parser_plugin:/home/waves/ros2_humble/install/urdfdom_headers:/home/waves/ros2_humble/install/turtlesim:/home/waves/ros2_humble/install/geometry2:/home/waves/ros2_humble/install/tf2_sensor_msgs:/home/waves/ros2_humble/install/test_tf2:/home/waves/ros2_humble/install/tf2_kdl:/home/waves/ros2_humble/install/tf2_geometry_msgs:/home/waves/ros2_humble/install/tf2_eigen:/home/waves/ros2_humble/install/tf2_bullet:/home/waves/ros2_humble/install/tf2_ros:/home/waves/ros2_humble/install/tf2_py:/home/waves/ros2_humble/install/tf2_msgs:/home/waves/ros2_humble/install/test_msgs:/home/waves/ros2_humble/install/sros2_cmake:/home/waves/ros2_humble/install/ros2cli_common_extensions:/home/waves/ros2_humble/install/rqt_py_common:/home/waves/ros2_humble/install/rosbag2_storage_mcap_testdata:/home/waves/ros2_humble/install/ros_testing:/home/waves/ros2_humble/install/ros2cli_test_interfaces:/home/waves/ros2_humble/install/quality_of_service_demo_cpp:/home/waves/ros2_humble/install/image_transport:/home/waves/ros2_humble/install/message_filters:/home/waves/ros2_humble/install/demo_nodes_cpp:/home/waves/ros2_humble/install/composition:/home/waves/ros2_humble/install/laser_geometry:/home/waves/ros2_humble/install/rclpy:/home/waves/ros2_humble/install/examples_rclcpp_minimal_action_server:/home/waves/ros2_humble/install/examples_rclcpp_minimal_action_client:/home/waves/ros2_humble/install/action_tutorials_cpp:/home/waves/ros2_humble/install/rclcpp_action:/home/waves/ros2_humble/install/rcl_action:/home/waves/ros2_humble/install/examples_rclcpp_wait_set:/home/waves/ros2_humble/install/examples_rclcpp_minimal_service:/home/waves/ros2_humble/install/examples_rclcpp_minimal_client:/home/waves/ros2_humble/install/examples_rclcpp_async_client:/home/waves/ros2_humble/install/example_interfaces:/home/waves/ros2_humble/install/action_tutorials_interfaces:/home/waves/ros2_humble/install/action_msgs:/home/waves/ros2_humble/install/unique_identifier_msgs:/home/waves/ros2_humble/install/ament_lint_common:/home/waves/ros2_humble/install/ament_cmake_uncrustify:/home/waves/ros2_humble/install/uncrustify_vendor:/home/waves/ros2_humble/install/trajectory_msgs:/home/waves/ros2_humble/install/topic_statistics_demo:/home/waves/ros2_humble/install/pendulum_control:/home/waves/ros2_humble/install/tlsf_cpp:/home/waves/ros2_humble/install/test_tracetools:/home/waves/ros2_humble/install/rqt_gui_cpp:/home/waves/ros2_humble/install/rosbag2_test_common:/home/waves/ros2_humble/install/ros2lifecycle_test_fixtures:/home/waves/ros2_humble/install/lifecycle:/home/waves/ros2_humble/install/rclcpp_lifecycle:/home/waves/ros2_humble/install/logging_demo:/home/waves/ros2_humble/install/image_tools:/home/waves/ros2_humble/install/examples_rclcpp_minimal_subscriber:/home/waves/ros2_humble/install/examples_rclcpp_minimal_composition:/home/waves/ros2_humble/install/demo_nodes_cpp_native:/home/waves/ros2_humble/install/rclcpp_components:/home/waves/ros2_humble/install/intra_process_demo:/home/waves/ros2_humble/install/examples_rclcpp_multithreaded_executor:/home/waves/ros2_humble/install/examples_rclcpp_minimal_timer:/home/waves/ros2_humble/install/examples_rclcpp_minimal_publisher:/home/waves/ros2_humble/install/examples_rclcpp_cbg_executor:/home/waves/ros2_humble/install/dummy_sensors:/home/waves/ros2_humble/install/dummy_map_server:/home/waves/ros2_humble/install/rclcpp:/home/waves/ros2_humble/install/rcl_lifecycle:/home/waves/ros2_humble/install/libstatistics_collector:/home/waves/ros2_humble/install/rcl:/home/waves/ros2_humble/install/rmw_implementation:/home/waves/ros2_humble/install/rmw_fastrtps_dynamic_cpp:/home/waves/ros2_humble/install/rmw_fastrtps_cpp:/home/waves/ros2_humble/install/rmw_fastrtps_shared_cpp:/home/waves/ros2_humble/install/rmw_cyclonedds_cpp:/home/waves/ros2_humble/install/tracetools:/home/waves/ros2_humble/install/tlsf:/home/waves/ros2_humble/install/tinyxml_vendor:/home/waves/ros2_humble/install/qt_gui_core:/home/waves/ros2_humble/install/qt_gui_cpp:/home/waves/ros2_humble/install/pluginlib:/home/waves/ros2_humble/install/tinyxml2_vendor:/home/waves/ros2_humble/install/tf2_eigen_kdl:/home/waves/ros2_humble/install/tf2:/home/waves/ros2_humble/install/test_security:/home/waves/ros2_humble/install/test_rmw_implementation:/home/waves/ros2_humble/install/test_rclcpp:/home/waves/ros2_humble/install/test_quality_of_service:/home/waves/ros2_humble/install/test_launch_testing:/home/waves/ros2_humble/install/test_interface_files:/home/waves/ros2_humble/install/test_communication:/home/waves/ros2_humble/install/test_cli_remapping:/home/waves/ros2_humble/install/test_cli:/home/waves/ros2_humble/install/qt_gui_app:/home/waves/ros2_humble/install/qt_gui:/home/waves/ros2_humble/install/tango_icons_vendor:/home/waves/ros2_humble/install/stereo_msgs:/home/waves/ros2_humble/install/std_srvs:/home/waves/ros2_humble/install/shape_msgs:/home/waves/ros2_humble/install/map_msgs:/home/waves/ros2_humble/install/sensor_msgs:/home/waves/ros2_humble/install/nav_msgs:/home/waves/ros2_humble/install/diagnostic_msgs:/home/waves/ros2_humble/install/geometry_msgs:/home/waves/ros2_humble/install/actionlib_msgs:/home/waves/ros2_humble/install/std_msgs:/home/waves/ros2_humble/install/statistics_msgs:/home/waves/ros2_humble/install/sqlite3_vendor:/home/waves/ros2_humble/install/rcl_logging_spdlog:/home/waves/ros2_humble/install/spdlog_vendor:/home/waves/ros2_humble/install/shared_queues_vendor:/home/waves/ros2_humble/install/rviz_rendering_tests:/home/waves/ros2_humble/install/rviz_rendering:/home/waves/ros2_humble/install/rviz_ogre_vendor:/home/waves/ros2_humble/install/rviz_assimp_vendor:/home/waves/ros2_humble/install/rttest:/home/waves/ros2_humble/install/rmw_connextddsmicro:/home/waves/ros2_humble/install/rmw_connextdds:/home/waves/ros2_humble/install/rmw_connextdds_common:/home/waves/ros2_humble/install/rti_connext_dds_cmake_module:/home/waves/ros2_humble/install/rosgraph_msgs:/home/waves/ros2_humble/install/rosbag2_interfaces:/home/waves/ros2_humble/install/rmw_dds_common:/home/waves/ros2_humble/install/composition_interfaces:/home/waves/ros2_humble/install/rcl_interfaces:/home/waves/ros2_humble/install/pendulum_msgs:/home/waves/ros2_humble/install/lifecycle_msgs:/home/waves/ros2_humble/install/builtin_interfaces:/home/waves/ros2_humble/install/rosidl_default_runtime:/home/waves/ros2_humble/install/rosidl_default_generators:/home/waves/ros2_humble/install/rosidl_generator_py:/home/waves/ros2_humble/install/rosidl_typesupport_introspection_tests:/home/waves/ros2_humble/install/rosidl_typesupport_cpp:/home/waves/ros2_humble/install/rosidl_typesupport_introspection_cpp:/home/waves/ros2_humble/install/rosidl_typesupport_c:/home/waves/ros2_humble/install/rosidl_typesupport_introspection_c:/home/waves/ros2_humble/install/rosidl_typesupport_fastrtps_c:/home/waves/ros2_humble/install/rosidl_typesupport_fastrtps_cpp:/home/waves/ros2_humble/install/rosidl_generator_cpp:/home/waves/ros2_humble/install/rosidl_runtime_cpp:/home/waves/ros2_humble/install/rcl_yaml_param_parser:/home/waves/ros2_humble/install/rmw:/home/waves/ros2_humble/install/rosidl_runtime_c:/home/waves/ros2_humble/install/rosidl_generator_c:/home/waves/ros2_humble/install/rosidl_typesupport_interface:/home/waves/ros2_humble/install/rosidl_generator_dds_idl:/home/waves/ros2_humble/install/rosidl_cmake:/home/waves/ros2_humble/install/rosidl_parser:/home/waves/ros2_humble/install/rosidl_adapter:/home/waves/ros2_humble/install/rosbag2_tests:/home/waves/ros2_humble/install/ros_environment:/home/waves/ros2_humble/install/rmw_implementation_cmake:/home/waves/ros2_humble/install/resource_retriever:/home/waves/ros2_humble/install/class_loader:/home/waves/ros2_humble/install/rcpputils:/home/waves/ros2_humble/install/rcl_logging_noop:/home/waves/ros2_humble/install/rcl_logging_interface:/home/waves/ros2_humble/install/rcutils:/home/waves/ros2_humble/install/qt_gui_py_common:/home/waves/ros2_humble/install/qt_dotgraph:/home/waves/ros2_humble/install/python_qt_binding:/home/waves/ros2_humble/install/python_orocos_kdl_vendor:/home/waves/ros2_humble/install/launch_testing_ament_cmake:/home/waves/ros2_humble/install/python_cmake_module:/home/waves/ros2_humble/install/pybind11_vendor:/home/waves/ros2_humble/install/performance_test_fixture:/home/waves/ros2_humble/install/osrf_testing_tools_cpp:/home/waves/ros2_humble/install/orocos_kdl_vendor:/home/waves/ros2_humble/install/mimick_vendor:/home/waves/ros2_humble/install/libyaml_vendor:/home/waves/ros2_humble/install/libcurl_vendor:/home/waves/ros2_humble/install/keyboard_handler:/home/waves/ros2_humble/install/iceoryx_introspection:/home/waves/ros2_humble/install/cyclonedds:/home/waves/ros2_humble/install/iceoryx_posh:/home/waves/ros2_humble/install/iceoryx_hoofs:/home/waves/ros2_humble/install/iceoryx_binding_c:/home/waves/ros2_humble/install/ament_cmake_ros:/home/waves/ros2_humble/install/ament_cmake_auto:/home/waves/ros2_humble/install/ament_cmake_gmock:/home/waves/ros2_humble/install/gmock_vendor:/home/waves/ros2_humble/install/ament_cmake_gtest:/home/waves/ros2_humble/install/gtest_vendor:/home/waves/ros2_humble/install/ament_cmake_google_benchmark:/home/waves/ros2_humble/install/google_benchmark_vendor:/home/waves/ros2_humble/install/fastrtps:/home/waves/ros2_humble/install/foonathan_memory_vendor:/home/waves/ros2_humble/install/fastrtps_cmake_module:/home/waves/ros2_humble/install/fastcdr:/home/waves/ros2_humble/install/eigen3_cmake_module:/home/waves/ros2_humble/install/console_bridge_vendor:/home/waves/ros2_humble/install/ament_cmake_xmllint:/home/waves/ros2_humble/install/ament_cmake_pyflakes:/home/waves/ros2_humble/install/ament_cmake_pycodestyle:/home/waves/ros2_humble/install/ament_cmake_pep257:/home/waves/ros2_humble/install/ament_cmake_pclint:/home/waves/ros2_humble/install/ament_lint_auto:/home/waves/ros2_humble/install/ament_cmake:/home/waves/ros2_humble/install/ament_cmake_version:/home/waves/ros2_humble/install/ament_cmake_vendor_package:/home/waves/ros2_humble/install/ament_cmake_pytest:/home/waves/ros2_humble/install/ament_cmake_nose:/home/waves/ros2_humble/install/ament_cmake_mypy:/home/waves/ros2_humble/install/ament_cmake_lint_cmake:/home/waves/ros2_humble/install/ament_cmake_flake8:/home/waves/ros2_humble/install/ament_cmake_cpplint:/home/waves/ros2_humble/install/ament_cmake_cppcheck:/home/waves/ros2_humble/install/ament_cmake_copyright:/home/waves/ros2_humble/install/ament_cmake_clang_tidy:/home/waves/ros2_humble/install/ament_cmake_clang_format:/home/waves/ros2_humble/install/ament_cmake_test:/home/waves/ros2_humble/install/ament_cmake_target_dependencies:/home/waves/ros2_humble/install/ament_cmake_python:/home/waves/ros2_humble/install/ament_cmake_export_dependencies:/home/waves/ros2_humble/install/ament_cmake_libraries:/home/waves/ros2_humble/install/ament_cmake_include_directories:/home/waves/ros2_humble/install/ament_cmake_gen_version_h:/home/waves/ros2_humble/install/ament_cmake_export_targets:/home/waves/ros2_humble/install/ament_cmake_export_link_flags:/home/waves/ros2_humble/install/ament_cmake_export_interfaces:/home/waves/ros2_humble/install/ament_cmake_export_libraries:/home/waves/ros2_humble/install/ament_cmake_export_include_directories:/home/waves/ros2_humble/install/ament_cmake_export_definitions:/home/waves/ros2_humble/install/ament_cmake_core:/home/waves/ros2_humble/install/ament_index_cpp /usr/bin/cmake --install /home/waves/hexapod/build/hexapod_services
[5.619s] Level 1:colcon.colcon_core.environment:create_environment_scripts_only(hexapod_control)
[5.620s] Level 1:colcon.colcon_core.environment:checking '/home/waves/hexapod/install/hexapod_control' for CMake module files
[5.621s] Level 1:colcon.colcon_core.environment:checking '/home/waves/hexapod/install/hexapod_control' for CMake config files
[5.622s] Level 1:colcon.colcon_core.shell:create_environment_hook('hexapod_control', 'cmake_prefix_path')
[5.622s] INFO:colcon.colcon_core.shell:Creating environment hook '/home/waves/hexapod/install/hexapod_control/share/hexapod_control/hook/cmake_prefix_path.ps1'
[5.624s] DEBUG:colcon.colcon_core.event_handler.log_command:Invoked command in '/home/waves/hexapod/build/hexapod_control' returned '0': CMAKE_PREFIX_PATH=/home/waves/hexapod/install/hexapod_interfaces:/home/waves/hexapod/install/hexapod_services:/home/waves/hexapod/install/hexapod_control:/home/waves/ros2_ws/install/video_runner:/home/waves/ros2_ws/install/robotics_class:/home/waves/ros2_ws/install/my_robot_bringup:/home/waves/ros2_ws/install/my_cpp_prac:/home/waves/ros2_ws/install/my_cpp_pkg:/home/waves/ros2_ws/install/act_5:/home/waves/ros2_ws/install/my_interface:/home/waves/ros2_ws/install/buffer:/home/waves/research/install/cobots:/home/waves/ros2_sim/install/ros2_control_demos:/home/waves/ros2_sim/install/ros2_control_demo_description:/home/waves/ros2_sim/install/my_robot_sim:/home/waves/ros2_sim/install/humanoid:/home/waves/ros2_sim/install/hopper_sim:/home/waves/ros2_sim/install/hopper_description:/home/waves/hexapod/install/hexapod_communication:/home/waves/ros2_ws/install/my_py_pkg:/opt/ros/humble:/home/waves/ros2_humble/install/rqt_bag_plugins:/home/waves/ros2_humble/install/rqt_bag:/home/waves/ros2_humble/install/launch_testing_examples:/home/waves/ros2_humble/install/ros2bag:/home/waves/ros2_humble/install/tracetools_test:/home/waves/ros2_humble/install/tracetools_launch:/home/waves/ros2_humble/install/topic_monitor:/home/waves/ros2_humble/install/tf2_tools:/home/waves/ros2_humble/install/examples_tf2_py:/home/waves/ros2_humble/install/tf2_ros_py:/home/waves/ros2_humble/install/sros2:/home/waves/ros2_humble/install/rqt_topic:/home/waves/ros2_humble/install/rqt_srv:/home/waves/ros2_humble/install/rqt_shell:/home/waves/ros2_humble/install/rqt_service_caller:/home/waves/ros2_humble/install/rqt_reconfigure:/home/waves/ros2_humble/install/rqt_py_console:/home/waves/ros2_humble/install/rqt_publisher:/home/waves/ros2_humble/install/rqt_plot:/home/waves/ros2_humble/install/rqt_action:/home/waves/ros2_humble/install/rqt_msg:/home/waves/ros2_humble/install/rqt_console:/home/waves/ros2_humble/install/rqt:/home/waves/ros2_humble/install/rqt_graph:/home/waves/ros2_humble/install/rqt_gui_py:/home/waves/ros2_humble/install/rqt_gui:/home/waves/ros2_humble/install/ros2trace:/home/waves/ros2_humble/install/ros2topic:/home/waves/ros2_humble/install/ros2test:/home/waves/ros2_humble/install/ros2component:/home/waves/ros2_humble/install/ros2param:/home/waves/ros2_humble/install/ros2lifecycle:/home/waves/ros2_humble/install/ros2service:/home/waves/ros2_humble/install/ros2run:/home/waves/ros2_humble/install/ros2launch:/home/waves/ros2_humble/install/ros2pkg:/home/waves/ros2_humble/install/ros2node:/home/waves/ros2_humble/install/ros2multicast:/home/waves/ros2_humble/install/ros2interface:/home/waves/ros2_humble/install/ros2doctor:/home/waves/ros2_humble/install/ros2action:/home/waves/ros2_humble/install/ros2cli:/home/waves/ros2_humble/install/quality_of_service_demo_py:/home/waves/ros2_humble/install/lifecycle_py:/home/waves/ros2_humble/install/launch_testing_ros:/home/waves/ros2_humble/install/launch_ros:/home/waves/ros2_humble/install/examples_rclpy_pointcloud_publisher:/home/waves/ros2_humble/install/examples_rclpy_minimal_subscriber:/home/waves/ros2_humble/install/examples_rclpy_minimal_service:/home/waves/ros2_humble/install/examples_rclpy_minimal_publisher:/home/waves/ros2_humble/install/examples_rclpy_minimal_client:/home/waves/ros2_humble/install/examples_rclpy_minimal_action_server:/home/waves/ros2_humble/install/examples_rclpy_minimal_action_client:/home/waves/ros2_humble/install/examples_rclpy_guard_conditions:/home/waves/ros2_humble/install/examples_rclpy_executors:/home/waves/ros2_humble/install/demo_nodes_py:/home/waves/ros2_humble/install/camera_info_manager_py:/home/waves/ros2_humble/install/action_tutorials_py:/home/waves/ros2_humble/install/ament_uncrustify:/home/waves/ros2_humble/install/tracetools_trace:/home/waves/ros2_humble/install/tracetools_read:/home/waves/ros2_humble/install/test_tracetools_launch:/home/waves/ros2_humble/install/test_launch_ros:/home/waves/ros2_humble/install/sensor_msgs_py:/home/waves/ros2_humble/install/rpyutils:/home/waves/ros2_humble/install/rosidl_runtime_py:/home/waves/ros2_humble/install/rosidl_cli:/home/waves/ros2_humble/install/launch_pytest:/home/waves/ros2_humble/install/launch_testing:/home/waves/ros2_humble/install/launch_yaml:/home/waves/ros2_humble/install/launch_xml:/home/waves/ros2_humble/install/launch:/home/waves/ros2_humble/install/osrf_pycommon:/home/waves/ros2_humble/install/domain_coordinator:/home/waves/ros2_humble/install/ament_xmllint:/home/waves/ros2_humble/install/ament_pyflakes:/home/waves/ros2_humble/install/ament_pycodestyle:/home/waves/ros2_humble/install/ament_pep257:/home/waves/ros2_humble/install/ament_pclint:/home/waves/ros2_humble/install/ament_package:/home/waves/ros2_humble/install/ament_mypy:/home/waves/ros2_humble/install/ament_lint_cmake:/home/waves/ros2_humble/install/ament_flake8:/home/waves/ros2_humble/install/ament_copyright:/home/waves/ros2_humble/install/ament_lint:/home/waves/ros2_humble/install/ament_index_python:/home/waves/ros2_humble/install/ament_cpplint:/home/waves/ros2_humble/install/ament_cppcheck:/home/waves/ros2_humble/install/ament_clang_tidy:/home/waves/ros2_humble/install/ament_clang_format:/home/waves/ros2_sim/install/hexapod_description:/home/waves/ros2_sim/install/hexapod:/home/waves/ros2_sim/install/franka:/home/waves/ros2_humble/install/rosbag2_storage_mcap:/home/waves/ros2_humble/install/rosbag2:/home/waves/ros2_humble/install/rosbag2_compression_zstd:/home/waves/ros2_humble/install/mcap_vendor:/home/waves/ros2_humble/install/zstd_vendor:/home/waves/ros2_humble/install/rviz_visual_testing_framework:/home/waves/ros2_humble/install/rviz2:/home/waves/ros2_humble/install/rviz_default_plugins:/home/waves/ros2_humble/install/rviz_common:/home/waves/ros2_humble/install/rosbag2_py:/home/waves/ros2_humble/install/rosbag2_transport:/home/waves/ros2_humble/install/rosbag2_storage_default_plugins:/home/waves/ros2_humble/install/rosbag2_performance_benchmarking:/home/waves/ros2_humble/install/rosbag2_compression:/home/waves/ros2_humble/install/rosbag2_cpp:/home/waves/ros2_humble/install/rosbag2_storage:/home/waves/ros2_humble/install/image_common:/home/waves/ros2_humble/install/camera_info_manager:/home/waves/ros2_humble/install/camera_calibration_parsers:/home/waves/ros2_humble/install/yaml_cpp_vendor:/home/waves/ros2_humble/install/interactive_markers:/home/waves/ros2_humble/install/common_interfaces:/home/waves/ros2_humble/install/visualization_msgs:/home/waves/ros2_humble/install/dummy_robot_bringup:/home/waves/ros2_humble/install/robot_state_publisher:/home/waves/ros2_humble/install/kdl_parser:/home/waves/ros2_humble/install/urdf:/home/waves/ros2_humble/install/urdfdom:/home/waves/ros2_humble/install/urdf_parser_plugin:/home/waves/ros2_humble/install/urdfdom_headers:/home/waves/ros2_humble/install/turtlesim:/home/waves/ros2_humble/install/geometry2:/home/waves/ros2_humble/install/tf2_sensor_msgs:/home/waves/ros2_humble/install/test_tf2:/home/waves/ros2_humble/install/tf2_kdl:/home/waves/ros2_humble/install/tf2_geometry_msgs:/home/waves/ros2_humble/install/tf2_eigen:/home/waves/ros2_humble/install/tf2_bullet:/home/waves/ros2_humble/install/tf2_ros:/home/waves/ros2_humble/install/tf2_py:/home/waves/ros2_humble/install/tf2_msgs:/home/waves/ros2_humble/install/test_msgs:/home/waves/ros2_humble/install/sros2_cmake:/home/waves/ros2_humble/install/ros2cli_common_extensions:/home/waves/ros2_humble/install/rqt_py_common:/home/waves/ros2_humble/install/rosbag2_storage_mcap_testdata:/home/waves/ros2_humble/install/ros_testing:/home/waves/ros2_humble/install/ros2cli_test_interfaces:/home/waves/ros2_humble/install/quality_of_service_demo_cpp:/home/waves/ros2_humble/install/image_transport:/home/waves/ros2_humble/install/message_filters:/home/waves/ros2_humble/install/demo_nodes_cpp:/home/waves/ros2_humble/install/composition:/home/waves/ros2_humble/install/laser_geometry:/home/waves/ros2_humble/install/rclpy:/home/waves/ros2_humble/install/examples_rclcpp_minimal_action_server:/home/waves/ros2_humble/install/examples_rclcpp_minimal_action_client:/home/waves/ros2_humble/install/action_tutorials_cpp:/home/waves/ros2_humble/install/rclcpp_action:/home/waves/ros2_humble/install/rcl_action:/home/waves/ros2_humble/install/examples_rclcpp_wait_set:/home/waves/ros2_humble/install/examples_rclcpp_minimal_service:/home/waves/ros2_humble/install/examples_rclcpp_minimal_client:/home/waves/ros2_humble/install/examples_rclcpp_async_client:/home/waves/ros2_humble/install/example_interfaces:/home/waves/ros2_humble/install/action_tutorials_interfaces:/home/waves/ros2_humble/install/action_msgs:/home/waves/ros2_humble/install/unique_identifier_msgs:/home/waves/ros2_humble/install/ament_lint_common:/home/waves/ros2_humble/install/ament_cmake_uncrustify:/home/waves/ros2_humble/install/uncrustify_vendor:/home/waves/ros2_humble/install/trajectory_msgs:/home/waves/ros2_humble/install/topic_statistics_demo:/home/waves/ros2_humble/install/pendulum_control:/home/waves/ros2_humble/install/tlsf_cpp:/home/waves/ros2_humble/install/test_tracetools:/home/waves/ros2_humble/install/rqt_gui_cpp:/home/waves/ros2_humble/install/rosbag2_test_common:/home/waves/ros2_humble/install/ros2lifecycle_test_fixtures:/home/waves/ros2_humble/install/lifecycle:/home/waves/ros2_humble/install/rclcpp_lifecycle:/home/waves/ros2_humble/install/logging_demo:/home/waves/ros2_humble/install/image_tools:/home/waves/ros2_humble/install/examples_rclcpp_minimal_subscriber:/home/waves/ros2_humble/install/examples_rclcpp_minimal_composition:/home/waves/ros2_humble/install/demo_nodes_cpp_native:/home/waves/ros2_humble/install/rclcpp_components:/home/waves/ros2_humble/install/intra_process_demo:/home/waves/ros2_humble/install/examples_rclcpp_multithreaded_executor:/home/waves/ros2_humble/install/examples_rclcpp_minimal_timer:/home/waves/ros2_humble/install/examples_rclcpp_minimal_publisher:/home/waves/ros2_humble/install/examples_rclcpp_cbg_executor:/home/waves/ros2_humble/install/dummy_sensors:/home/waves/ros2_humble/install/dummy_map_server:/home/waves/ros2_humble/install/rclcpp:/home/waves/ros2_humble/install/rcl_lifecycle:/home/waves/ros2_humble/install/libstatistics_collector:/home/waves/ros2_humble/install/rcl:/home/waves/ros2_humble/install/rmw_implementation:/home/waves/ros2_humble/install/rmw_fastrtps_dynamic_cpp:/home/waves/ros2_humble/install/rmw_fastrtps_cpp:/home/waves/ros2_humble/install/rmw_fastrtps_shared_cpp:/home/waves/ros2_humble/install/rmw_cyclonedds_cpp:/home/waves/ros2_humble/install/tracetools:/home/waves/ros2_humble/install/tlsf:/home/waves/ros2_humble/install/tinyxml_vendor:/home/waves/ros2_humble/install/qt_gui_core:/home/waves/ros2_humble/install/qt_gui_cpp:/home/waves/ros2_humble/install/pluginlib:/home/waves/ros2_humble/install/tinyxml2_vendor:/home/waves/ros2_humble/install/tf2_eigen_kdl:/home/waves/ros2_humble/install/tf2:/home/waves/ros2_humble/install/test_security:/home/waves/ros2_humble/install/test_rmw_implementation:/home/waves/ros2_humble/install/test_rclcpp:/home/waves/ros2_humble/install/test_quality_of_service:/home/waves/ros2_humble/install/test_launch_testing:/home/waves/ros2_humble/install/test_interface_files:/home/waves/ros2_humble/install/test_communication:/home/waves/ros2_humble/install/test_cli_remapping:/home/waves/ros2_humble/install/test_cli:/home/waves/ros2_humble/install/qt_gui_app:/home/waves/ros2_humble/install/qt_gui:/home/waves/ros2_humble/install/tango_icons_vendor:/home/waves/ros2_humble/install/stereo_msgs:/home/waves/ros2_humble/install/std_srvs:/home/waves/ros2_humble/install/shape_msgs:/home/waves/ros2_humble/install/map_msgs:/home/waves/ros2_humble/install/sensor_msgs:/home/waves/ros2_humble/install/nav_msgs:/home/waves/ros2_humble/install/diagnostic_msgs:/home/waves/ros2_humble/install/geometry_msgs:/home/waves/ros2_humble/install/actionlib_msgs:/home/waves/ros2_humble/install/std_msgs:/home/waves/ros2_humble/install/statistics_msgs:/home/waves/ros2_humble/install/sqlite3_vendor:/home/waves/ros2_humble/install/rcl_logging_spdlog:/home/waves/ros2_humble/install/spdlog_vendor:/home/waves/ros2_humble/install/shared_queues_vendor:/home/waves/ros2_humble/install/rviz_rendering_tests:/home/waves/ros2_humble/install/rviz_rendering:/home/waves/ros2_humble/install/rviz_ogre_vendor:/home/waves/ros2_humble/install/rviz_assimp_vendor:/home/waves/ros2_humble/install/rttest:/home/waves/ros2_humble/install/rmw_connextddsmicro:/home/waves/ros2_humble/install/rmw_connextdds:/home/waves/ros2_humble/install/rmw_connextdds_common:/home/waves/ros2_humble/install/rti_connext_dds_cmake_module:/home/waves/ros2_humble/install/rosgraph_msgs:/home/waves/ros2_humble/install/rosbag2_interfaces:/home/waves/ros2_humble/install/rmw_dds_common:/home/waves/ros2_humble/install/composition_interfaces:/home/waves/ros2_humble/install/rcl_interfaces:/home/waves/ros2_humble/install/pendulum_msgs:/home/waves/ros2_humble/install/lifecycle_msgs:/home/waves/ros2_humble/install/builtin_interfaces:/home/waves/ros2_humble/install/rosidl_default_runtime:/home/waves/ros2_humble/install/rosidl_default_generators:/home/waves/ros2_humble/install/rosidl_generator_py:/home/waves/ros2_humble/install/rosidl_typesupport_introspection_tests:/home/waves/ros2_humble/install/rosidl_typesupport_cpp:/home/waves/ros2_humble/install/rosidl_typesupport_introspection_cpp:/home/waves/ros2_humble/install/rosidl_typesupport_c:/home/waves/ros2_humble/install/rosidl_typesupport_introspection_c:/home/waves/ros2_humble/install/rosidl_typesupport_fastrtps_c:/home/waves/ros2_humble/install/rosidl_typesupport_fastrtps_cpp:/home/waves/ros2_humble/install/rosidl_generator_cpp:/home/waves/ros2_humble/install/rosidl_runtime_cpp:/home/waves/ros2_humble/install/rcl_yaml_param_parser:/home/waves/ros2_humble/install/rmw:/home/waves/ros2_humble/install/rosidl_runtime_c:/home/waves/ros2_humble/install/rosidl_generator_c:/home/waves/ros2_humble/install/rosidl_typesupport_interface:/home/waves/ros2_humble/install/rosidl_generator_dds_idl:/home/waves/ros2_humble/install/rosidl_cmake:/home/waves/ros2_humble/install/rosidl_parser:/home/waves/ros2_humble/install/rosidl_adapter:/home/waves/ros2_humble/install/rosbag2_tests:/home/waves/ros2_humble/install/ros_environment:/home/waves/ros2_humble/install/rmw_implementation_cmake:/home/waves/ros2_humble/install/resource_retriever:/home/waves/ros2_humble/install/class_loader:/home/waves/ros2_humble/install/rcpputils:/home/waves/ros2_humble/install/rcl_logging_noop:/home/waves/ros2_humble/install/rcl_logging_interface:/home/waves/ros2_humble/install/rcutils:/home/waves/ros2_humble/install/qt_gui_py_common:/home/waves/ros2_humble/install/qt_dotgraph:/home/waves/ros2_humble/install/python_qt_binding:/home/waves/ros2_humble/install/python_orocos_kdl_vendor:/home/waves/ros2_humble/install/launch_testing_ament_cmake:/home/waves/ros2_humble/install/python_cmake_module:/home/waves/ros2_humble/install/pybind11_vendor:/home/waves/ros2_humble/install/performance_test_fixture:/home/waves/ros2_humble/install/osrf_testing_tools_cpp:/home/waves/ros2_humble/install/orocos_kdl_vendor:/home/waves/ros2_humble/install/mimick_vendor:/home/waves/ros2_humble/install/libyaml_vendor:/home/waves/ros2_humble/install/libcurl_vendor:/home/waves/ros2_humble/install/keyboard_handler:/home/waves/ros2_humble/install/iceoryx_introspection:/home/waves/ros2_humble/install/cyclonedds:/home/waves/ros2_humble/install/iceoryx_posh:/home/waves/ros2_humble/install/iceoryx_hoofs:/home/waves/ros2_humble/install/iceoryx_binding_c:/home/waves/ros2_humble/install/ament_cmake_ros:/home/waves/ros2_humble/install/ament_cmake_auto:/home/waves/ros2_humble/install/ament_cmake_gmock:/home/waves/ros2_humble/install/gmock_vendor:/home/waves/ros2_humble/install/ament_cmake_gtest:/home/waves/ros2_humble/install/gtest_vendor:/home/waves/ros2_humble/install/ament_cmake_google_benchmark:/home/waves/ros2_humble/install/google_benchmark_vendor:/home/waves/ros2_humble/install/fastrtps:/home/waves/ros2_humble/install/foonathan_memory_vendor:/home/waves/ros2_humble/install/fastrtps_cmake_module:/home/waves/ros2_humble/install/fastcdr:/home/waves/ros2_humble/install/eigen3_cmake_module:/home/waves/ros2_humble/install/console_bridge_vendor:/home/waves/ros2_humble/install/ament_cmake_xmllint:/home/waves/ros2_humble/install/ament_cmake_pyflakes:/home/waves/ros2_humble/install/ament_cmake_pycodestyle:/home/waves/ros2_humble/install/ament_cmake_pep257:/home/waves/ros2_humble/install/ament_cmake_pclint:/home/waves/ros2_humble/install/ament_lint_auto:/home/waves/ros2_humble/install/ament_cmake:/home/waves/ros2_humble/install/ament_cmake_version:/home/waves/ros2_humble/install/ament_cmake_vendor_package:/home/waves/ros2_humble/install/ament_cmake_pytest:/home/waves/ros2_humble/install/ament_cmake_nose:/home/waves/ros2_humble/install/ament_cmake_mypy:/home/waves/ros2_humble/install/ament_cmake_lint_cmake:/home/waves/ros2_humble/install/ament_cmake_flake8:/home/waves/ros2_humble/install/ament_cmake_cpplint:/home/waves/ros2_humble/install/ament_cmake_cppcheck:/home/waves/ros2_humble/install/ament_cmake_copyright:/home/waves/ros2_humble/install/ament_cmake_clang_tidy:/home/waves/ros2_humble/install/ament_cmake_clang_format:/home/waves/ros2_humble/install/ament_cmake_test:/home/waves/ros2_humble/install/ament_cmake_target_dependencies:/home/waves/ros2_humble/install/ament_cmake_python:/home/waves/ros2_humble/install/ament_cmake_export_dependencies:/home/waves/ros2_humble/install/ament_cmake_libraries:/home/waves/ros2_humble/install/ament_cmake_include_directories:/home/waves/ros2_humble/install/ament_cmake_gen_version_h:/home/waves/ros2_humble/install/ament_cmake_export_targets:/home/waves/ros2_humble/install/ament_cmake_export_link_flags:/home/waves/ros2_humble/install/ament_cmake_export_interfaces:/home/waves/ros2_humble/install/ament_cmake_export_libraries:/home/waves/ros2_humble/install/ament_cmake_export_include_directories:/home/waves/ros2_humble/install/ament_cmake_export_definitions:/home/waves/ros2_humble/install/ament_cmake_core:/home/waves/ros2_humble/install/ament_index_cpp /usr/bin/cmake --install /home/waves/hexapod/build/hexapod_control
[5.624s] INFO:colcon.colcon_core.shell:Creating environment descriptor '/home/waves/hexapod/install/hexapod_control/share/hexapod_control/hook/cmake_prefix_path.dsv'
[5.625s] INFO:colcon.colcon_core.shell:Creating environment hook '/home/waves/hexapod/install/hexapod_control/share/hexapod_control/hook/cmake_prefix_path.sh'
[5.627s] Level 1:colcon.colcon_core.environment:checking '/home/waves/hexapod/install/hexapod_control/lib'
[5.627s] Level 1:colcon.colcon_core.environment:checking '/home/waves/hexapod/install/hexapod_control/bin'
[5.627s] Level 1:colcon.colcon_core.environment:checking '/home/waves/hexapod/install/hexapod_control/lib/pkgconfig/hexapod_control.pc'
[5.627s] Level 1:colcon.colcon_core.environment:checking '/home/waves/hexapod/install/hexapod_control/lib/python3.10/site-packages'
[5.628s] Level 1:colcon.colcon_core.environment:checking '/home/waves/hexapod/install/hexapod_control/bin'
[5.628s] INFO:colcon.colcon_core.shell:Creating package script '/home/waves/hexapod/install/hexapod_control/share/hexapod_control/package.ps1'
[5.630s] INFO:colcon.colcon_core.shell:Creating package descriptor '/home/waves/hexapod/install/hexapod_control/share/hexapod_control/package.dsv'
[5.631s] INFO:colcon.colcon_core.shell:Creating package script '/home/waves/hexapod/install/hexapod_control/share/hexapod_control/package.sh'
[5.632s] INFO:colcon.colcon_core.shell:Creating package script '/home/waves/hexapod/install/hexapod_control/share/hexapod_control/package.bash'
[5.633s] INFO:colcon.colcon_core.shell:Creating package script '/home/waves/hexapod/install/hexapod_control/share/hexapod_control/package.zsh'
[5.635s] Level 1:colcon.colcon_core.environment:create_file_with_runtime_dependencies(/home/waves/hexapod/install/hexapod_control/share/colcon-core/packages/hexapod_control)
[5.636s] Level 1:colcon.colcon_core.environment:create_environment_scripts_only(hexapod_control)
[5.636s] Level 1:colcon.colcon_core.environment:checking '/home/waves/hexapod/install/hexapod_control' for CMake module files
[5.637s] Level 1:colcon.colcon_core.environment:checking '/home/waves/hexapod/install/hexapod_control' for CMake config files
[5.637s] Level 1:colcon.colcon_core.shell:create_environment_hook('hexapod_control', 'cmake_prefix_path')
[5.637s] INFO:colcon.colcon_core.shell:Creating environment hook '/home/waves/hexapod/install/hexapod_control/share/hexapod_control/hook/cmake_prefix_path.ps1'
[5.638s] INFO:colcon.colcon_core.shell:Creating environment descriptor '/home/waves/hexapod/install/hexapod_control/share/hexapod_control/hook/cmake_prefix_path.dsv'
[5.639s] INFO:colcon.colcon_core.shell:Creating environment hook '/home/waves/hexapod/install/hexapod_control/share/hexapod_control/hook/cmake_prefix_path.sh'
[5.641s] Level 1:colcon.colcon_core.environment:checking '/home/waves/hexapod/install/hexapod_control/lib'
[5.641s] Level 1:colcon.colcon_core.environment:checking '/home/waves/hexapod/install/hexapod_control/bin'
[5.641s] Level 1:colcon.colcon_core.environment:checking '/home/waves/hexapod/install/hexapod_control/lib/pkgconfig/hexapod_control.pc'
[5.641s] Level 1:colcon.colcon_core.environment:checking '/home/waves/hexapod/install/hexapod_control/lib/python3.10/site-packages'
[5.642s] Level 1:colcon.colcon_core.environment:checking '/home/waves/hexapod/install/hexapod_control/bin'
[5.642s] INFO:colcon.colcon_core.shell:Creating package script '/home/waves/hexapod/install/hexapod_control/share/hexapod_control/package.ps1'
[5.644s] INFO:colcon.colcon_core.shell:Creating package descriptor '/home/waves/hexapod/install/hexapod_control/share/hexapod_control/package.dsv'
[5.645s] INFO:colcon.colcon_core.shell:Creating package script '/home/waves/hexapod/install/hexapod_control/share/hexapod_control/package.sh'
[5.647s] INFO:colcon.colcon_core.shell:Creating package script '/home/waves/hexapod/install/hexapod_control/share/hexapod_control/package.bash'
[5.648s] INFO:colcon.colcon_core.shell:Creating package script '/home/waves/hexapod/install/hexapod_control/share/hexapod_control/package.zsh'
[5.650s] Level 1:colcon.colcon_core.environment:create_file_with_runtime_dependencies(/home/waves/hexapod/install/hexapod_control/share/colcon-core/packages/hexapod_control)
[5.687s] Level 1:colcon.colcon_core.environment:create_environment_scripts_only(hexapod_services)
[5.690s] Level 1:colcon.colcon_core.environment:checking '/home/waves/hexapod/install/hexapod_services' for CMake module files
[5.693s] Level 1:colcon.colcon_core.environment:checking '/home/waves/hexapod/install/hexapod_services' for CMake config files
[5.693s] Level 1:colcon.colcon_core.shell:create_environment_hook('hexapod_services', 'cmake_prefix_path')
[5.694s] INFO:colcon.colcon_core.shell:Creating environment hook '/home/waves/hexapod/install/hexapod_services/share/hexapod_services/hook/cmake_prefix_path.ps1'
[5.702s] INFO:colcon.colcon_core.shell:Creating environment descriptor '/home/waves/hexapod/install/hexapod_services/share/hexapod_services/hook/cmake_prefix_path.dsv'
[5.704s] DEBUG:colcon.colcon_core.event_handler.log_command:Invoked command in '/home/waves/hexapod/build/hexapod_services' returned '0': CMAKE_PREFIX_PATH=/home/waves/hexapod/install/hexapod_interfaces:/home/waves/hexapod/install/hexapod_services:/home/waves/hexapod/install/hexapod_control:/home/waves/ros2_ws/install/video_runner:/home/waves/ros2_ws/install/robotics_class:/home/waves/ros2_ws/install/my_robot_bringup:/home/waves/ros2_ws/install/my_cpp_prac:/home/waves/ros2_ws/install/my_cpp_pkg:/home/waves/ros2_ws/install/act_5:/home/waves/ros2_ws/install/my_interface:/home/waves/ros2_ws/install/buffer:/home/waves/research/install/cobots:/home/waves/ros2_sim/install/ros2_control_demos:/home/waves/ros2_sim/install/ros2_control_demo_description:/home/waves/ros2_sim/install/my_robot_sim:/home/waves/ros2_sim/install/humanoid:/home/waves/ros2_sim/install/hopper_sim:/home/waves/ros2_sim/install/hopper_description:/home/waves/hexapod/install/hexapod_communication:/home/waves/ros2_ws/install/my_py_pkg:/opt/ros/humble:/home/waves/ros2_humble/install/rqt_bag_plugins:/home/waves/ros2_humble/install/rqt_bag:/home/waves/ros2_humble/install/launch_testing_examples:/home/waves/ros2_humble/install/ros2bag:/home/waves/ros2_humble/install/tracetools_test:/home/waves/ros2_humble/install/tracetools_launch:/home/waves/ros2_humble/install/topic_monitor:/home/waves/ros2_humble/install/tf2_tools:/home/waves/ros2_humble/install/examples_tf2_py:/home/waves/ros2_humble/install/tf2_ros_py:/home/waves/ros2_humble/install/sros2:/home/waves/ros2_humble/install/rqt_topic:/home/waves/ros2_humble/install/rqt_srv:/home/waves/ros2_humble/install/rqt_shell:/home/waves/ros2_humble/install/rqt_service_caller:/home/waves/ros2_humble/install/rqt_reconfigure:/home/waves/ros2_humble/install/rqt_py_console:/home/waves/ros2_humble/install/rqt_publisher:/home/waves/ros2_humble/install/rqt_plot:/home/waves/ros2_humble/install/rqt_action:/home/waves/ros2_humble/install/rqt_msg:/home/waves/ros2_humble/install/rqt_console:/home/waves/ros2_humble/install/rqt:/home/waves/ros2_humble/install/rqt_graph:/home/waves/ros2_humble/install/rqt_gui_py:/home/waves/ros2_humble/install/rqt_gui:/home/waves/ros2_humble/install/ros2trace:/home/waves/ros2_humble/install/ros2topic:/home/waves/ros2_humble/install/ros2test:/home/waves/ros2_humble/install/ros2component:/home/waves/ros2_humble/install/ros2param:/home/waves/ros2_humble/install/ros2lifecycle:/home/waves/ros2_humble/install/ros2service:/home/waves/ros2_humble/install/ros2run:/home/waves/ros2_humble/install/ros2launch:/home/waves/ros2_humble/install/ros2pkg:/home/waves/ros2_humble/install/ros2node:/home/waves/ros2_humble/install/ros2multicast:/home/waves/ros2_humble/install/ros2interface:/home/waves/ros2_humble/install/ros2doctor:/home/waves/ros2_humble/install/ros2action:/home/waves/ros2_humble/install/ros2cli:/home/waves/ros2_humble/install/quality_of_service_demo_py:/home/waves/ros2_humble/install/lifecycle_py:/home/waves/ros2_humble/install/launch_testing_ros:/home/waves/ros2_humble/install/launch_ros:/home/waves/ros2_humble/install/examples_rclpy_pointcloud_publisher:/home/waves/ros2_humble/install/examples_rclpy_minimal_subscriber:/home/waves/ros2_humble/install/examples_rclpy_minimal_service:/home/waves/ros2_humble/install/examples_rclpy_minimal_publisher:/home/waves/ros2_humble/install/examples_rclpy_minimal_client:/home/waves/ros2_humble/install/examples_rclpy_minimal_action_server:/home/waves/ros2_humble/install/examples_rclpy_minimal_action_client:/home/waves/ros2_humble/install/examples_rclpy_guard_conditions:/home/waves/ros2_humble/install/examples_rclpy_executors:/home/waves/ros2_humble/install/demo_nodes_py:/home/waves/ros2_humble/install/camera_info_manager_py:/home/waves/ros2_humble/install/action_tutorials_py:/home/waves/ros2_humble/install/ament_uncrustify:/home/waves/ros2_humble/install/tracetools_trace:/home/waves/ros2_humble/install/tracetools_read:/home/waves/ros2_humble/install/test_tracetools_launch:/home/waves/ros2_humble/install/test_launch_ros:/home/waves/ros2_humble/install/sensor_msgs_py:/home/waves/ros2_humble/install/rpyutils:/home/waves/ros2_humble/install/rosidl_runtime_py:/home/waves/ros2_humble/install/rosidl_cli:/home/waves/ros2_humble/install/launch_pytest:/home/waves/ros2_humble/install/launch_testing:/home/waves/ros2_humble/install/launch_yaml:/home/waves/ros2_humble/install/launch_xml:/home/waves/ros2_humble/install/launch:/home/waves/ros2_humble/install/osrf_pycommon:/home/waves/ros2_humble/install/domain_coordinator:/home/waves/ros2_humble/install/ament_xmllint:/home/waves/ros2_humble/install/ament_pyflakes:/home/waves/ros2_humble/install/ament_pycodestyle:/home/waves/ros2_humble/install/ament_pep257:/home/waves/ros2_humble/install/ament_pclint:/home/waves/ros2_humble/install/ament_package:/home/waves/ros2_humble/install/ament_mypy:/home/waves/ros2_humble/install/ament_lint_cmake:/home/waves/ros2_humble/install/ament_flake8:/home/waves/ros2_humble/install/ament_copyright:/home/waves/ros2_humble/install/ament_lint:/home/waves/ros2_humble/install/ament_index_python:/home/waves/ros2_humble/install/ament_cpplint:/home/waves/ros2_humble/install/ament_cppcheck:/home/waves/ros2_humble/install/ament_clang_tidy:/home/waves/ros2_humble/install/ament_clang_format:/home/waves/ros2_sim/install/hexapod_description:/home/waves/ros2_sim/install/hexapod:/home/waves/ros2_sim/install/franka:/home/waves/ros2_humble/install/rosbag2_storage_mcap:/home/waves/ros2_humble/install/rosbag2:/home/waves/ros2_humble/install/rosbag2_compression_zstd:/home/waves/ros2_humble/install/mcap_vendor:/home/waves/ros2_humble/install/zstd_vendor:/home/waves/ros2_humble/install/rviz_visual_testing_framework:/home/waves/ros2_humble/install/rviz2:/home/waves/ros2_humble/install/rviz_default_plugins:/home/waves/ros2_humble/install/rviz_common:/home/waves/ros2_humble/install/rosbag2_py:/home/waves/ros2_humble/install/rosbag2_transport:/home/waves/ros2_humble/install/rosbag2_storage_default_plugins:/home/waves/ros2_humble/install/rosbag2_performance_benchmarking:/home/waves/ros2_humble/install/rosbag2_compression:/home/waves/ros2_humble/install/rosbag2_cpp:/home/waves/ros2_humble/install/rosbag2_storage:/home/waves/ros2_humble/install/image_common:/home/waves/ros2_humble/install/camera_info_manager:/home/waves/ros2_humble/install/camera_calibration_parsers:/home/waves/ros2_humble/install/yaml_cpp_vendor:/home/waves/ros2_humble/install/interactive_markers:/home/waves/ros2_humble/install/common_interfaces:/home/waves/ros2_humble/install/visualization_msgs:/home/waves/ros2_humble/install/dummy_robot_bringup:/home/waves/ros2_humble/install/robot_state_publisher:/home/waves/ros2_humble/install/kdl_parser:/home/waves/ros2_humble/install/urdf:/home/waves/ros2_humble/install/urdfdom:/home/waves/ros2_humble/install/urdf_parser_plugin:/home/waves/ros2_humble/install/urdfdom_headers:/home/waves/ros2_humble/install/turtlesim:/home/waves/ros2_humble/install/geometry2:/home/waves/ros2_humble/install/tf2_sensor_msgs:/home/waves/ros2_humble/install/test_tf2:/home/waves/ros2_humble/install/tf2_kdl:/home/waves/ros2_humble/install/tf2_geometry_msgs:/home/waves/ros2_humble/install/tf2_eigen:/home/waves/ros2_humble/install/tf2_bullet:/home/waves/ros2_humble/install/tf2_ros:/home/waves/ros2_humble/install/tf2_py:/home/waves/ros2_humble/install/tf2_msgs:/home/waves/ros2_humble/install/test_msgs:/home/waves/ros2_humble/install/sros2_cmake:/home/waves/ros2_humble/install/ros2cli_common_extensions:/home/waves/ros2_humble/install/rqt_py_common:/home/waves/ros2_humble/install/rosbag2_storage_mcap_testdata:/home/waves/ros2_humble/install/ros_testing:/home/waves/ros2_humble/install/ros2cli_test_interfaces:/home/waves/ros2_humble/install/quality_of_service_demo_cpp:/home/waves/ros2_humble/install/image_transport:/home/waves/ros2_humble/install/message_filters:/home/waves/ros2_humble/install/demo_nodes_cpp:/home/waves/ros2_humble/install/composition:/home/waves/ros2_humble/install/laser_geometry:/home/waves/ros2_humble/install/rclpy:/home/waves/ros2_humble/install/examples_rclcpp_minimal_action_server:/home/waves/ros2_humble/install/examples_rclcpp_minimal_action_client:/home/waves/ros2_humble/install/action_tutorials_cpp:/home/waves/ros2_humble/install/rclcpp_action:/home/waves/ros2_humble/install/rcl_action:/home/waves/ros2_humble/install/examples_rclcpp_wait_set:/home/waves/ros2_humble/install/examples_rclcpp_minimal_service:/home/waves/ros2_humble/install/examples_rclcpp_minimal_client:/home/waves/ros2_humble/install/examples_rclcpp_async_client:/home/waves/ros2_humble/install/example_interfaces:/home/waves/ros2_humble/install/action_tutorials_interfaces:/home/waves/ros2_humble/install/action_msgs:/home/waves/ros2_humble/install/unique_identifier_msgs:/home/waves/ros2_humble/install/ament_lint_common:/home/waves/ros2_humble/install/ament_cmake_uncrustify:/home/waves/ros2_humble/install/uncrustify_vendor:/home/waves/ros2_humble/install/trajectory_msgs:/home/waves/ros2_humble/install/topic_statistics_demo:/home/waves/ros2_humble/install/pendulum_control:/home/waves/ros2_humble/install/tlsf_cpp:/home/waves/ros2_humble/install/test_tracetools:/home/waves/ros2_humble/install/rqt_gui_cpp:/home/waves/ros2_humble/install/rosbag2_test_common:/home/waves/ros2_humble/install/ros2lifecycle_test_fixtures:/home/waves/ros2_humble/install/lifecycle:/home/waves/ros2_humble/install/rclcpp_lifecycle:/home/waves/ros2_humble/install/logging_demo:/home/waves/ros2_humble/install/image_tools:/home/waves/ros2_humble/install/examples_rclcpp_minimal_subscriber:/home/waves/ros2_humble/install/examples_rclcpp_minimal_composition:/home/waves/ros2_humble/install/demo_nodes_cpp_native:/home/waves/ros2_humble/install/rclcpp_components:/home/waves/ros2_humble/install/intra_process_demo:/home/waves/ros2_humble/install/examples_rclcpp_multithreaded_executor:/home/waves/ros2_humble/install/examples_rclcpp_minimal_timer:/home/waves/ros2_humble/install/examples_rclcpp_minimal_publisher:/home/waves/ros2_humble/install/examples_rclcpp_cbg_executor:/home/waves/ros2_humble/install/dummy_sensors:/home/waves/ros2_humble/install/dummy_map_server:/home/waves/ros2_humble/install/rclcpp:/home/waves/ros2_humble/install/rcl_lifecycle:/home/waves/ros2_humble/install/libstatistics_collector:/home/waves/ros2_humble/install/rcl:/home/waves/ros2_humble/install/rmw_implementation:/home/waves/ros2_humble/install/rmw_fastrtps_dynamic_cpp:/home/waves/ros2_humble/install/rmw_fastrtps_cpp:/home/waves/ros2_humble/install/rmw_fastrtps_shared_cpp:/home/waves/ros2_humble/install/rmw_cyclonedds_cpp:/home/waves/ros2_humble/install/tracetools:/home/waves/ros2_humble/install/tlsf:/home/waves/ros2_humble/install/tinyxml_vendor:/home/waves/ros2_humble/install/qt_gui_core:/home/waves/ros2_humble/install/qt_gui_cpp:/home/waves/ros2_humble/install/pluginlib:/home/waves/ros2_humble/install/tinyxml2_vendor:/home/waves/ros2_humble/install/tf2_eigen_kdl:/home/waves/ros2_humble/install/tf2:/home/waves/ros2_humble/install/test_security:/home/waves/ros2_humble/install/test_rmw_implementation:/home/waves/ros2_humble/install/test_rclcpp:/home/waves/ros2_humble/install/test_quality_of_service:/home/waves/ros2_humble/install/test_launch_testing:/home/waves/ros2_humble/install/test_interface_files:/home/waves/ros2_humble/install/test_communication:/home/waves/ros2_humble/install/test_cli_remapping:/home/waves/ros2_humble/install/test_cli:/home/waves/ros2_humble/install/qt_gui_app:/home/waves/ros2_humble/install/qt_gui:/home/waves/ros2_humble/install/tango_icons_vendor:/home/waves/ros2_humble/install/stereo_msgs:/home/waves/ros2_humble/install/std_srvs:/home/waves/ros2_humble/install/shape_msgs:/home/waves/ros2_humble/install/map_msgs:/home/waves/ros2_humble/install/sensor_msgs:/home/waves/ros2_humble/install/nav_msgs:/home/waves/ros2_humble/install/diagnostic_msgs:/home/waves/ros2_humble/install/geometry_msgs:/home/waves/ros2_humble/install/actionlib_msgs:/home/waves/ros2_humble/install/std_msgs:/home/waves/ros2_humble/install/statistics_msgs:/home/waves/ros2_humble/install/sqlite3_vendor:/home/waves/ros2_humble/install/rcl_logging_spdlog:/home/waves/ros2_humble/install/spdlog_vendor:/home/waves/ros2_humble/install/shared_queues_vendor:/home/waves/ros2_humble/install/rviz_rendering_tests:/home/waves/ros2_humble/install/rviz_rendering:/home/waves/ros2_humble/install/rviz_ogre_vendor:/home/waves/ros2_humble/install/rviz_assimp_vendor:/home/waves/ros2_humble/install/rttest:/home/waves/ros2_humble/install/rmw_connextddsmicro:/home/waves/ros2_humble/install/rmw_connextdds:/home/waves/ros2_humble/install/rmw_connextdds_common:/home/waves/ros2_humble/install/rti_connext_dds_cmake_module:/home/waves/ros2_humble/install/rosgraph_msgs:/home/waves/ros2_humble/install/rosbag2_interfaces:/home/waves/ros2_humble/install/rmw_dds_common:/home/waves/ros2_humble/install/composition_interfaces:/home/waves/ros2_humble/install/rcl_interfaces:/home/waves/ros2_humble/install/pendulum_msgs:/home/waves/ros2_humble/install/lifecycle_msgs:/home/waves/ros2_humble/install/builtin_interfaces:/home/waves/ros2_humble/install/rosidl_default_runtime:/home/waves/ros2_humble/install/rosidl_default_generators:/home/waves/ros2_humble/install/rosidl_generator_py:/home/waves/ros2_humble/install/rosidl_typesupport_introspection_tests:/home/waves/ros2_humble/install/rosidl_typesupport_cpp:/home/waves/ros2_humble/install/rosidl_typesupport_introspection_cpp:/home/waves/ros2_humble/install/rosidl_typesupport_c:/home/waves/ros2_humble/install/rosidl_typesupport_introspection_c:/home/waves/ros2_humble/install/rosidl_typesupport_fastrtps_c:/home/waves/ros2_humble/install/rosidl_typesupport_fastrtps_cpp:/home/waves/ros2_humble/install/rosidl_generator_cpp:/home/waves/ros2_humble/install/rosidl_runtime_cpp:/home/waves/ros2_humble/install/rcl_yaml_param_parser:/home/waves/ros2_humble/install/rmw:/home/waves/ros2_humble/install/rosidl_runtime_c:/home/waves/ros2_humble/install/rosidl_generator_c:/home/waves/ros2_humble/install/rosidl_typesupport_interface:/home/waves/ros2_humble/install/rosidl_generator_dds_idl:/home/waves/ros2_humble/install/rosidl_cmake:/home/waves/ros2_humble/install/rosidl_parser:/home/waves/ros2_humble/install/rosidl_adapter:/home/waves/ros2_humble/install/rosbag2_tests:/home/waves/ros2_humble/install/ros_environment:/home/waves/ros2_humble/install/rmw_implementation_cmake:/home/waves/ros2_humble/install/resource_retriever:/home/waves/ros2_humble/install/class_loader:/home/waves/ros2_humble/install/rcpputils:/home/waves/ros2_humble/install/rcl_logging_noop:/home/waves/ros2_humble/install/rcl_logging_interface:/home/waves/ros2_humble/install/rcutils:/home/waves/ros2_humble/install/qt_gui_py_common:/home/waves/ros2_humble/install/qt_dotgraph:/home/waves/ros2_humble/install/python_qt_binding:/home/waves/ros2_humble/install/python_orocos_kdl_vendor:/home/waves/ros2_humble/install/launch_testing_ament_cmake:/home/waves/ros2_humble/install/python_cmake_module:/home/waves/ros2_humble/install/pybind11_vendor:/home/waves/ros2_humble/install/performance_test_fixture:/home/waves/ros2_humble/install/osrf_testing_tools_cpp:/home/waves/ros2_humble/install/orocos_kdl_vendor:/home/waves/ros2_humble/install/mimick_vendor:/home/waves/ros2_humble/install/libyaml_vendor:/home/waves/ros2_humble/install/libcurl_vendor:/home/waves/ros2_humble/install/keyboard_handler:/home/waves/ros2_humble/install/iceoryx_introspection:/home/waves/ros2_humble/install/cyclonedds:/home/waves/ros2_humble/install/iceoryx_posh:/home/waves/ros2_humble/install/iceoryx_hoofs:/home/waves/ros2_humble/install/iceoryx_binding_c:/home/waves/ros2_humble/install/ament_cmake_ros:/home/waves/ros2_humble/install/ament_cmake_auto:/home/waves/ros2_humble/install/ament_cmake_gmock:/home/waves/ros2_humble/install/gmock_vendor:/home/waves/ros2_humble/install/ament_cmake_gtest:/home/waves/ros2_humble/install/gtest_vendor:/home/waves/ros2_humble/install/ament_cmake_google_benchmark:/home/waves/ros2_humble/install/google_benchmark_vendor:/home/waves/ros2_humble/install/fastrtps:/home/waves/ros2_humble/install/foonathan_memory_vendor:/home/waves/ros2_humble/install/fastrtps_cmake_module:/home/waves/ros2_humble/install/fastcdr:/home/waves/ros2_humble/install/eigen3_cmake_module:/home/waves/ros2_humble/install/console_bridge_vendor:/home/waves/ros2_humble/install/ament_cmake_xmllint:/home/waves/ros2_humble/install/ament_cmake_pyflakes:/home/waves/ros2_humble/install/ament_cmake_pycodestyle:/home/waves/ros2_humble/install/ament_cmake_pep257:/home/waves/ros2_humble/install/ament_cmake_pclint:/home/waves/ros2_humble/install/ament_lint_auto:/home/waves/ros2_humble/install/ament_cmake:/home/waves/ros2_humble/install/ament_cmake_version:/home/waves/ros2_humble/install/ament_cmake_vendor_package:/home/waves/ros2_humble/install/ament_cmake_pytest:/home/waves/ros2_humble/install/ament_cmake_nose:/home/waves/ros2_humble/install/ament_cmake_mypy:/home/waves/ros2_humble/install/ament_cmake_lint_cmake:/home/waves/ros2_humble/install/ament_cmake_flake8:/home/waves/ros2_humble/install/ament_cmake_cpplint:/home/waves/ros2_humble/install/ament_cmake_cppcheck:/home/waves/ros2_humble/install/ament_cmake_copyright:/home/waves/ros2_humble/install/ament_cmake_clang_tidy:/home/waves/ros2_humble/install/ament_cmake_clang_format:/home/waves/ros2_humble/install/ament_cmake_test:/home/waves/ros2_humble/install/ament_cmake_target_dependencies:/home/waves/ros2_humble/install/ament_cmake_python:/home/waves/ros2_humble/install/ament_cmake_export_dependencies:/home/waves/ros2_humble/install/ament_cmake_libraries:/home/waves/ros2_humble/install/ament_cmake_include_directories:/home/waves/ros2_humble/install/ament_cmake_gen_version_h:/home/waves/ros2_humble/install/ament_cmake_export_targets:/home/waves/ros2_humble/install/ament_cmake_export_link_flags:/home/waves/ros2_humble/install/ament_cmake_export_interfaces:/home/waves/ros2_humble/install/ament_cmake_export_libraries:/home/waves/ros2_humble/install/ament_cmake_export_include_directories:/home/waves/ros2_humble/install/ament_cmake_export_definitions:/home/waves/ros2_humble/install/ament_cmake_core:/home/waves/ros2_humble/install/ament_index_cpp /usr/bin/cmake --install /home/waves/hexapod/build/hexapod_services
[5.706s] INFO:colcon.colcon_core.shell:Creating environment hook '/home/waves/hexapod/install/hexapod_services/share/hexapod_services/hook/cmake_prefix_path.sh'
[5.707s] Level 1:colcon.colcon_core.environment:checking '/home/waves/hexapod/install/hexapod_services/lib'
[5.707s] Level 1:colcon.colcon_core.environment:checking '/home/waves/hexapod/install/hexapod_services/bin'
[5.707s] Level 1:colcon.colcon_core.environment:checking '/home/waves/hexapod/install/hexapod_services/lib/pkgconfig/hexapod_services.pc'
[5.708s] Level 1:colcon.colcon_core.environment:checking '/home/waves/hexapod/install/hexapod_services/lib/python3.10/site-packages'
[5.708s] Level 1:colcon.colcon_core.environment:checking '/home/waves/hexapod/install/hexapod_services/bin'
[5.708s] INFO:colcon.colcon_core.shell:Creating package script '/home/waves/hexapod/install/hexapod_services/share/hexapod_services/package.ps1'
[5.710s] INFO:colcon.colcon_core.shell:Creating package descriptor '/home/waves/hexapod/install/hexapod_services/share/hexapod_services/package.dsv'
[5.711s] INFO:colcon.colcon_core.shell:Creating package script '/home/waves/hexapod/install/hexapod_services/share/hexapod_services/package.sh'
[5.712s] INFO:colcon.colcon_core.shell:Creating package script '/home/waves/hexapod/install/hexapod_services/share/hexapod_services/package.bash'
[5.714s] INFO:colcon.colcon_core.shell:Creating package script '/home/waves/hexapod/install/hexapod_services/share/hexapod_services/package.zsh'
[5.715s] Level 1:colcon.colcon_core.environment:create_file_with_runtime_dependencies(/home/waves/hexapod/install/hexapod_services/share/colcon-core/packages/hexapod_services)
[5.718s] Level 1:colcon.colcon_core.environment:create_environment_scripts_only(hexapod_services)
[5.718s] Level 1:colcon.colcon_core.environment:checking '/home/waves/hexapod/install/hexapod_services' for CMake module files
[5.719s] Level 1:colcon.colcon_core.environment:checking '/home/waves/hexapod/install/hexapod_services' for CMake config files
[5.719s] Level 1:colcon.colcon_core.shell:create_environment_hook('hexapod_services', 'cmake_prefix_path')
[5.720s] INFO:colcon.colcon_core.shell:Creating environment hook '/home/waves/hexapod/install/hexapod_services/share/hexapod_services/hook/cmake_prefix_path.ps1'
[5.721s] INFO:colcon.colcon_core.shell:Creating environment descriptor '/home/waves/hexapod/install/hexapod_services/share/hexapod_services/hook/cmake_prefix_path.dsv'
[5.723s] INFO:colcon.colcon_core.shell:Creating environment hook '/home/waves/hexapod/install/hexapod_services/share/hexapod_services/hook/cmake_prefix_path.sh'
[5.724s] Level 1:colcon.colcon_core.environment:checking '/home/waves/hexapod/install/hexapod_services/lib'
[5.724s] Level 1:colcon.colcon_core.environment:checking '/home/waves/hexapod/install/hexapod_services/bin'
[5.724s] Level 1:colcon.colcon_core.environment:checking '/home/waves/hexapod/install/hexapod_services/lib/pkgconfig/hexapod_services.pc'
[5.725s] Level 1:colcon.colcon_core.environment:checking '/home/waves/hexapod/install/hexapod_services/lib/python3.10/site-packages'
[5.726s] Level 1:colcon.colcon_core.environment:checking '/home/waves/hexapod/install/hexapod_services/bin'
[5.726s] INFO:colcon.colcon_core.shell:Creating package script '/home/waves/hexapod/install/hexapod_services/share/hexapod_services/package.ps1'
[5.727s] INFO:colcon.colcon_core.shell:Creating package descriptor '/home/waves/hexapod/install/hexapod_services/share/hexapod_services/package.dsv'
[5.729s] INFO:colcon.colcon_core.shell:Creating package script '/home/waves/hexapod/install/hexapod_services/share/hexapod_services/package.sh'
[5.731s] INFO:colcon.colcon_core.shell:Creating package script '/home/waves/hexapod/install/hexapod_services/share/hexapod_services/package.bash'
[5.732s] INFO:colcon.colcon_core.shell:Creating package script '/home/waves/hexapod/install/hexapod_services/share/hexapod_services/package.zsh'
[5.733s] Level 1:colcon.colcon_core.environment:create_file_with_runtime_dependencies(/home/waves/hexapod/install/hexapod_services/share/colcon-core/packages/hexapod_services)
[6.306s] DEBUG:colcon.colcon_core.event_handler.log_command:Invoked command in '/home/waves/hexapod/build/hexapod' returned '0': CMAKE_PREFIX_PATH=/home/waves/hexapod/install/hexapod_services:/home/waves/hexapod/install/hexapod_control:/home/waves/hexapod/install/hexapod_interfaces:/home/waves/ros2_ws/install/video_runner:/home/waves/ros2_ws/install/robotics_class:/home/waves/ros2_ws/install/my_robot_bringup:/home/waves/ros2_ws/install/my_cpp_prac:/home/waves/ros2_ws/install/my_cpp_pkg:/home/waves/ros2_ws/install/act_5:/home/waves/ros2_ws/install/my_interface:/home/waves/ros2_ws/install/buffer:/home/waves/research/install/cobots:/home/waves/ros2_sim/install/ros2_control_demos:/home/waves/ros2_sim/install/ros2_control_demo_description:/home/waves/ros2_sim/install/my_robot_sim:/home/waves/ros2_sim/install/humanoid:/home/waves/ros2_sim/install/hopper_sim:/home/waves/ros2_sim/install/hopper_description:/home/waves/hexapod/install/hexapod_communication:/home/waves/ros2_ws/install/my_py_pkg:/opt/ros/humble:/home/waves/ros2_humble/install/rqt_bag_plugins:/home/waves/ros2_humble/install/rqt_bag:/home/waves/ros2_humble/install/launch_testing_examples:/home/waves/ros2_humble/install/ros2bag:/home/waves/ros2_humble/install/tracetools_test:/home/waves/ros2_humble/install/tracetools_launch:/home/waves/ros2_humble/install/topic_monitor:/home/waves/ros2_humble/install/tf2_tools:/home/waves/ros2_humble/install/examples_tf2_py:/home/waves/ros2_humble/install/tf2_ros_py:/home/waves/ros2_humble/install/sros2:/home/waves/ros2_humble/install/rqt_topic:/home/waves/ros2_humble/install/rqt_srv:/home/waves/ros2_humble/install/rqt_shell:/home/waves/ros2_humble/install/rqt_service_caller:/home/waves/ros2_humble/install/rqt_reconfigure:/home/waves/ros2_humble/install/rqt_py_console:/home/waves/ros2_humble/install/rqt_publisher:/home/waves/ros2_humble/install/rqt_plot:/home/waves/ros2_humble/install/rqt_action:/home/waves/ros2_humble/install/rqt_msg:/home/waves/ros2_humble/install/rqt_console:/home/waves/ros2_humble/install/rqt:/home/waves/ros2_humble/install/rqt_graph:/home/waves/ros2_humble/install/rqt_gui_py:/home/waves/ros2_humble/install/rqt_gui:/home/waves/ros2_humble/install/ros2trace:/home/waves/ros2_humble/install/ros2topic:/home/waves/ros2_humble/install/ros2test:/home/waves/ros2_humble/install/ros2component:/home/waves/ros2_humble/install/ros2param:/home/waves/ros2_humble/install/ros2lifecycle:/home/waves/ros2_humble/install/ros2service:/home/waves/ros2_humble/install/ros2run:/home/waves/ros2_humble/install/ros2launch:/home/waves/ros2_humble/install/ros2pkg:/home/waves/ros2_humble/install/ros2node:/home/waves/ros2_humble/install/ros2multicast:/home/waves/ros2_humble/install/ros2interface:/home/waves/ros2_humble/install/ros2doctor:/home/waves/ros2_humble/install/ros2action:/home/waves/ros2_humble/install/ros2cli:/home/waves/ros2_humble/install/quality_of_service_demo_py:/home/waves/ros2_humble/install/lifecycle_py:/home/waves/ros2_humble/install/launch_testing_ros:/home/waves/ros2_humble/install/launch_ros:/home/waves/ros2_humble/install/examples_rclpy_pointcloud_publisher:/home/waves/ros2_humble/install/examples_rclpy_minimal_subscriber:/home/waves/ros2_humble/install/examples_rclpy_minimal_service:/home/waves/ros2_humble/install/examples_rclpy_minimal_publisher:/home/waves/ros2_humble/install/examples_rclpy_minimal_client:/home/waves/ros2_humble/install/examples_rclpy_minimal_action_server:/home/waves/ros2_humble/install/examples_rclpy_minimal_action_client:/home/waves/ros2_humble/install/examples_rclpy_guard_conditions:/home/waves/ros2_humble/install/examples_rclpy_executors:/home/waves/ros2_humble/install/demo_nodes_py:/home/waves/ros2_humble/install/camera_info_manager_py:/home/waves/ros2_humble/install/action_tutorials_py:/home/waves/ros2_humble/install/ament_uncrustify:/home/waves/ros2_humble/install/tracetools_trace:/home/waves/ros2_humble/install/tracetools_read:/home/waves/ros2_humble/install/test_tracetools_launch:/home/waves/ros2_humble/install/test_launch_ros:/home/waves/ros2_humble/install/sensor_msgs_py:/home/waves/ros2_humble/install/rpyutils:/home/waves/ros2_humble/install/rosidl_runtime_py:/home/waves/ros2_humble/install/rosidl_cli:/home/waves/ros2_humble/install/launch_pytest:/home/waves/ros2_humble/install/launch_testing:/home/waves/ros2_humble/install/launch_yaml:/home/waves/ros2_humble/install/launch_xml:/home/waves/ros2_humble/install/launch:/home/waves/ros2_humble/install/osrf_pycommon:/home/waves/ros2_humble/install/domain_coordinator:/home/waves/ros2_humble/install/ament_xmllint:/home/waves/ros2_humble/install/ament_pyflakes:/home/waves/ros2_humble/install/ament_pycodestyle:/home/waves/ros2_humble/install/ament_pep257:/home/waves/ros2_humble/install/ament_pclint:/home/waves/ros2_humble/install/ament_package:/home/waves/ros2_humble/install/ament_mypy:/home/waves/ros2_humble/install/ament_lint_cmake:/home/waves/ros2_humble/install/ament_flake8:/home/waves/ros2_humble/install/ament_copyright:/home/waves/ros2_humble/install/ament_lint:/home/waves/ros2_humble/install/ament_index_python:/home/waves/ros2_humble/install/ament_cpplint:/home/waves/ros2_humble/install/ament_cppcheck:/home/waves/ros2_humble/install/ament_clang_tidy:/home/waves/ros2_humble/install/ament_clang_format:/home/waves/ros2_sim/install/hexapod_description:/home/waves/ros2_sim/install/hexapod:/home/waves/ros2_sim/install/franka:/home/waves/ros2_humble/install/rosbag2_storage_mcap:/home/waves/ros2_humble/install/rosbag2:/home/waves/ros2_humble/install/rosbag2_compression_zstd:/home/waves/ros2_humble/install/mcap_vendor:/home/waves/ros2_humble/install/zstd_vendor:/home/waves/ros2_humble/install/rviz_visual_testing_framework:/home/waves/ros2_humble/install/rviz2:/home/waves/ros2_humble/install/rviz_default_plugins:/home/waves/ros2_humble/install/rviz_common:/home/waves/ros2_humble/install/rosbag2_py:/home/waves/ros2_humble/install/rosbag2_transport:/home/waves/ros2_humble/install/rosbag2_storage_default_plugins:/home/waves/ros2_humble/install/rosbag2_performance_benchmarking:/home/waves/ros2_humble/install/rosbag2_compression:/home/waves/ros2_humble/install/rosbag2_cpp:/home/waves/ros2_humble/install/rosbag2_storage:/home/waves/ros2_humble/install/image_common:/home/waves/ros2_humble/install/camera_info_manager:/home/waves/ros2_humble/install/camera_calibration_parsers:/home/waves/ros2_humble/install/yaml_cpp_vendor:/home/waves/ros2_humble/install/interactive_markers:/home/waves/ros2_humble/install/common_interfaces:/home/waves/ros2_humble/install/visualization_msgs:/home/waves/ros2_humble/install/dummy_robot_bringup:/home/waves/ros2_humble/install/robot_state_publisher:/home/waves/ros2_humble/install/kdl_parser:/home/waves/ros2_humble/install/urdf:/home/waves/ros2_humble/install/urdfdom:/home/waves/ros2_humble/install/urdf_parser_plugin:/home/waves/ros2_humble/install/urdfdom_headers:/home/waves/ros2_humble/install/turtlesim:/home/waves/ros2_humble/install/geometry2:/home/waves/ros2_humble/install/tf2_sensor_msgs:/home/waves/ros2_humble/install/test_tf2:/home/waves/ros2_humble/install/tf2_kdl:/home/waves/ros2_humble/install/tf2_geometry_msgs:/home/waves/ros2_humble/install/tf2_eigen:/home/waves/ros2_humble/install/tf2_bullet:/home/waves/ros2_humble/install/tf2_ros:/home/waves/ros2_humble/install/tf2_py:/home/waves/ros2_humble/install/tf2_msgs:/home/waves/ros2_humble/install/test_msgs:/home/waves/ros2_humble/install/sros2_cmake:/home/waves/ros2_humble/install/ros2cli_common_extensions:/home/waves/ros2_humble/install/rqt_py_common:/home/waves/ros2_humble/install/rosbag2_storage_mcap_testdata:/home/waves/ros2_humble/install/ros_testing:/home/waves/ros2_humble/install/ros2cli_test_interfaces:/home/waves/ros2_humble/install/quality_of_service_demo_cpp:/home/waves/ros2_humble/install/image_transport:/home/waves/ros2_humble/install/message_filters:/home/waves/ros2_humble/install/demo_nodes_cpp:/home/waves/ros2_humble/install/composition:/home/waves/ros2_humble/install/laser_geometry:/home/waves/ros2_humble/install/rclpy:/home/waves/ros2_humble/install/examples_rclcpp_minimal_action_server:/home/waves/ros2_humble/install/examples_rclcpp_minimal_action_client:/home/waves/ros2_humble/install/action_tutorials_cpp:/home/waves/ros2_humble/install/rclcpp_action:/home/waves/ros2_humble/install/rcl_action:/home/waves/ros2_humble/install/examples_rclcpp_wait_set:/home/waves/ros2_humble/install/examples_rclcpp_minimal_service:/home/waves/ros2_humble/install/examples_rclcpp_minimal_client:/home/waves/ros2_humble/install/examples_rclcpp_async_client:/home/waves/ros2_humble/install/example_interfaces:/home/waves/ros2_humble/install/action_tutorials_interfaces:/home/waves/ros2_humble/install/action_msgs:/home/waves/ros2_humble/install/unique_identifier_msgs:/home/waves/ros2_humble/install/ament_lint_common:/home/waves/ros2_humble/install/ament_cmake_uncrustify:/home/waves/ros2_humble/install/uncrustify_vendor:/home/waves/ros2_humble/install/trajectory_msgs:/home/waves/ros2_humble/install/topic_statistics_demo:/home/waves/ros2_humble/install/pendulum_control:/home/waves/ros2_humble/install/tlsf_cpp:/home/waves/ros2_humble/install/test_tracetools:/home/waves/ros2_humble/install/rqt_gui_cpp:/home/waves/ros2_humble/install/rosbag2_test_common:/home/waves/ros2_humble/install/ros2lifecycle_test_fixtures:/home/waves/ros2_humble/install/lifecycle:/home/waves/ros2_humble/install/rclcpp_lifecycle:/home/waves/ros2_humble/install/logging_demo:/home/waves/ros2_humble/install/image_tools:/home/waves/ros2_humble/install/examples_rclcpp_minimal_subscriber:/home/waves/ros2_humble/install/examples_rclcpp_minimal_composition:/home/waves/ros2_humble/install/demo_nodes_cpp_native:/home/waves/ros2_humble/install/rclcpp_components:/home/waves/ros2_humble/install/intra_process_demo:/home/waves/ros2_humble/install/examples_rclcpp_multithreaded_executor:/home/waves/ros2_humble/install/examples_rclcpp_minimal_timer:/home/waves/ros2_humble/install/examples_rclcpp_minimal_publisher:/home/waves/ros2_humble/install/examples_rclcpp_cbg_executor:/home/waves/ros2_humble/install/dummy_sensors:/home/waves/ros2_humble/install/dummy_map_server:/home/waves/ros2_humble/install/rclcpp:/home/waves/ros2_humble/install/rcl_lifecycle:/home/waves/ros2_humble/install/libstatistics_collector:/home/waves/ros2_humble/install/rcl:/home/waves/ros2_humble/install/rmw_implementation:/home/waves/ros2_humble/install/rmw_fastrtps_dynamic_cpp:/home/waves/ros2_humble/install/rmw_fastrtps_cpp:/home/waves/ros2_humble/install/rmw_fastrtps_shared_cpp:/home/waves/ros2_humble/install/rmw_cyclonedds_cpp:/home/waves/ros2_humble/install/tracetools:/home/waves/ros2_humble/install/tlsf:/home/waves/ros2_humble/install/tinyxml_vendor:/home/waves/ros2_humble/install/qt_gui_core:/home/waves/ros2_humble/install/qt_gui_cpp:/home/waves/ros2_humble/install/pluginlib:/home/waves/ros2_humble/install/tinyxml2_vendor:/home/waves/ros2_humble/install/tf2_eigen_kdl:/home/waves/ros2_humble/install/tf2:/home/waves/ros2_humble/install/test_security:/home/waves/ros2_humble/install/test_rmw_implementation:/home/waves/ros2_humble/install/test_rclcpp:/home/waves/ros2_humble/install/test_quality_of_service:/home/waves/ros2_humble/install/test_launch_testing:/home/waves/ros2_humble/install/test_interface_files:/home/waves/ros2_humble/install/test_communication:/home/waves/ros2_humble/install/test_cli_remapping:/home/waves/ros2_humble/install/test_cli:/home/waves/ros2_humble/install/qt_gui_app:/home/waves/ros2_humble/install/qt_gui:/home/waves/ros2_humble/install/tango_icons_vendor:/home/waves/ros2_humble/install/stereo_msgs:/home/waves/ros2_humble/install/std_srvs:/home/waves/ros2_humble/install/shape_msgs:/home/waves/ros2_humble/install/map_msgs:/home/waves/ros2_humble/install/sensor_msgs:/home/waves/ros2_humble/install/nav_msgs:/home/waves/ros2_humble/install/diagnostic_msgs:/home/waves/ros2_humble/install/geometry_msgs:/home/waves/ros2_humble/install/actionlib_msgs:/home/waves/ros2_humble/install/std_msgs:/home/waves/ros2_humble/install/statistics_msgs:/home/waves/ros2_humble/install/sqlite3_vendor:/home/waves/ros2_humble/install/rcl_logging_spdlog:/home/waves/ros2_humble/install/spdlog_vendor:/home/waves/ros2_humble/install/shared_queues_vendor:/home/waves/ros2_humble/install/rviz_rendering_tests:/home/waves/ros2_humble/install/rviz_rendering:/home/waves/ros2_humble/install/rviz_ogre_vendor:/home/waves/ros2_humble/install/rviz_assimp_vendor:/home/waves/ros2_humble/install/rttest:/home/waves/ros2_humble/install/rmw_connextddsmicro:/home/waves/ros2_humble/install/rmw_connextdds:/home/waves/ros2_humble/install/rmw_connextdds_common:/home/waves/ros2_humble/install/rti_connext_dds_cmake_module:/home/waves/ros2_humble/install/rosgraph_msgs:/home/waves/ros2_humble/install/rosbag2_interfaces:/home/waves/ros2_humble/install/rmw_dds_common:/home/waves/ros2_humble/install/composition_interfaces:/home/waves/ros2_humble/install/rcl_interfaces:/home/waves/ros2_humble/install/pendulum_msgs:/home/waves/ros2_humble/install/lifecycle_msgs:/home/waves/ros2_humble/install/builtin_interfaces:/home/waves/ros2_humble/install/rosidl_default_runtime:/home/waves/ros2_humble/install/rosidl_default_generators:/home/waves/ros2_humble/install/rosidl_generator_py:/home/waves/ros2_humble/install/rosidl_typesupport_introspection_tests:/home/waves/ros2_humble/install/rosidl_typesupport_cpp:/home/waves/ros2_humble/install/rosidl_typesupport_introspection_cpp:/home/waves/ros2_humble/install/rosidl_typesupport_c:/home/waves/ros2_humble/install/rosidl_typesupport_introspection_c:/home/waves/ros2_humble/install/rosidl_typesupport_fastrtps_c:/home/waves/ros2_humble/install/rosidl_typesupport_fastrtps_cpp:/home/waves/ros2_humble/install/rosidl_generator_cpp:/home/waves/ros2_humble/install/rosidl_runtime_cpp:/home/waves/ros2_humble/install/rcl_yaml_param_parser:/home/waves/ros2_humble/install/rmw:/home/waves/ros2_humble/install/rosidl_runtime_c:/home/waves/ros2_humble/install/rosidl_generator_c:/home/waves/ros2_humble/install/rosidl_typesupport_interface:/home/waves/ros2_humble/install/rosidl_generator_dds_idl:/home/waves/ros2_humble/install/rosidl_cmake:/home/waves/ros2_humble/install/rosidl_parser:/home/waves/ros2_humble/install/rosidl_adapter:/home/waves/ros2_humble/install/rosbag2_tests:/home/waves/ros2_humble/install/ros_environment:/home/waves/ros2_humble/install/rmw_implementation_cmake:/home/waves/ros2_humble/install/resource_retriever:/home/waves/ros2_humble/install/class_loader:/home/waves/ros2_humble/install/rcpputils:/home/waves/ros2_humble/install/rcl_logging_noop:/home/waves/ros2_humble/install/rcl_logging_interface:/home/waves/ros2_humble/install/rcutils:/home/waves/ros2_humble/install/qt_gui_py_common:/home/waves/ros2_humble/install/qt_dotgraph:/home/waves/ros2_humble/install/python_qt_binding:/home/waves/ros2_humble/install/python_orocos_kdl_vendor:/home/waves/ros2_humble/install/launch_testing_ament_cmake:/home/waves/ros2_humble/install/python_cmake_module:/home/waves/ros2_humble/install/pybind11_vendor:/home/waves/ros2_humble/install/performance_test_fixture:/home/waves/ros2_humble/install/osrf_testing_tools_cpp:/home/waves/ros2_humble/install/orocos_kdl_vendor:/home/waves/ros2_humble/install/mimick_vendor:/home/waves/ros2_humble/install/libyaml_vendor:/home/waves/ros2_humble/install/libcurl_vendor:/home/waves/ros2_humble/install/keyboard_handler:/home/waves/ros2_humble/install/iceoryx_introspection:/home/waves/ros2_humble/install/cyclonedds:/home/waves/ros2_humble/install/iceoryx_posh:/home/waves/ros2_humble/install/iceoryx_hoofs:/home/waves/ros2_humble/install/iceoryx_binding_c:/home/waves/ros2_humble/install/ament_cmake_ros:/home/waves/ros2_humble/install/ament_cmake_auto:/home/waves/ros2_humble/install/ament_cmake_gmock:/home/waves/ros2_humble/install/gmock_vendor:/home/waves/ros2_humble/install/ament_cmake_gtest:/home/waves/ros2_humble/install/gtest_vendor:/home/waves/ros2_humble/install/ament_cmake_google_benchmark:/home/waves/ros2_humble/install/google_benchmark_vendor:/home/waves/ros2_humble/install/fastrtps:/home/waves/ros2_humble/install/foonathan_memory_vendor:/home/waves/ros2_humble/install/fastrtps_cmake_module:/home/waves/ros2_humble/install/fastcdr:/home/waves/ros2_humble/install/eigen3_cmake_module:/home/waves/ros2_humble/install/console_bridge_vendor:/home/waves/ros2_humble/install/ament_cmake_xmllint:/home/waves/ros2_humble/install/ament_cmake_pyflakes:/home/waves/ros2_humble/install/ament_cmake_pycodestyle:/home/waves/ros2_humble/install/ament_cmake_pep257:/home/waves/ros2_humble/install/ament_cmake_pclint:/home/waves/ros2_humble/install/ament_lint_auto:/home/waves/ros2_humble/install/ament_cmake:/home/waves/ros2_humble/install/ament_cmake_version:/home/waves/ros2_humble/install/ament_cmake_vendor_package:/home/waves/ros2_humble/install/ament_cmake_pytest:/home/waves/ros2_humble/install/ament_cmake_nose:/home/waves/ros2_humble/install/ament_cmake_mypy:/home/waves/ros2_humble/install/ament_cmake_lint_cmake:/home/waves/ros2_humble/install/ament_cmake_flake8:/home/waves/ros2_humble/install/ament_cmake_cpplint:/home/waves/ros2_humble/install/ament_cmake_cppcheck:/home/waves/ros2_humble/install/ament_cmake_copyright:/home/waves/ros2_humble/install/ament_cmake_clang_tidy:/home/waves/ros2_humble/install/ament_cmake_clang_format:/home/waves/ros2_humble/install/ament_cmake_test:/home/waves/ros2_humble/install/ament_cmake_target_dependencies:/home/waves/ros2_humble/install/ament_cmake_python:/home/waves/ros2_humble/install/ament_cmake_export_dependencies:/home/waves/ros2_humble/install/ament_cmake_libraries:/home/waves/ros2_humble/install/ament_cmake_include_directories:/home/waves/ros2_humble/install/ament_cmake_gen_version_h:/home/waves/ros2_humble/install/ament_cmake_export_targets:/home/waves/ros2_humble/install/ament_cmake_export_link_flags:/home/waves/ros2_humble/install/ament_cmake_export_interfaces:/home/waves/ros2_humble/install/ament_cmake_export_libraries:/home/waves/ros2_humble/install/ament_cmake_export_include_directories:/home/waves/ros2_humble/install/ament_cmake_export_definitions:/home/waves/ros2_humble/install/ament_cmake_core:/home/waves/ros2_humble/install/ament_index_cpp /usr/bin/cmake /home/waves/hexapod/src/hexapod -DCMAKE_INSTALL_PREFIX=/home/waves/hexapod/install/hexapod
[6.307s] DEBUG:colcon.colcon_core.event_handler.log_command:Invoking command in '/home/waves/hexapod/build/hexapod': CMAKE_PREFIX_PATH=/home/waves/hexapod/install/hexapod_services:/home/waves/hexapod/install/hexapod_control:/home/waves/hexapod/install/hexapod_interfaces:/home/waves/ros2_ws/install/video_runner:/home/waves/ros2_ws/install/robotics_class:/home/waves/ros2_ws/install/my_robot_bringup:/home/waves/ros2_ws/install/my_cpp_prac:/home/waves/ros2_ws/install/my_cpp_pkg:/home/waves/ros2_ws/install/act_5:/home/waves/ros2_ws/install/my_interface:/home/waves/ros2_ws/install/buffer:/home/waves/research/install/cobots:/home/waves/ros2_sim/install/ros2_control_demos:/home/waves/ros2_sim/install/ros2_control_demo_description:/home/waves/ros2_sim/install/my_robot_sim:/home/waves/ros2_sim/install/humanoid:/home/waves/ros2_sim/install/hopper_sim:/home/waves/ros2_sim/install/hopper_description:/home/waves/hexapod/install/hexapod_communication:/home/waves/ros2_ws/install/my_py_pkg:/opt/ros/humble:/home/waves/ros2_humble/install/rqt_bag_plugins:/home/waves/ros2_humble/install/rqt_bag:/home/waves/ros2_humble/install/launch_testing_examples:/home/waves/ros2_humble/install/ros2bag:/home/waves/ros2_humble/install/tracetools_test:/home/waves/ros2_humble/install/tracetools_launch:/home/waves/ros2_humble/install/topic_monitor:/home/waves/ros2_humble/install/tf2_tools:/home/waves/ros2_humble/install/examples_tf2_py:/home/waves/ros2_humble/install/tf2_ros_py:/home/waves/ros2_humble/install/sros2:/home/waves/ros2_humble/install/rqt_topic:/home/waves/ros2_humble/install/rqt_srv:/home/waves/ros2_humble/install/rqt_shell:/home/waves/ros2_humble/install/rqt_service_caller:/home/waves/ros2_humble/install/rqt_reconfigure:/home/waves/ros2_humble/install/rqt_py_console:/home/waves/ros2_humble/install/rqt_publisher:/home/waves/ros2_humble/install/rqt_plot:/home/waves/ros2_humble/install/rqt_action:/home/waves/ros2_humble/install/rqt_msg:/home/waves/ros2_humble/install/rqt_console:/home/waves/ros2_humble/install/rqt:/home/waves/ros2_humble/install/rqt_graph:/home/waves/ros2_humble/install/rqt_gui_py:/home/waves/ros2_humble/install/rqt_gui:/home/waves/ros2_humble/install/ros2trace:/home/waves/ros2_humble/install/ros2topic:/home/waves/ros2_humble/install/ros2test:/home/waves/ros2_humble/install/ros2component:/home/waves/ros2_humble/install/ros2param:/home/waves/ros2_humble/install/ros2lifecycle:/home/waves/ros2_humble/install/ros2service:/home/waves/ros2_humble/install/ros2run:/home/waves/ros2_humble/install/ros2launch:/home/waves/ros2_humble/install/ros2pkg:/home/waves/ros2_humble/install/ros2node:/home/waves/ros2_humble/install/ros2multicast:/home/waves/ros2_humble/install/ros2interface:/home/waves/ros2_humble/install/ros2doctor:/home/waves/ros2_humble/install/ros2action:/home/waves/ros2_humble/install/ros2cli:/home/waves/ros2_humble/install/quality_of_service_demo_py:/home/waves/ros2_humble/install/lifecycle_py:/home/waves/ros2_humble/install/launch_testing_ros:/home/waves/ros2_humble/install/launch_ros:/home/waves/ros2_humble/install/examples_rclpy_pointcloud_publisher:/home/waves/ros2_humble/install/examples_rclpy_minimal_subscriber:/home/waves/ros2_humble/install/examples_rclpy_minimal_service:/home/waves/ros2_humble/install/examples_rclpy_minimal_publisher:/home/waves/ros2_humble/install/examples_rclpy_minimal_client:/home/waves/ros2_humble/install/examples_rclpy_minimal_action_server:/home/waves/ros2_humble/install/examples_rclpy_minimal_action_client:/home/waves/ros2_humble/install/examples_rclpy_guard_conditions:/home/waves/ros2_humble/install/examples_rclpy_executors:/home/waves/ros2_humble/install/demo_nodes_py:/home/waves/ros2_humble/install/camera_info_manager_py:/home/waves/ros2_humble/install/action_tutorials_py:/home/waves/ros2_humble/install/ament_uncrustify:/home/waves/ros2_humble/install/tracetools_trace:/home/waves/ros2_humble/install/tracetools_read:/home/waves/ros2_humble/install/test_tracetools_launch:/home/waves/ros2_humble/install/test_launch_ros:/home/waves/ros2_humble/install/sensor_msgs_py:/home/waves/ros2_humble/install/rpyutils:/home/waves/ros2_humble/install/rosidl_runtime_py:/home/waves/ros2_humble/install/rosidl_cli:/home/waves/ros2_humble/install/launch_pytest:/home/waves/ros2_humble/install/launch_testing:/home/waves/ros2_humble/install/launch_yaml:/home/waves/ros2_humble/install/launch_xml:/home/waves/ros2_humble/install/launch:/home/waves/ros2_humble/install/osrf_pycommon:/home/waves/ros2_humble/install/domain_coordinator:/home/waves/ros2_humble/install/ament_xmllint:/home/waves/ros2_humble/install/ament_pyflakes:/home/waves/ros2_humble/install/ament_pycodestyle:/home/waves/ros2_humble/install/ament_pep257:/home/waves/ros2_humble/install/ament_pclint:/home/waves/ros2_humble/install/ament_package:/home/waves/ros2_humble/install/ament_mypy:/home/waves/ros2_humble/install/ament_lint_cmake:/home/waves/ros2_humble/install/ament_flake8:/home/waves/ros2_humble/install/ament_copyright:/home/waves/ros2_humble/install/ament_lint:/home/waves/ros2_humble/install/ament_index_python:/home/waves/ros2_humble/install/ament_cpplint:/home/waves/ros2_humble/install/ament_cppcheck:/home/waves/ros2_humble/install/ament_clang_tidy:/home/waves/ros2_humble/install/ament_clang_format:/home/waves/ros2_sim/install/hexapod_description:/home/waves/ros2_sim/install/hexapod:/home/waves/ros2_sim/install/franka:/home/waves/ros2_humble/install/rosbag2_storage_mcap:/home/waves/ros2_humble/install/rosbag2:/home/waves/ros2_humble/install/rosbag2_compression_zstd:/home/waves/ros2_humble/install/mcap_vendor:/home/waves/ros2_humble/install/zstd_vendor:/home/waves/ros2_humble/install/rviz_visual_testing_framework:/home/waves/ros2_humble/install/rviz2:/home/waves/ros2_humble/install/rviz_default_plugins:/home/waves/ros2_humble/install/rviz_common:/home/waves/ros2_humble/install/rosbag2_py:/home/waves/ros2_humble/install/rosbag2_transport:/home/waves/ros2_humble/install/rosbag2_storage_default_plugins:/home/waves/ros2_humble/install/rosbag2_performance_benchmarking:/home/waves/ros2_humble/install/rosbag2_compression:/home/waves/ros2_humble/install/rosbag2_cpp:/home/waves/ros2_humble/install/rosbag2_storage:/home/waves/ros2_humble/install/image_common:/home/waves/ros2_humble/install/camera_info_manager:/home/waves/ros2_humble/install/camera_calibration_parsers:/home/waves/ros2_humble/install/yaml_cpp_vendor:/home/waves/ros2_humble/install/interactive_markers:/home/waves/ros2_humble/install/common_interfaces:/home/waves/ros2_humble/install/visualization_msgs:/home/waves/ros2_humble/install/dummy_robot_bringup:/home/waves/ros2_humble/install/robot_state_publisher:/home/waves/ros2_humble/install/kdl_parser:/home/waves/ros2_humble/install/urdf:/home/waves/ros2_humble/install/urdfdom:/home/waves/ros2_humble/install/urdf_parser_plugin:/home/waves/ros2_humble/install/urdfdom_headers:/home/waves/ros2_humble/install/turtlesim:/home/waves/ros2_humble/install/geometry2:/home/waves/ros2_humble/install/tf2_sensor_msgs:/home/waves/ros2_humble/install/test_tf2:/home/waves/ros2_humble/install/tf2_kdl:/home/waves/ros2_humble/install/tf2_geometry_msgs:/home/waves/ros2_humble/install/tf2_eigen:/home/waves/ros2_humble/install/tf2_bullet:/home/waves/ros2_humble/install/tf2_ros:/home/waves/ros2_humble/install/tf2_py:/home/waves/ros2_humble/install/tf2_msgs:/home/waves/ros2_humble/install/test_msgs:/home/waves/ros2_humble/install/sros2_cmake:/home/waves/ros2_humble/install/ros2cli_common_extensions:/home/waves/ros2_humble/install/rqt_py_common:/home/waves/ros2_humble/install/rosbag2_storage_mcap_testdata:/home/waves/ros2_humble/install/ros_testing:/home/waves/ros2_humble/install/ros2cli_test_interfaces:/home/waves/ros2_humble/install/quality_of_service_demo_cpp:/home/waves/ros2_humble/install/image_transport:/home/waves/ros2_humble/install/message_filters:/home/waves/ros2_humble/install/demo_nodes_cpp:/home/waves/ros2_humble/install/composition:/home/waves/ros2_humble/install/laser_geometry:/home/waves/ros2_humble/install/rclpy:/home/waves/ros2_humble/install/examples_rclcpp_minimal_action_server:/home/waves/ros2_humble/install/examples_rclcpp_minimal_action_client:/home/waves/ros2_humble/install/action_tutorials_cpp:/home/waves/ros2_humble/install/rclcpp_action:/home/waves/ros2_humble/install/rcl_action:/home/waves/ros2_humble/install/examples_rclcpp_wait_set:/home/waves/ros2_humble/install/examples_rclcpp_minimal_service:/home/waves/ros2_humble/install/examples_rclcpp_minimal_client:/home/waves/ros2_humble/install/examples_rclcpp_async_client:/home/waves/ros2_humble/install/example_interfaces:/home/waves/ros2_humble/install/action_tutorials_interfaces:/home/waves/ros2_humble/install/action_msgs:/home/waves/ros2_humble/install/unique_identifier_msgs:/home/waves/ros2_humble/install/ament_lint_common:/home/waves/ros2_humble/install/ament_cmake_uncrustify:/home/waves/ros2_humble/install/uncrustify_vendor:/home/waves/ros2_humble/install/trajectory_msgs:/home/waves/ros2_humble/install/topic_statistics_demo:/home/waves/ros2_humble/install/pendulum_control:/home/waves/ros2_humble/install/tlsf_cpp:/home/waves/ros2_humble/install/test_tracetools:/home/waves/ros2_humble/install/rqt_gui_cpp:/home/waves/ros2_humble/install/rosbag2_test_common:/home/waves/ros2_humble/install/ros2lifecycle_test_fixtures:/home/waves/ros2_humble/install/lifecycle:/home/waves/ros2_humble/install/rclcpp_lifecycle:/home/waves/ros2_humble/install/logging_demo:/home/waves/ros2_humble/install/image_tools:/home/waves/ros2_humble/install/examples_rclcpp_minimal_subscriber:/home/waves/ros2_humble/install/examples_rclcpp_minimal_composition:/home/waves/ros2_humble/install/demo_nodes_cpp_native:/home/waves/ros2_humble/install/rclcpp_components:/home/waves/ros2_humble/install/intra_process_demo:/home/waves/ros2_humble/install/examples_rclcpp_multithreaded_executor:/home/waves/ros2_humble/install/examples_rclcpp_minimal_timer:/home/waves/ros2_humble/install/examples_rclcpp_minimal_publisher:/home/waves/ros2_humble/install/examples_rclcpp_cbg_executor:/home/waves/ros2_humble/install/dummy_sensors:/home/waves/ros2_humble/install/dummy_map_server:/home/waves/ros2_humble/install/rclcpp:/home/waves/ros2_humble/install/rcl_lifecycle:/home/waves/ros2_humble/install/libstatistics_collector:/home/waves/ros2_humble/install/rcl:/home/waves/ros2_humble/install/rmw_implementation:/home/waves/ros2_humble/install/rmw_fastrtps_dynamic_cpp:/home/waves/ros2_humble/install/rmw_fastrtps_cpp:/home/waves/ros2_humble/install/rmw_fastrtps_shared_cpp:/home/waves/ros2_humble/install/rmw_cyclonedds_cpp:/home/waves/ros2_humble/install/tracetools:/home/waves/ros2_humble/install/tlsf:/home/waves/ros2_humble/install/tinyxml_vendor:/home/waves/ros2_humble/install/qt_gui_core:/home/waves/ros2_humble/install/qt_gui_cpp:/home/waves/ros2_humble/install/pluginlib:/home/waves/ros2_humble/install/tinyxml2_vendor:/home/waves/ros2_humble/install/tf2_eigen_kdl:/home/waves/ros2_humble/install/tf2:/home/waves/ros2_humble/install/test_security:/home/waves/ros2_humble/install/test_rmw_implementation:/home/waves/ros2_humble/install/test_rclcpp:/home/waves/ros2_humble/install/test_quality_of_service:/home/waves/ros2_humble/install/test_launch_testing:/home/waves/ros2_humble/install/test_interface_files:/home/waves/ros2_humble/install/test_communication:/home/waves/ros2_humble/install/test_cli_remapping:/home/waves/ros2_humble/install/test_cli:/home/waves/ros2_humble/install/qt_gui_app:/home/waves/ros2_humble/install/qt_gui:/home/waves/ros2_humble/install/tango_icons_vendor:/home/waves/ros2_humble/install/stereo_msgs:/home/waves/ros2_humble/install/std_srvs:/home/waves/ros2_humble/install/shape_msgs:/home/waves/ros2_humble/install/map_msgs:/home/waves/ros2_humble/install/sensor_msgs:/home/waves/ros2_humble/install/nav_msgs:/home/waves/ros2_humble/install/diagnostic_msgs:/home/waves/ros2_humble/install/geometry_msgs:/home/waves/ros2_humble/install/actionlib_msgs:/home/waves/ros2_humble/install/std_msgs:/home/waves/ros2_humble/install/statistics_msgs:/home/waves/ros2_humble/install/sqlite3_vendor:/home/waves/ros2_humble/install/rcl_logging_spdlog:/home/waves/ros2_humble/install/spdlog_vendor:/home/waves/ros2_humble/install/shared_queues_vendor:/home/waves/ros2_humble/install/rviz_rendering_tests:/home/waves/ros2_humble/install/rviz_rendering:/home/waves/ros2_humble/install/rviz_ogre_vendor:/home/waves/ros2_humble/install/rviz_assimp_vendor:/home/waves/ros2_humble/install/rttest:/home/waves/ros2_humble/install/rmw_connextddsmicro:/home/waves/ros2_humble/install/rmw_connextdds:/home/waves/ros2_humble/install/rmw_connextdds_common:/home/waves/ros2_humble/install/rti_connext_dds_cmake_module:/home/waves/ros2_humble/install/rosgraph_msgs:/home/waves/ros2_humble/install/rosbag2_interfaces:/home/waves/ros2_humble/install/rmw_dds_common:/home/waves/ros2_humble/install/composition_interfaces:/home/waves/ros2_humble/install/rcl_interfaces:/home/waves/ros2_humble/install/pendulum_msgs:/home/waves/ros2_humble/install/lifecycle_msgs:/home/waves/ros2_humble/install/builtin_interfaces:/home/waves/ros2_humble/install/rosidl_default_runtime:/home/waves/ros2_humble/install/rosidl_default_generators:/home/waves/ros2_humble/install/rosidl_generator_py:/home/waves/ros2_humble/install/rosidl_typesupport_introspection_tests:/home/waves/ros2_humble/install/rosidl_typesupport_cpp:/home/waves/ros2_humble/install/rosidl_typesupport_introspection_cpp:/home/waves/ros2_humble/install/rosidl_typesupport_c:/home/waves/ros2_humble/install/rosidl_typesupport_introspection_c:/home/waves/ros2_humble/install/rosidl_typesupport_fastrtps_c:/home/waves/ros2_humble/install/rosidl_typesupport_fastrtps_cpp:/home/waves/ros2_humble/install/rosidl_generator_cpp:/home/waves/ros2_humble/install/rosidl_runtime_cpp:/home/waves/ros2_humble/install/rcl_yaml_param_parser:/home/waves/ros2_humble/install/rmw:/home/waves/ros2_humble/install/rosidl_runtime_c:/home/waves/ros2_humble/install/rosidl_generator_c:/home/waves/ros2_humble/install/rosidl_typesupport_interface:/home/waves/ros2_humble/install/rosidl_generator_dds_idl:/home/waves/ros2_humble/install/rosidl_cmake:/home/waves/ros2_humble/install/rosidl_parser:/home/waves/ros2_humble/install/rosidl_adapter:/home/waves/ros2_humble/install/rosbag2_tests:/home/waves/ros2_humble/install/ros_environment:/home/waves/ros2_humble/install/rmw_implementation_cmake:/home/waves/ros2_humble/install/resource_retriever:/home/waves/ros2_humble/install/class_loader:/home/waves/ros2_humble/install/rcpputils:/home/waves/ros2_humble/install/rcl_logging_noop:/home/waves/ros2_humble/install/rcl_logging_interface:/home/waves/ros2_humble/install/rcutils:/home/waves/ros2_humble/install/qt_gui_py_common:/home/waves/ros2_humble/install/qt_dotgraph:/home/waves/ros2_humble/install/python_qt_binding:/home/waves/ros2_humble/install/python_orocos_kdl_vendor:/home/waves/ros2_humble/install/launch_testing_ament_cmake:/home/waves/ros2_humble/install/python_cmake_module:/home/waves/ros2_humble/install/pybind11_vendor:/home/waves/ros2_humble/install/performance_test_fixture:/home/waves/ros2_humble/install/osrf_testing_tools_cpp:/home/waves/ros2_humble/install/orocos_kdl_vendor:/home/waves/ros2_humble/install/mimick_vendor:/home/waves/ros2_humble/install/libyaml_vendor:/home/waves/ros2_humble/install/libcurl_vendor:/home/waves/ros2_humble/install/keyboard_handler:/home/waves/ros2_humble/install/iceoryx_introspection:/home/waves/ros2_humble/install/cyclonedds:/home/waves/ros2_humble/install/iceoryx_posh:/home/waves/ros2_humble/install/iceoryx_hoofs:/home/waves/ros2_humble/install/iceoryx_binding_c:/home/waves/ros2_humble/install/ament_cmake_ros:/home/waves/ros2_humble/install/ament_cmake_auto:/home/waves/ros2_humble/install/ament_cmake_gmock:/home/waves/ros2_humble/install/gmock_vendor:/home/waves/ros2_humble/install/ament_cmake_gtest:/home/waves/ros2_humble/install/gtest_vendor:/home/waves/ros2_humble/install/ament_cmake_google_benchmark:/home/waves/ros2_humble/install/google_benchmark_vendor:/home/waves/ros2_humble/install/fastrtps:/home/waves/ros2_humble/install/foonathan_memory_vendor:/home/waves/ros2_humble/install/fastrtps_cmake_module:/home/waves/ros2_humble/install/fastcdr:/home/waves/ros2_humble/install/eigen3_cmake_module:/home/waves/ros2_humble/install/console_bridge_vendor:/home/waves/ros2_humble/install/ament_cmake_xmllint:/home/waves/ros2_humble/install/ament_cmake_pyflakes:/home/waves/ros2_humble/install/ament_cmake_pycodestyle:/home/waves/ros2_humble/install/ament_cmake_pep257:/home/waves/ros2_humble/install/ament_cmake_pclint:/home/waves/ros2_humble/install/ament_lint_auto:/home/waves/ros2_humble/install/ament_cmake:/home/waves/ros2_humble/install/ament_cmake_version:/home/waves/ros2_humble/install/ament_cmake_vendor_package:/home/waves/ros2_humble/install/ament_cmake_pytest:/home/waves/ros2_humble/install/ament_cmake_nose:/home/waves/ros2_humble/install/ament_cmake_mypy:/home/waves/ros2_humble/install/ament_cmake_lint_cmake:/home/waves/ros2_humble/install/ament_cmake_flake8:/home/waves/ros2_humble/install/ament_cmake_cpplint:/home/waves/ros2_humble/install/ament_cmake_cppcheck:/home/waves/ros2_humble/install/ament_cmake_copyright:/home/waves/ros2_humble/install/ament_cmake_clang_tidy:/home/waves/ros2_humble/install/ament_cmake_clang_format:/home/waves/ros2_humble/install/ament_cmake_test:/home/waves/ros2_humble/install/ament_cmake_target_dependencies:/home/waves/ros2_humble/install/ament_cmake_python:/home/waves/ros2_humble/install/ament_cmake_export_dependencies:/home/waves/ros2_humble/install/ament_cmake_libraries:/home/waves/ros2_humble/install/ament_cmake_include_directories:/home/waves/ros2_humble/install/ament_cmake_gen_version_h:/home/waves/ros2_humble/install/ament_cmake_export_targets:/home/waves/ros2_humble/install/ament_cmake_export_link_flags:/home/waves/ros2_humble/install/ament_cmake_export_interfaces:/home/waves/ros2_humble/install/ament_cmake_export_libraries:/home/waves/ros2_humble/install/ament_cmake_export_include_directories:/home/waves/ros2_humble/install/ament_cmake_export_definitions:/home/waves/ros2_humble/install/ament_cmake_core:/home/waves/ros2_humble/install/ament_index_cpp /usr/bin/cmake --build /home/waves/hexapod/build/hexapod -- -j4 -l4
[6.329s] Level 1:colcon.colcon_core.environment:checking '/home/waves/hexapod/install/hexapod_communication' for CMake module files
[6.330s] Level 1:colcon.colcon_core.environment:checking '/home/waves/hexapod/install/hexapod_communication' for CMake config files
[6.332s] Level 1:colcon.colcon_core.environment:checking '/home/waves/hexapod/install/hexapod_communication/lib'
[6.332s] Level 1:colcon.colcon_core.environment:checking '/home/waves/hexapod/install/hexapod_communication/bin'
[6.332s] Level 1:colcon.colcon_core.environment:checking '/home/waves/hexapod/install/hexapod_communication/lib/pkgconfig/hexapod_communication.pc'
[6.332s] Level 1:colcon.colcon_core.environment:checking '/home/waves/hexapod/install/hexapod_communication/lib/python3.10/site-packages'
[6.332s] Level 1:colcon.colcon_core.shell:create_environment_hook('hexapod_communication', 'pythonpath')
[6.332s] INFO:colcon.colcon_core.shell:Creating environment hook '/home/waves/hexapod/install/hexapod_communication/share/hexapod_communication/hook/pythonpath.ps1'
[6.333s] INFO:colcon.colcon_core.shell:Creating environment descriptor '/home/waves/hexapod/install/hexapod_communication/share/hexapod_communication/hook/pythonpath.dsv'
[6.335s] DEBUG:colcon.colcon_core.event_handler.log_command:Invoked command in '/home/waves/hexapod/src/hexapod_communication' returned '0': PYTHONPATH=/home/waves/hexapod/build/hexapod_communication/prefix_override:/usr/lib/python3/dist-packages/colcon_core/task/python/colcon_distutils_commands:/home/waves/hexapod/install/hexapod_communication/lib/python3.10/site-packages:${PYTHONPATH} /usr/bin/python3 -W ignore:setup.py install is deprecated -W ignore:easy_install command is deprecated setup.py egg_info --egg-base ../../build/hexapod_communication build --build-base /home/waves/hexapod/build/hexapod_communication/build install --record /home/waves/hexapod/build/hexapod_communication/install.log --single-version-externally-managed install_data
[6.335s] INFO:colcon.colcon_core.shell:Creating environment hook '/home/waves/hexapod/install/hexapod_communication/share/hexapod_communication/hook/pythonpath.sh'
[6.338s] Level 1:colcon.colcon_core.environment:checking '/home/waves/hexapod/install/hexapod_communication/bin'
[6.338s] Level 1:colcon.colcon_core.environment:create_environment_scripts_only(hexapod_communication)
[6.338s] INFO:colcon.colcon_core.shell:Creating package script '/home/waves/hexapod/install/hexapod_communication/share/hexapod_communication/package.ps1'
[6.340s] INFO:colcon.colcon_core.shell:Creating package descriptor '/home/waves/hexapod/install/hexapod_communication/share/hexapod_communication/package.dsv'
[6.341s] INFO:colcon.colcon_core.shell:Creating package script '/home/waves/hexapod/install/hexapod_communication/share/hexapod_communication/package.sh'
[6.342s] INFO:colcon.colcon_core.shell:Creating package script '/home/waves/hexapod/install/hexapod_communication/share/hexapod_communication/package.bash'
[6.342s] INFO:colcon.colcon_core.shell:Creating package script '/home/waves/hexapod/install/hexapod_communication/share/hexapod_communication/package.zsh'
[6.343s] Level 1:colcon.colcon_core.environment:create_file_with_runtime_dependencies(/home/waves/hexapod/install/hexapod_communication/share/colcon-core/packages/hexapod_communication)
[6.614s] DEBUG:colcon.colcon_core.event_handler.log_command:Invoked command in '/home/waves/hexapod/build/hexapod' returned '0': CMAKE_PREFIX_PATH=/home/waves/hexapod/install/hexapod_services:/home/waves/hexapod/install/hexapod_control:/home/waves/hexapod/install/hexapod_interfaces:/home/waves/ros2_ws/install/video_runner:/home/waves/ros2_ws/install/robotics_class:/home/waves/ros2_ws/install/my_robot_bringup:/home/waves/ros2_ws/install/my_cpp_prac:/home/waves/ros2_ws/install/my_cpp_pkg:/home/waves/ros2_ws/install/act_5:/home/waves/ros2_ws/install/my_interface:/home/waves/ros2_ws/install/buffer:/home/waves/research/install/cobots:/home/waves/ros2_sim/install/ros2_control_demos:/home/waves/ros2_sim/install/ros2_control_demo_description:/home/waves/ros2_sim/install/my_robot_sim:/home/waves/ros2_sim/install/humanoid:/home/waves/ros2_sim/install/hopper_sim:/home/waves/ros2_sim/install/hopper_description:/home/waves/hexapod/install/hexapod_communication:/home/waves/ros2_ws/install/my_py_pkg:/opt/ros/humble:/home/waves/ros2_humble/install/rqt_bag_plugins:/home/waves/ros2_humble/install/rqt_bag:/home/waves/ros2_humble/install/launch_testing_examples:/home/waves/ros2_humble/install/ros2bag:/home/waves/ros2_humble/install/tracetools_test:/home/waves/ros2_humble/install/tracetools_launch:/home/waves/ros2_humble/install/topic_monitor:/home/waves/ros2_humble/install/tf2_tools:/home/waves/ros2_humble/install/examples_tf2_py:/home/waves/ros2_humble/install/tf2_ros_py:/home/waves/ros2_humble/install/sros2:/home/waves/ros2_humble/install/rqt_topic:/home/waves/ros2_humble/install/rqt_srv:/home/waves/ros2_humble/install/rqt_shell:/home/waves/ros2_humble/install/rqt_service_caller:/home/waves/ros2_humble/install/rqt_reconfigure:/home/waves/ros2_humble/install/rqt_py_console:/home/waves/ros2_humble/install/rqt_publisher:/home/waves/ros2_humble/install/rqt_plot:/home/waves/ros2_humble/install/rqt_action:/home/waves/ros2_humble/install/rqt_msg:/home/waves/ros2_humble/install/rqt_console:/home/waves/ros2_humble/install/rqt:/home/waves/ros2_humble/install/rqt_graph:/home/waves/ros2_humble/install/rqt_gui_py:/home/waves/ros2_humble/install/rqt_gui:/home/waves/ros2_humble/install/ros2trace:/home/waves/ros2_humble/install/ros2topic:/home/waves/ros2_humble/install/ros2test:/home/waves/ros2_humble/install/ros2component:/home/waves/ros2_humble/install/ros2param:/home/waves/ros2_humble/install/ros2lifecycle:/home/waves/ros2_humble/install/ros2service:/home/waves/ros2_humble/install/ros2run:/home/waves/ros2_humble/install/ros2launch:/home/waves/ros2_humble/install/ros2pkg:/home/waves/ros2_humble/install/ros2node:/home/waves/ros2_humble/install/ros2multicast:/home/waves/ros2_humble/install/ros2interface:/home/waves/ros2_humble/install/ros2doctor:/home/waves/ros2_humble/install/ros2action:/home/waves/ros2_humble/install/ros2cli:/home/waves/ros2_humble/install/quality_of_service_demo_py:/home/waves/ros2_humble/install/lifecycle_py:/home/waves/ros2_humble/install/launch_testing_ros:/home/waves/ros2_humble/install/launch_ros:/home/waves/ros2_humble/install/examples_rclpy_pointcloud_publisher:/home/waves/ros2_humble/install/examples_rclpy_minimal_subscriber:/home/waves/ros2_humble/install/examples_rclpy_minimal_service:/home/waves/ros2_humble/install/examples_rclpy_minimal_publisher:/home/waves/ros2_humble/install/examples_rclpy_minimal_client:/home/waves/ros2_humble/install/examples_rclpy_minimal_action_server:/home/waves/ros2_humble/install/examples_rclpy_minimal_action_client:/home/waves/ros2_humble/install/examples_rclpy_guard_conditions:/home/waves/ros2_humble/install/examples_rclpy_executors:/home/waves/ros2_humble/install/demo_nodes_py:/home/waves/ros2_humble/install/camera_info_manager_py:/home/waves/ros2_humble/install/action_tutorials_py:/home/waves/ros2_humble/install/ament_uncrustify:/home/waves/ros2_humble/install/tracetools_trace:/home/waves/ros2_humble/install/tracetools_read:/home/waves/ros2_humble/install/test_tracetools_launch:/home/waves/ros2_humble/install/test_launch_ros:/home/waves/ros2_humble/install/sensor_msgs_py:/home/waves/ros2_humble/install/rpyutils:/home/waves/ros2_humble/install/rosidl_runtime_py:/home/waves/ros2_humble/install/rosidl_cli:/home/waves/ros2_humble/install/launch_pytest:/home/waves/ros2_humble/install/launch_testing:/home/waves/ros2_humble/install/launch_yaml:/home/waves/ros2_humble/install/launch_xml:/home/waves/ros2_humble/install/launch:/home/waves/ros2_humble/install/osrf_pycommon:/home/waves/ros2_humble/install/domain_coordinator:/home/waves/ros2_humble/install/ament_xmllint:/home/waves/ros2_humble/install/ament_pyflakes:/home/waves/ros2_humble/install/ament_pycodestyle:/home/waves/ros2_humble/install/ament_pep257:/home/waves/ros2_humble/install/ament_pclint:/home/waves/ros2_humble/install/ament_package:/home/waves/ros2_humble/install/ament_mypy:/home/waves/ros2_humble/install/ament_lint_cmake:/home/waves/ros2_humble/install/ament_flake8:/home/waves/ros2_humble/install/ament_copyright:/home/waves/ros2_humble/install/ament_lint:/home/waves/ros2_humble/install/ament_index_python:/home/waves/ros2_humble/install/ament_cpplint:/home/waves/ros2_humble/install/ament_cppcheck:/home/waves/ros2_humble/install/ament_clang_tidy:/home/waves/ros2_humble/install/ament_clang_format:/home/waves/ros2_sim/install/hexapod_description:/home/waves/ros2_sim/install/hexapod:/home/waves/ros2_sim/install/franka:/home/waves/ros2_humble/install/rosbag2_storage_mcap:/home/waves/ros2_humble/install/rosbag2:/home/waves/ros2_humble/install/rosbag2_compression_zstd:/home/waves/ros2_humble/install/mcap_vendor:/home/waves/ros2_humble/install/zstd_vendor:/home/waves/ros2_humble/install/rviz_visual_testing_framework:/home/waves/ros2_humble/install/rviz2:/home/waves/ros2_humble/install/rviz_default_plugins:/home/waves/ros2_humble/install/rviz_common:/home/waves/ros2_humble/install/rosbag2_py:/home/waves/ros2_humble/install/rosbag2_transport:/home/waves/ros2_humble/install/rosbag2_storage_default_plugins:/home/waves/ros2_humble/install/rosbag2_performance_benchmarking:/home/waves/ros2_humble/install/rosbag2_compression:/home/waves/ros2_humble/install/rosbag2_cpp:/home/waves/ros2_humble/install/rosbag2_storage:/home/waves/ros2_humble/install/image_common:/home/waves/ros2_humble/install/camera_info_manager:/home/waves/ros2_humble/install/camera_calibration_parsers:/home/waves/ros2_humble/install/yaml_cpp_vendor:/home/waves/ros2_humble/install/interactive_markers:/home/waves/ros2_humble/install/common_interfaces:/home/waves/ros2_humble/install/visualization_msgs:/home/waves/ros2_humble/install/dummy_robot_bringup:/home/waves/ros2_humble/install/robot_state_publisher:/home/waves/ros2_humble/install/kdl_parser:/home/waves/ros2_humble/install/urdf:/home/waves/ros2_humble/install/urdfdom:/home/waves/ros2_humble/install/urdf_parser_plugin:/home/waves/ros2_humble/install/urdfdom_headers:/home/waves/ros2_humble/install/turtlesim:/home/waves/ros2_humble/install/geometry2:/home/waves/ros2_humble/install/tf2_sensor_msgs:/home/waves/ros2_humble/install/test_tf2:/home/waves/ros2_humble/install/tf2_kdl:/home/waves/ros2_humble/install/tf2_geometry_msgs:/home/waves/ros2_humble/install/tf2_eigen:/home/waves/ros2_humble/install/tf2_bullet:/home/waves/ros2_humble/install/tf2_ros:/home/waves/ros2_humble/install/tf2_py:/home/waves/ros2_humble/install/tf2_msgs:/home/waves/ros2_humble/install/test_msgs:/home/waves/ros2_humble/install/sros2_cmake:/home/waves/ros2_humble/install/ros2cli_common_extensions:/home/waves/ros2_humble/install/rqt_py_common:/home/waves/ros2_humble/install/rosbag2_storage_mcap_testdata:/home/waves/ros2_humble/install/ros_testing:/home/waves/ros2_humble/install/ros2cli_test_interfaces:/home/waves/ros2_humble/install/quality_of_service_demo_cpp:/home/waves/ros2_humble/install/image_transport:/home/waves/ros2_humble/install/message_filters:/home/waves/ros2_humble/install/demo_nodes_cpp:/home/waves/ros2_humble/install/composition:/home/waves/ros2_humble/install/laser_geometry:/home/waves/ros2_humble/install/rclpy:/home/waves/ros2_humble/install/examples_rclcpp_minimal_action_server:/home/waves/ros2_humble/install/examples_rclcpp_minimal_action_client:/home/waves/ros2_humble/install/action_tutorials_cpp:/home/waves/ros2_humble/install/rclcpp_action:/home/waves/ros2_humble/install/rcl_action:/home/waves/ros2_humble/install/examples_rclcpp_wait_set:/home/waves/ros2_humble/install/examples_rclcpp_minimal_service:/home/waves/ros2_humble/install/examples_rclcpp_minimal_client:/home/waves/ros2_humble/install/examples_rclcpp_async_client:/home/waves/ros2_humble/install/example_interfaces:/home/waves/ros2_humble/install/action_tutorials_interfaces:/home/waves/ros2_humble/install/action_msgs:/home/waves/ros2_humble/install/unique_identifier_msgs:/home/waves/ros2_humble/install/ament_lint_common:/home/waves/ros2_humble/install/ament_cmake_uncrustify:/home/waves/ros2_humble/install/uncrustify_vendor:/home/waves/ros2_humble/install/trajectory_msgs:/home/waves/ros2_humble/install/topic_statistics_demo:/home/waves/ros2_humble/install/pendulum_control:/home/waves/ros2_humble/install/tlsf_cpp:/home/waves/ros2_humble/install/test_tracetools:/home/waves/ros2_humble/install/rqt_gui_cpp:/home/waves/ros2_humble/install/rosbag2_test_common:/home/waves/ros2_humble/install/ros2lifecycle_test_fixtures:/home/waves/ros2_humble/install/lifecycle:/home/waves/ros2_humble/install/rclcpp_lifecycle:/home/waves/ros2_humble/install/logging_demo:/home/waves/ros2_humble/install/image_tools:/home/waves/ros2_humble/install/examples_rclcpp_minimal_subscriber:/home/waves/ros2_humble/install/examples_rclcpp_minimal_composition:/home/waves/ros2_humble/install/demo_nodes_cpp_native:/home/waves/ros2_humble/install/rclcpp_components:/home/waves/ros2_humble/install/intra_process_demo:/home/waves/ros2_humble/install/examples_rclcpp_multithreaded_executor:/home/waves/ros2_humble/install/examples_rclcpp_minimal_timer:/home/waves/ros2_humble/install/examples_rclcpp_minimal_publisher:/home/waves/ros2_humble/install/examples_rclcpp_cbg_executor:/home/waves/ros2_humble/install/dummy_sensors:/home/waves/ros2_humble/install/dummy_map_server:/home/waves/ros2_humble/install/rclcpp:/home/waves/ros2_humble/install/rcl_lifecycle:/home/waves/ros2_humble/install/libstatistics_collector:/home/waves/ros2_humble/install/rcl:/home/waves/ros2_humble/install/rmw_implementation:/home/waves/ros2_humble/install/rmw_fastrtps_dynamic_cpp:/home/waves/ros2_humble/install/rmw_fastrtps_cpp:/home/waves/ros2_humble/install/rmw_fastrtps_shared_cpp:/home/waves/ros2_humble/install/rmw_cyclonedds_cpp:/home/waves/ros2_humble/install/tracetools:/home/waves/ros2_humble/install/tlsf:/home/waves/ros2_humble/install/tinyxml_vendor:/home/waves/ros2_humble/install/qt_gui_core:/home/waves/ros2_humble/install/qt_gui_cpp:/home/waves/ros2_humble/install/pluginlib:/home/waves/ros2_humble/install/tinyxml2_vendor:/home/waves/ros2_humble/install/tf2_eigen_kdl:/home/waves/ros2_humble/install/tf2:/home/waves/ros2_humble/install/test_security:/home/waves/ros2_humble/install/test_rmw_implementation:/home/waves/ros2_humble/install/test_rclcpp:/home/waves/ros2_humble/install/test_quality_of_service:/home/waves/ros2_humble/install/test_launch_testing:/home/waves/ros2_humble/install/test_interface_files:/home/waves/ros2_humble/install/test_communication:/home/waves/ros2_humble/install/test_cli_remapping:/home/waves/ros2_humble/install/test_cli:/home/waves/ros2_humble/install/qt_gui_app:/home/waves/ros2_humble/install/qt_gui:/home/waves/ros2_humble/install/tango_icons_vendor:/home/waves/ros2_humble/install/stereo_msgs:/home/waves/ros2_humble/install/std_srvs:/home/waves/ros2_humble/install/shape_msgs:/home/waves/ros2_humble/install/map_msgs:/home/waves/ros2_humble/install/sensor_msgs:/home/waves/ros2_humble/install/nav_msgs:/home/waves/ros2_humble/install/diagnostic_msgs:/home/waves/ros2_humble/install/geometry_msgs:/home/waves/ros2_humble/install/actionlib_msgs:/home/waves/ros2_humble/install/std_msgs:/home/waves/ros2_humble/install/statistics_msgs:/home/waves/ros2_humble/install/sqlite3_vendor:/home/waves/ros2_humble/install/rcl_logging_spdlog:/home/waves/ros2_humble/install/spdlog_vendor:/home/waves/ros2_humble/install/shared_queues_vendor:/home/waves/ros2_humble/install/rviz_rendering_tests:/home/waves/ros2_humble/install/rviz_rendering:/home/waves/ros2_humble/install/rviz_ogre_vendor:/home/waves/ros2_humble/install/rviz_assimp_vendor:/home/waves/ros2_humble/install/rttest:/home/waves/ros2_humble/install/rmw_connextddsmicro:/home/waves/ros2_humble/install/rmw_connextdds:/home/waves/ros2_humble/install/rmw_connextdds_common:/home/waves/ros2_humble/install/rti_connext_dds_cmake_module:/home/waves/ros2_humble/install/rosgraph_msgs:/home/waves/ros2_humble/install/rosbag2_interfaces:/home/waves/ros2_humble/install/rmw_dds_common:/home/waves/ros2_humble/install/composition_interfaces:/home/waves/ros2_humble/install/rcl_interfaces:/home/waves/ros2_humble/install/pendulum_msgs:/home/waves/ros2_humble/install/lifecycle_msgs:/home/waves/ros2_humble/install/builtin_interfaces:/home/waves/ros2_humble/install/rosidl_default_runtime:/home/waves/ros2_humble/install/rosidl_default_generators:/home/waves/ros2_humble/install/rosidl_generator_py:/home/waves/ros2_humble/install/rosidl_typesupport_introspection_tests:/home/waves/ros2_humble/install/rosidl_typesupport_cpp:/home/waves/ros2_humble/install/rosidl_typesupport_introspection_cpp:/home/waves/ros2_humble/install/rosidl_typesupport_c:/home/waves/ros2_humble/install/rosidl_typesupport_introspection_c:/home/waves/ros2_humble/install/rosidl_typesupport_fastrtps_c:/home/waves/ros2_humble/install/rosidl_typesupport_fastrtps_cpp:/home/waves/ros2_humble/install/rosidl_generator_cpp:/home/waves/ros2_humble/install/rosidl_runtime_cpp:/home/waves/ros2_humble/install/rcl_yaml_param_parser:/home/waves/ros2_humble/install/rmw:/home/waves/ros2_humble/install/rosidl_runtime_c:/home/waves/ros2_humble/install/rosidl_generator_c:/home/waves/ros2_humble/install/rosidl_typesupport_interface:/home/waves/ros2_humble/install/rosidl_generator_dds_idl:/home/waves/ros2_humble/install/rosidl_cmake:/home/waves/ros2_humble/install/rosidl_parser:/home/waves/ros2_humble/install/rosidl_adapter:/home/waves/ros2_humble/install/rosbag2_tests:/home/waves/ros2_humble/install/ros_environment:/home/waves/ros2_humble/install/rmw_implementation_cmake:/home/waves/ros2_humble/install/resource_retriever:/home/waves/ros2_humble/install/class_loader:/home/waves/ros2_humble/install/rcpputils:/home/waves/ros2_humble/install/rcl_logging_noop:/home/waves/ros2_humble/install/rcl_logging_interface:/home/waves/ros2_humble/install/rcutils:/home/waves/ros2_humble/install/qt_gui_py_common:/home/waves/ros2_humble/install/qt_dotgraph:/home/waves/ros2_humble/install/python_qt_binding:/home/waves/ros2_humble/install/python_orocos_kdl_vendor:/home/waves/ros2_humble/install/launch_testing_ament_cmake:/home/waves/ros2_humble/install/python_cmake_module:/home/waves/ros2_humble/install/pybind11_vendor:/home/waves/ros2_humble/install/performance_test_fixture:/home/waves/ros2_humble/install/osrf_testing_tools_cpp:/home/waves/ros2_humble/install/orocos_kdl_vendor:/home/waves/ros2_humble/install/mimick_vendor:/home/waves/ros2_humble/install/libyaml_vendor:/home/waves/ros2_humble/install/libcurl_vendor:/home/waves/ros2_humble/install/keyboard_handler:/home/waves/ros2_humble/install/iceoryx_introspection:/home/waves/ros2_humble/install/cyclonedds:/home/waves/ros2_humble/install/iceoryx_posh:/home/waves/ros2_humble/install/iceoryx_hoofs:/home/waves/ros2_humble/install/iceoryx_binding_c:/home/waves/ros2_humble/install/ament_cmake_ros:/home/waves/ros2_humble/install/ament_cmake_auto:/home/waves/ros2_humble/install/ament_cmake_gmock:/home/waves/ros2_humble/install/gmock_vendor:/home/waves/ros2_humble/install/ament_cmake_gtest:/home/waves/ros2_humble/install/gtest_vendor:/home/waves/ros2_humble/install/ament_cmake_google_benchmark:/home/waves/ros2_humble/install/google_benchmark_vendor:/home/waves/ros2_humble/install/fastrtps:/home/waves/ros2_humble/install/foonathan_memory_vendor:/home/waves/ros2_humble/install/fastrtps_cmake_module:/home/waves/ros2_humble/install/fastcdr:/home/waves/ros2_humble/install/eigen3_cmake_module:/home/waves/ros2_humble/install/console_bridge_vendor:/home/waves/ros2_humble/install/ament_cmake_xmllint:/home/waves/ros2_humble/install/ament_cmake_pyflakes:/home/waves/ros2_humble/install/ament_cmake_pycodestyle:/home/waves/ros2_humble/install/ament_cmake_pep257:/home/waves/ros2_humble/install/ament_cmake_pclint:/home/waves/ros2_humble/install/ament_lint_auto:/home/waves/ros2_humble/install/ament_cmake:/home/waves/ros2_humble/install/ament_cmake_version:/home/waves/ros2_humble/install/ament_cmake_vendor_package:/home/waves/ros2_humble/install/ament_cmake_pytest:/home/waves/ros2_humble/install/ament_cmake_nose:/home/waves/ros2_humble/install/ament_cmake_mypy:/home/waves/ros2_humble/install/ament_cmake_lint_cmake:/home/waves/ros2_humble/install/ament_cmake_flake8:/home/waves/ros2_humble/install/ament_cmake_cpplint:/home/waves/ros2_humble/install/ament_cmake_cppcheck:/home/waves/ros2_humble/install/ament_cmake_copyright:/home/waves/ros2_humble/install/ament_cmake_clang_tidy:/home/waves/ros2_humble/install/ament_cmake_clang_format:/home/waves/ros2_humble/install/ament_cmake_test:/home/waves/ros2_humble/install/ament_cmake_target_dependencies:/home/waves/ros2_humble/install/ament_cmake_python:/home/waves/ros2_humble/install/ament_cmake_export_dependencies:/home/waves/ros2_humble/install/ament_cmake_libraries:/home/waves/ros2_humble/install/ament_cmake_include_directories:/home/waves/ros2_humble/install/ament_cmake_gen_version_h:/home/waves/ros2_humble/install/ament_cmake_export_targets:/home/waves/ros2_humble/install/ament_cmake_export_link_flags:/home/waves/ros2_humble/install/ament_cmake_export_interfaces:/home/waves/ros2_humble/install/ament_cmake_export_libraries:/home/waves/ros2_humble/install/ament_cmake_export_include_directories:/home/waves/ros2_humble/install/ament_cmake_export_definitions:/home/waves/ros2_humble/install/ament_cmake_core:/home/waves/ros2_humble/install/ament_index_cpp /usr/bin/cmake --build /home/waves/hexapod/build/hexapod -- -j4 -l4
[6.624s] DEBUG:colcon.colcon_core.event_handler.log_command:Invoking command in '/home/waves/hexapod/build/hexapod': CMAKE_PREFIX_PATH=/home/waves/hexapod/install/hexapod_services:/home/waves/hexapod/install/hexapod_control:/home/waves/hexapod/install/hexapod_interfaces:/home/waves/ros2_ws/install/video_runner:/home/waves/ros2_ws/install/robotics_class:/home/waves/ros2_ws/install/my_robot_bringup:/home/waves/ros2_ws/install/my_cpp_prac:/home/waves/ros2_ws/install/my_cpp_pkg:/home/waves/ros2_ws/install/act_5:/home/waves/ros2_ws/install/my_interface:/home/waves/ros2_ws/install/buffer:/home/waves/research/install/cobots:/home/waves/ros2_sim/install/ros2_control_demos:/home/waves/ros2_sim/install/ros2_control_demo_description:/home/waves/ros2_sim/install/my_robot_sim:/home/waves/ros2_sim/install/humanoid:/home/waves/ros2_sim/install/hopper_sim:/home/waves/ros2_sim/install/hopper_description:/home/waves/hexapod/install/hexapod_communication:/home/waves/ros2_ws/install/my_py_pkg:/opt/ros/humble:/home/waves/ros2_humble/install/rqt_bag_plugins:/home/waves/ros2_humble/install/rqt_bag:/home/waves/ros2_humble/install/launch_testing_examples:/home/waves/ros2_humble/install/ros2bag:/home/waves/ros2_humble/install/tracetools_test:/home/waves/ros2_humble/install/tracetools_launch:/home/waves/ros2_humble/install/topic_monitor:/home/waves/ros2_humble/install/tf2_tools:/home/waves/ros2_humble/install/examples_tf2_py:/home/waves/ros2_humble/install/tf2_ros_py:/home/waves/ros2_humble/install/sros2:/home/waves/ros2_humble/install/rqt_topic:/home/waves/ros2_humble/install/rqt_srv:/home/waves/ros2_humble/install/rqt_shell:/home/waves/ros2_humble/install/rqt_service_caller:/home/waves/ros2_humble/install/rqt_reconfigure:/home/waves/ros2_humble/install/rqt_py_console:/home/waves/ros2_humble/install/rqt_publisher:/home/waves/ros2_humble/install/rqt_plot:/home/waves/ros2_humble/install/rqt_action:/home/waves/ros2_humble/install/rqt_msg:/home/waves/ros2_humble/install/rqt_console:/home/waves/ros2_humble/install/rqt:/home/waves/ros2_humble/install/rqt_graph:/home/waves/ros2_humble/install/rqt_gui_py:/home/waves/ros2_humble/install/rqt_gui:/home/waves/ros2_humble/install/ros2trace:/home/waves/ros2_humble/install/ros2topic:/home/waves/ros2_humble/install/ros2test:/home/waves/ros2_humble/install/ros2component:/home/waves/ros2_humble/install/ros2param:/home/waves/ros2_humble/install/ros2lifecycle:/home/waves/ros2_humble/install/ros2service:/home/waves/ros2_humble/install/ros2run:/home/waves/ros2_humble/install/ros2launch:/home/waves/ros2_humble/install/ros2pkg:/home/waves/ros2_humble/install/ros2node:/home/waves/ros2_humble/install/ros2multicast:/home/waves/ros2_humble/install/ros2interface:/home/waves/ros2_humble/install/ros2doctor:/home/waves/ros2_humble/install/ros2action:/home/waves/ros2_humble/install/ros2cli:/home/waves/ros2_humble/install/quality_of_service_demo_py:/home/waves/ros2_humble/install/lifecycle_py:/home/waves/ros2_humble/install/launch_testing_ros:/home/waves/ros2_humble/install/launch_ros:/home/waves/ros2_humble/install/examples_rclpy_pointcloud_publisher:/home/waves/ros2_humble/install/examples_rclpy_minimal_subscriber:/home/waves/ros2_humble/install/examples_rclpy_minimal_service:/home/waves/ros2_humble/install/examples_rclpy_minimal_publisher:/home/waves/ros2_humble/install/examples_rclpy_minimal_client:/home/waves/ros2_humble/install/examples_rclpy_minimal_action_server:/home/waves/ros2_humble/install/examples_rclpy_minimal_action_client:/home/waves/ros2_humble/install/examples_rclpy_guard_conditions:/home/waves/ros2_humble/install/examples_rclpy_executors:/home/waves/ros2_humble/install/demo_nodes_py:/home/waves/ros2_humble/install/camera_info_manager_py:/home/waves/ros2_humble/install/action_tutorials_py:/home/waves/ros2_humble/install/ament_uncrustify:/home/waves/ros2_humble/install/tracetools_trace:/home/waves/ros2_humble/install/tracetools_read:/home/waves/ros2_humble/install/test_tracetools_launch:/home/waves/ros2_humble/install/test_launch_ros:/home/waves/ros2_humble/install/sensor_msgs_py:/home/waves/ros2_humble/install/rpyutils:/home/waves/ros2_humble/install/rosidl_runtime_py:/home/waves/ros2_humble/install/rosidl_cli:/home/waves/ros2_humble/install/launch_pytest:/home/waves/ros2_humble/install/launch_testing:/home/waves/ros2_humble/install/launch_yaml:/home/waves/ros2_humble/install/launch_xml:/home/waves/ros2_humble/install/launch:/home/waves/ros2_humble/install/osrf_pycommon:/home/waves/ros2_humble/install/domain_coordinator:/home/waves/ros2_humble/install/ament_xmllint:/home/waves/ros2_humble/install/ament_pyflakes:/home/waves/ros2_humble/install/ament_pycodestyle:/home/waves/ros2_humble/install/ament_pep257:/home/waves/ros2_humble/install/ament_pclint:/home/waves/ros2_humble/install/ament_package:/home/waves/ros2_humble/install/ament_mypy:/home/waves/ros2_humble/install/ament_lint_cmake:/home/waves/ros2_humble/install/ament_flake8:/home/waves/ros2_humble/install/ament_copyright:/home/waves/ros2_humble/install/ament_lint:/home/waves/ros2_humble/install/ament_index_python:/home/waves/ros2_humble/install/ament_cpplint:/home/waves/ros2_humble/install/ament_cppcheck:/home/waves/ros2_humble/install/ament_clang_tidy:/home/waves/ros2_humble/install/ament_clang_format:/home/waves/ros2_sim/install/hexapod_description:/home/waves/ros2_sim/install/hexapod:/home/waves/ros2_sim/install/franka:/home/waves/ros2_humble/install/rosbag2_storage_mcap:/home/waves/ros2_humble/install/rosbag2:/home/waves/ros2_humble/install/rosbag2_compression_zstd:/home/waves/ros2_humble/install/mcap_vendor:/home/waves/ros2_humble/install/zstd_vendor:/home/waves/ros2_humble/install/rviz_visual_testing_framework:/home/waves/ros2_humble/install/rviz2:/home/waves/ros2_humble/install/rviz_default_plugins:/home/waves/ros2_humble/install/rviz_common:/home/waves/ros2_humble/install/rosbag2_py:/home/waves/ros2_humble/install/rosbag2_transport:/home/waves/ros2_humble/install/rosbag2_storage_default_plugins:/home/waves/ros2_humble/install/rosbag2_performance_benchmarking:/home/waves/ros2_humble/install/rosbag2_compression:/home/waves/ros2_humble/install/rosbag2_cpp:/home/waves/ros2_humble/install/rosbag2_storage:/home/waves/ros2_humble/install/image_common:/home/waves/ros2_humble/install/camera_info_manager:/home/waves/ros2_humble/install/camera_calibration_parsers:/home/waves/ros2_humble/install/yaml_cpp_vendor:/home/waves/ros2_humble/install/interactive_markers:/home/waves/ros2_humble/install/common_interfaces:/home/waves/ros2_humble/install/visualization_msgs:/home/waves/ros2_humble/install/dummy_robot_bringup:/home/waves/ros2_humble/install/robot_state_publisher:/home/waves/ros2_humble/install/kdl_parser:/home/waves/ros2_humble/install/urdf:/home/waves/ros2_humble/install/urdfdom:/home/waves/ros2_humble/install/urdf_parser_plugin:/home/waves/ros2_humble/install/urdfdom_headers:/home/waves/ros2_humble/install/turtlesim:/home/waves/ros2_humble/install/geometry2:/home/waves/ros2_humble/install/tf2_sensor_msgs:/home/waves/ros2_humble/install/test_tf2:/home/waves/ros2_humble/install/tf2_kdl:/home/waves/ros2_humble/install/tf2_geometry_msgs:/home/waves/ros2_humble/install/tf2_eigen:/home/waves/ros2_humble/install/tf2_bullet:/home/waves/ros2_humble/install/tf2_ros:/home/waves/ros2_humble/install/tf2_py:/home/waves/ros2_humble/install/tf2_msgs:/home/waves/ros2_humble/install/test_msgs:/home/waves/ros2_humble/install/sros2_cmake:/home/waves/ros2_humble/install/ros2cli_common_extensions:/home/waves/ros2_humble/install/rqt_py_common:/home/waves/ros2_humble/install/rosbag2_storage_mcap_testdata:/home/waves/ros2_humble/install/ros_testing:/home/waves/ros2_humble/install/ros2cli_test_interfaces:/home/waves/ros2_humble/install/quality_of_service_demo_cpp:/home/waves/ros2_humble/install/image_transport:/home/waves/ros2_humble/install/message_filters:/home/waves/ros2_humble/install/demo_nodes_cpp:/home/waves/ros2_humble/install/composition:/home/waves/ros2_humble/install/laser_geometry:/home/waves/ros2_humble/install/rclpy:/home/waves/ros2_humble/install/examples_rclcpp_minimal_action_server:/home/waves/ros2_humble/install/examples_rclcpp_minimal_action_client:/home/waves/ros2_humble/install/action_tutorials_cpp:/home/waves/ros2_humble/install/rclcpp_action:/home/waves/ros2_humble/install/rcl_action:/home/waves/ros2_humble/install/examples_rclcpp_wait_set:/home/waves/ros2_humble/install/examples_rclcpp_minimal_service:/home/waves/ros2_humble/install/examples_rclcpp_minimal_client:/home/waves/ros2_humble/install/examples_rclcpp_async_client:/home/waves/ros2_humble/install/example_interfaces:/home/waves/ros2_humble/install/action_tutorials_interfaces:/home/waves/ros2_humble/install/action_msgs:/home/waves/ros2_humble/install/unique_identifier_msgs:/home/waves/ros2_humble/install/ament_lint_common:/home/waves/ros2_humble/install/ament_cmake_uncrustify:/home/waves/ros2_humble/install/uncrustify_vendor:/home/waves/ros2_humble/install/trajectory_msgs:/home/waves/ros2_humble/install/topic_statistics_demo:/home/waves/ros2_humble/install/pendulum_control:/home/waves/ros2_humble/install/tlsf_cpp:/home/waves/ros2_humble/install/test_tracetools:/home/waves/ros2_humble/install/rqt_gui_cpp:/home/waves/ros2_humble/install/rosbag2_test_common:/home/waves/ros2_humble/install/ros2lifecycle_test_fixtures:/home/waves/ros2_humble/install/lifecycle:/home/waves/ros2_humble/install/rclcpp_lifecycle:/home/waves/ros2_humble/install/logging_demo:/home/waves/ros2_humble/install/image_tools:/home/waves/ros2_humble/install/examples_rclcpp_minimal_subscriber:/home/waves/ros2_humble/install/examples_rclcpp_minimal_composition:/home/waves/ros2_humble/install/demo_nodes_cpp_native:/home/waves/ros2_humble/install/rclcpp_components:/home/waves/ros2_humble/install/intra_process_demo:/home/waves/ros2_humble/install/examples_rclcpp_multithreaded_executor:/home/waves/ros2_humble/install/examples_rclcpp_minimal_timer:/home/waves/ros2_humble/install/examples_rclcpp_minimal_publisher:/home/waves/ros2_humble/install/examples_rclcpp_cbg_executor:/home/waves/ros2_humble/install/dummy_sensors:/home/waves/ros2_humble/install/dummy_map_server:/home/waves/ros2_humble/install/rclcpp:/home/waves/ros2_humble/install/rcl_lifecycle:/home/waves/ros2_humble/install/libstatistics_collector:/home/waves/ros2_humble/install/rcl:/home/waves/ros2_humble/install/rmw_implementation:/home/waves/ros2_humble/install/rmw_fastrtps_dynamic_cpp:/home/waves/ros2_humble/install/rmw_fastrtps_cpp:/home/waves/ros2_humble/install/rmw_fastrtps_shared_cpp:/home/waves/ros2_humble/install/rmw_cyclonedds_cpp:/home/waves/ros2_humble/install/tracetools:/home/waves/ros2_humble/install/tlsf:/home/waves/ros2_humble/install/tinyxml_vendor:/home/waves/ros2_humble/install/qt_gui_core:/home/waves/ros2_humble/install/qt_gui_cpp:/home/waves/ros2_humble/install/pluginlib:/home/waves/ros2_humble/install/tinyxml2_vendor:/home/waves/ros2_humble/install/tf2_eigen_kdl:/home/waves/ros2_humble/install/tf2:/home/waves/ros2_humble/install/test_security:/home/waves/ros2_humble/install/test_rmw_implementation:/home/waves/ros2_humble/install/test_rclcpp:/home/waves/ros2_humble/install/test_quality_of_service:/home/waves/ros2_humble/install/test_launch_testing:/home/waves/ros2_humble/install/test_interface_files:/home/waves/ros2_humble/install/test_communication:/home/waves/ros2_humble/install/test_cli_remapping:/home/waves/ros2_humble/install/test_cli:/home/waves/ros2_humble/install/qt_gui_app:/home/waves/ros2_humble/install/qt_gui:/home/waves/ros2_humble/install/tango_icons_vendor:/home/waves/ros2_humble/install/stereo_msgs:/home/waves/ros2_humble/install/std_srvs:/home/waves/ros2_humble/install/shape_msgs:/home/waves/ros2_humble/install/map_msgs:/home/waves/ros2_humble/install/sensor_msgs:/home/waves/ros2_humble/install/nav_msgs:/home/waves/ros2_humble/install/diagnostic_msgs:/home/waves/ros2_humble/install/geometry_msgs:/home/waves/ros2_humble/install/actionlib_msgs:/home/waves/ros2_humble/install/std_msgs:/home/waves/ros2_humble/install/statistics_msgs:/home/waves/ros2_humble/install/sqlite3_vendor:/home/waves/ros2_humble/install/rcl_logging_spdlog:/home/waves/ros2_humble/install/spdlog_vendor:/home/waves/ros2_humble/install/shared_queues_vendor:/home/waves/ros2_humble/install/rviz_rendering_tests:/home/waves/ros2_humble/install/rviz_rendering:/home/waves/ros2_humble/install/rviz_ogre_vendor:/home/waves/ros2_humble/install/rviz_assimp_vendor:/home/waves/ros2_humble/install/rttest:/home/waves/ros2_humble/install/rmw_connextddsmicro:/home/waves/ros2_humble/install/rmw_connextdds:/home/waves/ros2_humble/install/rmw_connextdds_common:/home/waves/ros2_humble/install/rti_connext_dds_cmake_module:/home/waves/ros2_humble/install/rosgraph_msgs:/home/waves/ros2_humble/install/rosbag2_interfaces:/home/waves/ros2_humble/install/rmw_dds_common:/home/waves/ros2_humble/install/composition_interfaces:/home/waves/ros2_humble/install/rcl_interfaces:/home/waves/ros2_humble/install/pendulum_msgs:/home/waves/ros2_humble/install/lifecycle_msgs:/home/waves/ros2_humble/install/builtin_interfaces:/home/waves/ros2_humble/install/rosidl_default_runtime:/home/waves/ros2_humble/install/rosidl_default_generators:/home/waves/ros2_humble/install/rosidl_generator_py:/home/waves/ros2_humble/install/rosidl_typesupport_introspection_tests:/home/waves/ros2_humble/install/rosidl_typesupport_cpp:/home/waves/ros2_humble/install/rosidl_typesupport_introspection_cpp:/home/waves/ros2_humble/install/rosidl_typesupport_c:/home/waves/ros2_humble/install/rosidl_typesupport_introspection_c:/home/waves/ros2_humble/install/rosidl_typesupport_fastrtps_c:/home/waves/ros2_humble/install/rosidl_typesupport_fastrtps_cpp:/home/waves/ros2_humble/install/rosidl_generator_cpp:/home/waves/ros2_humble/install/rosidl_runtime_cpp:/home/waves/ros2_humble/install/rcl_yaml_param_parser:/home/waves/ros2_humble/install/rmw:/home/waves/ros2_humble/install/rosidl_runtime_c:/home/waves/ros2_humble/install/rosidl_generator_c:/home/waves/ros2_humble/install/rosidl_typesupport_interface:/home/waves/ros2_humble/install/rosidl_generator_dds_idl:/home/waves/ros2_humble/install/rosidl_cmake:/home/waves/ros2_humble/install/rosidl_parser:/home/waves/ros2_humble/install/rosidl_adapter:/home/waves/ros2_humble/install/rosbag2_tests:/home/waves/ros2_humble/install/ros_environment:/home/waves/ros2_humble/install/rmw_implementation_cmake:/home/waves/ros2_humble/install/resource_retriever:/home/waves/ros2_humble/install/class_loader:/home/waves/ros2_humble/install/rcpputils:/home/waves/ros2_humble/install/rcl_logging_noop:/home/waves/ros2_humble/install/rcl_logging_interface:/home/waves/ros2_humble/install/rcutils:/home/waves/ros2_humble/install/qt_gui_py_common:/home/waves/ros2_humble/install/qt_dotgraph:/home/waves/ros2_humble/install/python_qt_binding:/home/waves/ros2_humble/install/python_orocos_kdl_vendor:/home/waves/ros2_humble/install/launch_testing_ament_cmake:/home/waves/ros2_humble/install/python_cmake_module:/home/waves/ros2_humble/install/pybind11_vendor:/home/waves/ros2_humble/install/performance_test_fixture:/home/waves/ros2_humble/install/osrf_testing_tools_cpp:/home/waves/ros2_humble/install/orocos_kdl_vendor:/home/waves/ros2_humble/install/mimick_vendor:/home/waves/ros2_humble/install/libyaml_vendor:/home/waves/ros2_humble/install/libcurl_vendor:/home/waves/ros2_humble/install/keyboard_handler:/home/waves/ros2_humble/install/iceoryx_introspection:/home/waves/ros2_humble/install/cyclonedds:/home/waves/ros2_humble/install/iceoryx_posh:/home/waves/ros2_humble/install/iceoryx_hoofs:/home/waves/ros2_humble/install/iceoryx_binding_c:/home/waves/ros2_humble/install/ament_cmake_ros:/home/waves/ros2_humble/install/ament_cmake_auto:/home/waves/ros2_humble/install/ament_cmake_gmock:/home/waves/ros2_humble/install/gmock_vendor:/home/waves/ros2_humble/install/ament_cmake_gtest:/home/waves/ros2_humble/install/gtest_vendor:/home/waves/ros2_humble/install/ament_cmake_google_benchmark:/home/waves/ros2_humble/install/google_benchmark_vendor:/home/waves/ros2_humble/install/fastrtps:/home/waves/ros2_humble/install/foonathan_memory_vendor:/home/waves/ros2_humble/install/fastrtps_cmake_module:/home/waves/ros2_humble/install/fastcdr:/home/waves/ros2_humble/install/eigen3_cmake_module:/home/waves/ros2_humble/install/console_bridge_vendor:/home/waves/ros2_humble/install/ament_cmake_xmllint:/home/waves/ros2_humble/install/ament_cmake_pyflakes:/home/waves/ros2_humble/install/ament_cmake_pycodestyle:/home/waves/ros2_humble/install/ament_cmake_pep257:/home/waves/ros2_humble/install/ament_cmake_pclint:/home/waves/ros2_humble/install/ament_lint_auto:/home/waves/ros2_humble/install/ament_cmake:/home/waves/ros2_humble/install/ament_cmake_version:/home/waves/ros2_humble/install/ament_cmake_vendor_package:/home/waves/ros2_humble/install/ament_cmake_pytest:/home/waves/ros2_humble/install/ament_cmake_nose:/home/waves/ros2_humble/install/ament_cmake_mypy:/home/waves/ros2_humble/install/ament_cmake_lint_cmake:/home/waves/ros2_humble/install/ament_cmake_flake8:/home/waves/ros2_humble/install/ament_cmake_cpplint:/home/waves/ros2_humble/install/ament_cmake_cppcheck:/home/waves/ros2_humble/install/ament_cmake_copyright:/home/waves/ros2_humble/install/ament_cmake_clang_tidy:/home/waves/ros2_humble/install/ament_cmake_clang_format:/home/waves/ros2_humble/install/ament_cmake_test:/home/waves/ros2_humble/install/ament_cmake_target_dependencies:/home/waves/ros2_humble/install/ament_cmake_python:/home/waves/ros2_humble/install/ament_cmake_export_dependencies:/home/waves/ros2_humble/install/ament_cmake_libraries:/home/waves/ros2_humble/install/ament_cmake_include_directories:/home/waves/ros2_humble/install/ament_cmake_gen_version_h:/home/waves/ros2_humble/install/ament_cmake_export_targets:/home/waves/ros2_humble/install/ament_cmake_export_link_flags:/home/waves/ros2_humble/install/ament_cmake_export_interfaces:/home/waves/ros2_humble/install/ament_cmake_export_libraries:/home/waves/ros2_humble/install/ament_cmake_export_include_directories:/home/waves/ros2_humble/install/ament_cmake_export_definitions:/home/waves/ros2_humble/install/ament_cmake_core:/home/waves/ros2_humble/install/ament_index_cpp /usr/bin/cmake --install /home/waves/hexapod/build/hexapod
[6.693s] Level 1:colcon.colcon_core.environment:create_environment_scripts_only(hexapod)
[6.694s] Level 1:colcon.colcon_core.environment:checking '/home/waves/hexapod/install/hexapod' for CMake module files
[6.696s] DEBUG:colcon.colcon_core.event_handler.log_command:Invoked command in '/home/waves/hexapod/build/hexapod' returned '0': CMAKE_PREFIX_PATH=/home/waves/hexapod/install/hexapod_services:/home/waves/hexapod/install/hexapod_control:/home/waves/hexapod/install/hexapod_interfaces:/home/waves/ros2_ws/install/video_runner:/home/waves/ros2_ws/install/robotics_class:/home/waves/ros2_ws/install/my_robot_bringup:/home/waves/ros2_ws/install/my_cpp_prac:/home/waves/ros2_ws/install/my_cpp_pkg:/home/waves/ros2_ws/install/act_5:/home/waves/ros2_ws/install/my_interface:/home/waves/ros2_ws/install/buffer:/home/waves/research/install/cobots:/home/waves/ros2_sim/install/ros2_control_demos:/home/waves/ros2_sim/install/ros2_control_demo_description:/home/waves/ros2_sim/install/my_robot_sim:/home/waves/ros2_sim/install/humanoid:/home/waves/ros2_sim/install/hopper_sim:/home/waves/ros2_sim/install/hopper_description:/home/waves/hexapod/install/hexapod_communication:/home/waves/ros2_ws/install/my_py_pkg:/opt/ros/humble:/home/waves/ros2_humble/install/rqt_bag_plugins:/home/waves/ros2_humble/install/rqt_bag:/home/waves/ros2_humble/install/launch_testing_examples:/home/waves/ros2_humble/install/ros2bag:/home/waves/ros2_humble/install/tracetools_test:/home/waves/ros2_humble/install/tracetools_launch:/home/waves/ros2_humble/install/topic_monitor:/home/waves/ros2_humble/install/tf2_tools:/home/waves/ros2_humble/install/examples_tf2_py:/home/waves/ros2_humble/install/tf2_ros_py:/home/waves/ros2_humble/install/sros2:/home/waves/ros2_humble/install/rqt_topic:/home/waves/ros2_humble/install/rqt_srv:/home/waves/ros2_humble/install/rqt_shell:/home/waves/ros2_humble/install/rqt_service_caller:/home/waves/ros2_humble/install/rqt_reconfigure:/home/waves/ros2_humble/install/rqt_py_console:/home/waves/ros2_humble/install/rqt_publisher:/home/waves/ros2_humble/install/rqt_plot:/home/waves/ros2_humble/install/rqt_action:/home/waves/ros2_humble/install/rqt_msg:/home/waves/ros2_humble/install/rqt_console:/home/waves/ros2_humble/install/rqt:/home/waves/ros2_humble/install/rqt_graph:/home/waves/ros2_humble/install/rqt_gui_py:/home/waves/ros2_humble/install/rqt_gui:/home/waves/ros2_humble/install/ros2trace:/home/waves/ros2_humble/install/ros2topic:/home/waves/ros2_humble/install/ros2test:/home/waves/ros2_humble/install/ros2component:/home/waves/ros2_humble/install/ros2param:/home/waves/ros2_humble/install/ros2lifecycle:/home/waves/ros2_humble/install/ros2service:/home/waves/ros2_humble/install/ros2run:/home/waves/ros2_humble/install/ros2launch:/home/waves/ros2_humble/install/ros2pkg:/home/waves/ros2_humble/install/ros2node:/home/waves/ros2_humble/install/ros2multicast:/home/waves/ros2_humble/install/ros2interface:/home/waves/ros2_humble/install/ros2doctor:/home/waves/ros2_humble/install/ros2action:/home/waves/ros2_humble/install/ros2cli:/home/waves/ros2_humble/install/quality_of_service_demo_py:/home/waves/ros2_humble/install/lifecycle_py:/home/waves/ros2_humble/install/launch_testing_ros:/home/waves/ros2_humble/install/launch_ros:/home/waves/ros2_humble/install/examples_rclpy_pointcloud_publisher:/home/waves/ros2_humble/install/examples_rclpy_minimal_subscriber:/home/waves/ros2_humble/install/examples_rclpy_minimal_service:/home/waves/ros2_humble/install/examples_rclpy_minimal_publisher:/home/waves/ros2_humble/install/examples_rclpy_minimal_client:/home/waves/ros2_humble/install/examples_rclpy_minimal_action_server:/home/waves/ros2_humble/install/examples_rclpy_minimal_action_client:/home/waves/ros2_humble/install/examples_rclpy_guard_conditions:/home/waves/ros2_humble/install/examples_rclpy_executors:/home/waves/ros2_humble/install/demo_nodes_py:/home/waves/ros2_humble/install/camera_info_manager_py:/home/waves/ros2_humble/install/action_tutorials_py:/home/waves/ros2_humble/install/ament_uncrustify:/home/waves/ros2_humble/install/tracetools_trace:/home/waves/ros2_humble/install/tracetools_read:/home/waves/ros2_humble/install/test_tracetools_launch:/home/waves/ros2_humble/install/test_launch_ros:/home/waves/ros2_humble/install/sensor_msgs_py:/home/waves/ros2_humble/install/rpyutils:/home/waves/ros2_humble/install/rosidl_runtime_py:/home/waves/ros2_humble/install/rosidl_cli:/home/waves/ros2_humble/install/launch_pytest:/home/waves/ros2_humble/install/launch_testing:/home/waves/ros2_humble/install/launch_yaml:/home/waves/ros2_humble/install/launch_xml:/home/waves/ros2_humble/install/launch:/home/waves/ros2_humble/install/osrf_pycommon:/home/waves/ros2_humble/install/domain_coordinator:/home/waves/ros2_humble/install/ament_xmllint:/home/waves/ros2_humble/install/ament_pyflakes:/home/waves/ros2_humble/install/ament_pycodestyle:/home/waves/ros2_humble/install/ament_pep257:/home/waves/ros2_humble/install/ament_pclint:/home/waves/ros2_humble/install/ament_package:/home/waves/ros2_humble/install/ament_mypy:/home/waves/ros2_humble/install/ament_lint_cmake:/home/waves/ros2_humble/install/ament_flake8:/home/waves/ros2_humble/install/ament_copyright:/home/waves/ros2_humble/install/ament_lint:/home/waves/ros2_humble/install/ament_index_python:/home/waves/ros2_humble/install/ament_cpplint:/home/waves/ros2_humble/install/ament_cppcheck:/home/waves/ros2_humble/install/ament_clang_tidy:/home/waves/ros2_humble/install/ament_clang_format:/home/waves/ros2_sim/install/hexapod_description:/home/waves/ros2_sim/install/hexapod:/home/waves/ros2_sim/install/franka:/home/waves/ros2_humble/install/rosbag2_storage_mcap:/home/waves/ros2_humble/install/rosbag2:/home/waves/ros2_humble/install/rosbag2_compression_zstd:/home/waves/ros2_humble/install/mcap_vendor:/home/waves/ros2_humble/install/zstd_vendor:/home/waves/ros2_humble/install/rviz_visual_testing_framework:/home/waves/ros2_humble/install/rviz2:/home/waves/ros2_humble/install/rviz_default_plugins:/home/waves/ros2_humble/install/rviz_common:/home/waves/ros2_humble/install/rosbag2_py:/home/waves/ros2_humble/install/rosbag2_transport:/home/waves/ros2_humble/install/rosbag2_storage_default_plugins:/home/waves/ros2_humble/install/rosbag2_performance_benchmarking:/home/waves/ros2_humble/install/rosbag2_compression:/home/waves/ros2_humble/install/rosbag2_cpp:/home/waves/ros2_humble/install/rosbag2_storage:/home/waves/ros2_humble/install/image_common:/home/waves/ros2_humble/install/camera_info_manager:/home/waves/ros2_humble/install/camera_calibration_parsers:/home/waves/ros2_humble/install/yaml_cpp_vendor:/home/waves/ros2_humble/install/interactive_markers:/home/waves/ros2_humble/install/common_interfaces:/home/waves/ros2_humble/install/visualization_msgs:/home/waves/ros2_humble/install/dummy_robot_bringup:/home/waves/ros2_humble/install/robot_state_publisher:/home/waves/ros2_humble/install/kdl_parser:/home/waves/ros2_humble/install/urdf:/home/waves/ros2_humble/install/urdfdom:/home/waves/ros2_humble/install/urdf_parser_plugin:/home/waves/ros2_humble/install/urdfdom_headers:/home/waves/ros2_humble/install/turtlesim:/home/waves/ros2_humble/install/geometry2:/home/waves/ros2_humble/install/tf2_sensor_msgs:/home/waves/ros2_humble/install/test_tf2:/home/waves/ros2_humble/install/tf2_kdl:/home/waves/ros2_humble/install/tf2_geometry_msgs:/home/waves/ros2_humble/install/tf2_eigen:/home/waves/ros2_humble/install/tf2_bullet:/home/waves/ros2_humble/install/tf2_ros:/home/waves/ros2_humble/install/tf2_py:/home/waves/ros2_humble/install/tf2_msgs:/home/waves/ros2_humble/install/test_msgs:/home/waves/ros2_humble/install/sros2_cmake:/home/waves/ros2_humble/install/ros2cli_common_extensions:/home/waves/ros2_humble/install/rqt_py_common:/home/waves/ros2_humble/install/rosbag2_storage_mcap_testdata:/home/waves/ros2_humble/install/ros_testing:/home/waves/ros2_humble/install/ros2cli_test_interfaces:/home/waves/ros2_humble/install/quality_of_service_demo_cpp:/home/waves/ros2_humble/install/image_transport:/home/waves/ros2_humble/install/message_filters:/home/waves/ros2_humble/install/demo_nodes_cpp:/home/waves/ros2_humble/install/composition:/home/waves/ros2_humble/install/laser_geometry:/home/waves/ros2_humble/install/rclpy:/home/waves/ros2_humble/install/examples_rclcpp_minimal_action_server:/home/waves/ros2_humble/install/examples_rclcpp_minimal_action_client:/home/waves/ros2_humble/install/action_tutorials_cpp:/home/waves/ros2_humble/install/rclcpp_action:/home/waves/ros2_humble/install/rcl_action:/home/waves/ros2_humble/install/examples_rclcpp_wait_set:/home/waves/ros2_humble/install/examples_rclcpp_minimal_service:/home/waves/ros2_humble/install/examples_rclcpp_minimal_client:/home/waves/ros2_humble/install/examples_rclcpp_async_client:/home/waves/ros2_humble/install/example_interfaces:/home/waves/ros2_humble/install/action_tutorials_interfaces:/home/waves/ros2_humble/install/action_msgs:/home/waves/ros2_humble/install/unique_identifier_msgs:/home/waves/ros2_humble/install/ament_lint_common:/home/waves/ros2_humble/install/ament_cmake_uncrustify:/home/waves/ros2_humble/install/uncrustify_vendor:/home/waves/ros2_humble/install/trajectory_msgs:/home/waves/ros2_humble/install/topic_statistics_demo:/home/waves/ros2_humble/install/pendulum_control:/home/waves/ros2_humble/install/tlsf_cpp:/home/waves/ros2_humble/install/test_tracetools:/home/waves/ros2_humble/install/rqt_gui_cpp:/home/waves/ros2_humble/install/rosbag2_test_common:/home/waves/ros2_humble/install/ros2lifecycle_test_fixtures:/home/waves/ros2_humble/install/lifecycle:/home/waves/ros2_humble/install/rclcpp_lifecycle:/home/waves/ros2_humble/install/logging_demo:/home/waves/ros2_humble/install/image_tools:/home/waves/ros2_humble/install/examples_rclcpp_minimal_subscriber:/home/waves/ros2_humble/install/examples_rclcpp_minimal_composition:/home/waves/ros2_humble/install/demo_nodes_cpp_native:/home/waves/ros2_humble/install/rclcpp_components:/home/waves/ros2_humble/install/intra_process_demo:/home/waves/ros2_humble/install/examples_rclcpp_multithreaded_executor:/home/waves/ros2_humble/install/examples_rclcpp_minimal_timer:/home/waves/ros2_humble/install/examples_rclcpp_minimal_publisher:/home/waves/ros2_humble/install/examples_rclcpp_cbg_executor:/home/waves/ros2_humble/install/dummy_sensors:/home/waves/ros2_humble/install/dummy_map_server:/home/waves/ros2_humble/install/rclcpp:/home/waves/ros2_humble/install/rcl_lifecycle:/home/waves/ros2_humble/install/libstatistics_collector:/home/waves/ros2_humble/install/rcl:/home/waves/ros2_humble/install/rmw_implementation:/home/waves/ros2_humble/install/rmw_fastrtps_dynamic_cpp:/home/waves/ros2_humble/install/rmw_fastrtps_cpp:/home/waves/ros2_humble/install/rmw_fastrtps_shared_cpp:/home/waves/ros2_humble/install/rmw_cyclonedds_cpp:/home/waves/ros2_humble/install/tracetools:/home/waves/ros2_humble/install/tlsf:/home/waves/ros2_humble/install/tinyxml_vendor:/home/waves/ros2_humble/install/qt_gui_core:/home/waves/ros2_humble/install/qt_gui_cpp:/home/waves/ros2_humble/install/pluginlib:/home/waves/ros2_humble/install/tinyxml2_vendor:/home/waves/ros2_humble/install/tf2_eigen_kdl:/home/waves/ros2_humble/install/tf2:/home/waves/ros2_humble/install/test_security:/home/waves/ros2_humble/install/test_rmw_implementation:/home/waves/ros2_humble/install/test_rclcpp:/home/waves/ros2_humble/install/test_quality_of_service:/home/waves/ros2_humble/install/test_launch_testing:/home/waves/ros2_humble/install/test_interface_files:/home/waves/ros2_humble/install/test_communication:/home/waves/ros2_humble/install/test_cli_remapping:/home/waves/ros2_humble/install/test_cli:/home/waves/ros2_humble/install/qt_gui_app:/home/waves/ros2_humble/install/qt_gui:/home/waves/ros2_humble/install/tango_icons_vendor:/home/waves/ros2_humble/install/stereo_msgs:/home/waves/ros2_humble/install/std_srvs:/home/waves/ros2_humble/install/shape_msgs:/home/waves/ros2_humble/install/map_msgs:/home/waves/ros2_humble/install/sensor_msgs:/home/waves/ros2_humble/install/nav_msgs:/home/waves/ros2_humble/install/diagnostic_msgs:/home/waves/ros2_humble/install/geometry_msgs:/home/waves/ros2_humble/install/actionlib_msgs:/home/waves/ros2_humble/install/std_msgs:/home/waves/ros2_humble/install/statistics_msgs:/home/waves/ros2_humble/install/sqlite3_vendor:/home/waves/ros2_humble/install/rcl_logging_spdlog:/home/waves/ros2_humble/install/spdlog_vendor:/home/waves/ros2_humble/install/shared_queues_vendor:/home/waves/ros2_humble/install/rviz_rendering_tests:/home/waves/ros2_humble/install/rviz_rendering:/home/waves/ros2_humble/install/rviz_ogre_vendor:/home/waves/ros2_humble/install/rviz_assimp_vendor:/home/waves/ros2_humble/install/rttest:/home/waves/ros2_humble/install/rmw_connextddsmicro:/home/waves/ros2_humble/install/rmw_connextdds:/home/waves/ros2_humble/install/rmw_connextdds_common:/home/waves/ros2_humble/install/rti_connext_dds_cmake_module:/home/waves/ros2_humble/install/rosgraph_msgs:/home/waves/ros2_humble/install/rosbag2_interfaces:/home/waves/ros2_humble/install/rmw_dds_common:/home/waves/ros2_humble/install/composition_interfaces:/home/waves/ros2_humble/install/rcl_interfaces:/home/waves/ros2_humble/install/pendulum_msgs:/home/waves/ros2_humble/install/lifecycle_msgs:/home/waves/ros2_humble/install/builtin_interfaces:/home/waves/ros2_humble/install/rosidl_default_runtime:/home/waves/ros2_humble/install/rosidl_default_generators:/home/waves/ros2_humble/install/rosidl_generator_py:/home/waves/ros2_humble/install/rosidl_typesupport_introspection_tests:/home/waves/ros2_humble/install/rosidl_typesupport_cpp:/home/waves/ros2_humble/install/rosidl_typesupport_introspection_cpp:/home/waves/ros2_humble/install/rosidl_typesupport_c:/home/waves/ros2_humble/install/rosidl_typesupport_introspection_c:/home/waves/ros2_humble/install/rosidl_typesupport_fastrtps_c:/home/waves/ros2_humble/install/rosidl_typesupport_fastrtps_cpp:/home/waves/ros2_humble/install/rosidl_generator_cpp:/home/waves/ros2_humble/install/rosidl_runtime_cpp:/home/waves/ros2_humble/install/rcl_yaml_param_parser:/home/waves/ros2_humble/install/rmw:/home/waves/ros2_humble/install/rosidl_runtime_c:/home/waves/ros2_humble/install/rosidl_generator_c:/home/waves/ros2_humble/install/rosidl_typesupport_interface:/home/waves/ros2_humble/install/rosidl_generator_dds_idl:/home/waves/ros2_humble/install/rosidl_cmake:/home/waves/ros2_humble/install/rosidl_parser:/home/waves/ros2_humble/install/rosidl_adapter:/home/waves/ros2_humble/install/rosbag2_tests:/home/waves/ros2_humble/install/ros_environment:/home/waves/ros2_humble/install/rmw_implementation_cmake:/home/waves/ros2_humble/install/resource_retriever:/home/waves/ros2_humble/install/class_loader:/home/waves/ros2_humble/install/rcpputils:/home/waves/ros2_humble/install/rcl_logging_noop:/home/waves/ros2_humble/install/rcl_logging_interface:/home/waves/ros2_humble/install/rcutils:/home/waves/ros2_humble/install/qt_gui_py_common:/home/waves/ros2_humble/install/qt_dotgraph:/home/waves/ros2_humble/install/python_qt_binding:/home/waves/ros2_humble/install/python_orocos_kdl_vendor:/home/waves/ros2_humble/install/launch_testing_ament_cmake:/home/waves/ros2_humble/install/python_cmake_module:/home/waves/ros2_humble/install/pybind11_vendor:/home/waves/ros2_humble/install/performance_test_fixture:/home/waves/ros2_humble/install/osrf_testing_tools_cpp:/home/waves/ros2_humble/install/orocos_kdl_vendor:/home/waves/ros2_humble/install/mimick_vendor:/home/waves/ros2_humble/install/libyaml_vendor:/home/waves/ros2_humble/install/libcurl_vendor:/home/waves/ros2_humble/install/keyboard_handler:/home/waves/ros2_humble/install/iceoryx_introspection:/home/waves/ros2_humble/install/cyclonedds:/home/waves/ros2_humble/install/iceoryx_posh:/home/waves/ros2_humble/install/iceoryx_hoofs:/home/waves/ros2_humble/install/iceoryx_binding_c:/home/waves/ros2_humble/install/ament_cmake_ros:/home/waves/ros2_humble/install/ament_cmake_auto:/home/waves/ros2_humble/install/ament_cmake_gmock:/home/waves/ros2_humble/install/gmock_vendor:/home/waves/ros2_humble/install/ament_cmake_gtest:/home/waves/ros2_humble/install/gtest_vendor:/home/waves/ros2_humble/install/ament_cmake_google_benchmark:/home/waves/ros2_humble/install/google_benchmark_vendor:/home/waves/ros2_humble/install/fastrtps:/home/waves/ros2_humble/install/foonathan_memory_vendor:/home/waves/ros2_humble/install/fastrtps_cmake_module:/home/waves/ros2_humble/install/fastcdr:/home/waves/ros2_humble/install/eigen3_cmake_module:/home/waves/ros2_humble/install/console_bridge_vendor:/home/waves/ros2_humble/install/ament_cmake_xmllint:/home/waves/ros2_humble/install/ament_cmake_pyflakes:/home/waves/ros2_humble/install/ament_cmake_pycodestyle:/home/waves/ros2_humble/install/ament_cmake_pep257:/home/waves/ros2_humble/install/ament_cmake_pclint:/home/waves/ros2_humble/install/ament_lint_auto:/home/waves/ros2_humble/install/ament_cmake:/home/waves/ros2_humble/install/ament_cmake_version:/home/waves/ros2_humble/install/ament_cmake_vendor_package:/home/waves/ros2_humble/install/ament_cmake_pytest:/home/waves/ros2_humble/install/ament_cmake_nose:/home/waves/ros2_humble/install/ament_cmake_mypy:/home/waves/ros2_humble/install/ament_cmake_lint_cmake:/home/waves/ros2_humble/install/ament_cmake_flake8:/home/waves/ros2_humble/install/ament_cmake_cpplint:/home/waves/ros2_humble/install/ament_cmake_cppcheck:/home/waves/ros2_humble/install/ament_cmake_copyright:/home/waves/ros2_humble/install/ament_cmake_clang_tidy:/home/waves/ros2_humble/install/ament_cmake_clang_format:/home/waves/ros2_humble/install/ament_cmake_test:/home/waves/ros2_humble/install/ament_cmake_target_dependencies:/home/waves/ros2_humble/install/ament_cmake_python:/home/waves/ros2_humble/install/ament_cmake_export_dependencies:/home/waves/ros2_humble/install/ament_cmake_libraries:/home/waves/ros2_humble/install/ament_cmake_include_directories:/home/waves/ros2_humble/install/ament_cmake_gen_version_h:/home/waves/ros2_humble/install/ament_cmake_export_targets:/home/waves/ros2_humble/install/ament_cmake_export_link_flags:/home/waves/ros2_humble/install/ament_cmake_export_interfaces:/home/waves/ros2_humble/install/ament_cmake_export_libraries:/home/waves/ros2_humble/install/ament_cmake_export_include_directories:/home/waves/ros2_humble/install/ament_cmake_export_definitions:/home/waves/ros2_humble/install/ament_cmake_core:/home/waves/ros2_humble/install/ament_index_cpp /usr/bin/cmake --install /home/waves/hexapod/build/hexapod
[6.697s] Level 1:colcon.colcon_core.environment:checking '/home/waves/hexapod/install/hexapod' for CMake config files
[6.698s] Level 1:colcon.colcon_core.shell:create_environment_hook('hexapod', 'cmake_prefix_path')
[6.698s] INFO:colcon.colcon_core.shell:Creating environment hook '/home/waves/hexapod/install/hexapod/share/hexapod/hook/cmake_prefix_path.ps1'
[6.701s] INFO:colcon.colcon_core.shell:Creating environment descriptor '/home/waves/hexapod/install/hexapod/share/hexapod/hook/cmake_prefix_path.dsv'
[6.701s] INFO:colcon.colcon_core.shell:Creating environment hook '/home/waves/hexapod/install/hexapod/share/hexapod/hook/cmake_prefix_path.sh'
[6.703s] Level 1:colcon.colcon_core.environment:checking '/home/waves/hexapod/install/hexapod/bin'
[6.705s] Level 1:colcon.colcon_core.environment:checking '/home/waves/hexapod/install/hexapod/lib/pkgconfig/hexapod.pc'
[6.706s] Level 1:colcon.colcon_core.environment:checking '/home/waves/hexapod/install/hexapod/lib/python3.10/site-packages'
[6.707s] Level 1:colcon.colcon_core.environment:checking '/home/waves/hexapod/install/hexapod/bin'
[6.709s] INFO:colcon.colcon_core.shell:Creating package script '/home/waves/hexapod/install/hexapod/share/hexapod/package.ps1'
[6.710s] INFO:colcon.colcon_core.shell:Creating package descriptor '/home/waves/hexapod/install/hexapod/share/hexapod/package.dsv'
[6.712s] INFO:colcon.colcon_core.shell:Creating package script '/home/waves/hexapod/install/hexapod/share/hexapod/package.sh'
[6.713s] INFO:colcon.colcon_core.shell:Creating package script '/home/waves/hexapod/install/hexapod/share/hexapod/package.bash'
[6.713s] INFO:colcon.colcon_core.shell:Creating package script '/home/waves/hexapod/install/hexapod/share/hexapod/package.zsh'
[6.714s] Level 1:colcon.colcon_core.environment:create_file_with_runtime_dependencies(/home/waves/hexapod/install/hexapod/share/colcon-core/packages/hexapod)
[6.715s] Level 1:colcon.colcon_core.environment:create_environment_scripts_only(hexapod)
[6.715s] Level 1:colcon.colcon_core.environment:checking '/home/waves/hexapod/install/hexapod' for CMake module files
[6.716s] Level 1:colcon.colcon_core.environment:checking '/home/waves/hexapod/install/hexapod' for CMake config files
[6.716s] Level 1:colcon.colcon_core.shell:create_environment_hook('hexapod', 'cmake_prefix_path')
[6.717s] INFO:colcon.colcon_core.shell:Creating environment hook '/home/waves/hexapod/install/hexapod/share/hexapod/hook/cmake_prefix_path.ps1'
[6.717s] INFO:colcon.colcon_core.shell:Creating environment descriptor '/home/waves/hexapod/install/hexapod/share/hexapod/hook/cmake_prefix_path.dsv'
[6.718s] INFO:colcon.colcon_core.shell:Creating environment hook '/home/waves/hexapod/install/hexapod/share/hexapod/hook/cmake_prefix_path.sh'
[6.720s] Level 1:colcon.colcon_core.environment:checking '/home/waves/hexapod/install/hexapod/bin'
[6.720s] Level 1:colcon.colcon_core.environment:checking '/home/waves/hexapod/install/hexapod/lib/pkgconfig/hexapod.pc'
[6.720s] Level 1:colcon.colcon_core.environment:checking '/home/waves/hexapod/install/hexapod/lib/python3.10/site-packages'
[6.720s] Level 1:colcon.colcon_core.environment:checking '/home/waves/hexapod/install/hexapod/bin'
[6.721s] INFO:colcon.colcon_core.shell:Creating package script '/home/waves/hexapod/install/hexapod/share/hexapod/package.ps1'
[6.722s] INFO:colcon.colcon_core.shell:Creating package descriptor '/home/waves/hexapod/install/hexapod/share/hexapod/package.dsv'
[6.725s] INFO:colcon.colcon_core.shell:Creating package script '/home/waves/hexapod/install/hexapod/share/hexapod/package.sh'
[6.727s] INFO:colcon.colcon_core.shell:Creating package script '/home/waves/hexapod/install/hexapod/share/hexapod/package.bash'
[6.731s] INFO:colcon.colcon_core.shell:Creating package script '/home/waves/hexapod/install/hexapod/share/hexapod/package.zsh'
[6.733s] Level 1:colcon.colcon_core.environment:create_file_with_runtime_dependencies(/home/waves/hexapod/install/hexapod/share/colcon-core/packages/hexapod)
[6.733s] DEBUG:colcon.colcon_parallel_executor.executor.parallel:closing loop
[6.734s] DEBUG:colcon.colcon_parallel_executor.executor.parallel:loop closed
[6.735s] DEBUG:colcon.colcon_parallel_executor.executor.parallel:run_until_complete finished with '0'
[6.736s] DEBUG:colcon.colcon_core.event_reactor:joining thread
[6.794s] INFO:colcon.colcon_core.plugin_system:Skipping extension 'colcon_notification.desktop_notification.terminal_notifier': Not used on non-Darwin systems
[6.794s] INFO:colcon.colcon_core.plugin_system:Skipping extension 'colcon_notification.desktop_notification.win32': Not used on non-Windows systems
[6.794s] INFO:colcon.colcon_notification.desktop_notification:Sending desktop notification using 'notify2'
[6.824s] DEBUG:colcon.colcon_core.event_reactor:joined thread
[6.825s] INFO:colcon.colcon_core.shell:Creating prefix script '/home/waves/hexapod/install/local_setup.ps1'
[6.829s] INFO:colcon.colcon_core.shell:Creating prefix util module '/home/waves/hexapod/install/_local_setup_util_ps1.py'
[6.834s] INFO:colcon.colcon_core.shell:Creating prefix chain script '/home/waves/hexapod/install/setup.ps1'
[6.900s] INFO:colcon.colcon_core.shell:Creating prefix script '/home/waves/hexapod/install/local_setup.sh'
[6.903s] INFO:colcon.colcon_core.shell:Creating prefix util module '/home/waves/hexapod/install/_local_setup_util_sh.py'
[6.906s] INFO:colcon.colcon_core.shell:Creating prefix chain script '/home/waves/hexapod/install/setup.sh'
[6.966s] INFO:colcon.colcon_core.shell:Creating prefix script '/home/waves/hexapod/install/local_setup.bash'
[6.970s] INFO:colcon.colcon_core.shell:Creating prefix chain script '/home/waves/hexapod/install/setup.bash'
[7.022s] INFO:colcon.colcon_core.shell:Creating prefix script '/home/waves/hexapod/install/local_setup.zsh'
[7.024s] INFO:colcon.colcon_core.shell:Creating prefix chain script '/home/waves/hexapod/install/setup.zsh'
