[0.736s] DEBUG:colcon:Command line arguments: ['/usr/bin/colcon', 'build']
[0.736s] DEBUG:colcon:Parsed command line arguments: Namespace(log_base=None, log_level=None, verb_name='build', build_base='build', install_base='install', merge_install=False, symlink_install=False, test_result_base=None, continue_on_error=False, executor='parallel', parallel_workers=4, event_handlers=None, ignore_user_meta=False, metas=['./colcon.meta'], base_paths=['.'], packages_ignore=None, packages_ignore_regex=None, paths=None, packages_up_to=None, packages_up_to_regex=None, packages_above=None, packages_above_and_dependencies=None, packages_above_depth=None, packages_select_by_dep=None, packages_skip_by_dep=None, packages_skip_up_to=None, packages_select_build_failed=False, packages_skip_build_finished=False, packages_select_test_failures=False, packages_skip_test_passed=False, packages_select=None, packages_skip=None, packages_select_regex=None, packages_skip_regex=None, packages_start=None, packages_end=None, allow_overriding=[], cmake_args=None, cmake_target=None, cmake_target_skip_unavailable=False, cmake_clean_cache=False, cmake_clean_first=False, cmake_force_configure=False, ament_cmake_args=None, catkin_cmake_args=None, catkin_skip_building_tests=False, mixin_files=None, mixin=None, verb_parser=<colcon_mixin.mixin.mixin_argument.MixinArgumentDecorator object at 0x72513e8b3fa0>, verb_extension=<colcon_core.verb.build.BuildVerb object at 0x72513e8b3ac0>, main=<bound method BuildVerb.main of <colcon_core.verb.build.BuildVerb object at 0x72513e8b3ac0>>, mixin_verb=('build',))
[1.481s] Level 1:colcon.colcon_core.package_discovery:discover_packages(colcon_meta) check parameters
[1.481s] Level 1:colcon.colcon_core.package_discovery:discover_packages(recursive) check parameters
[1.481s] Level 1:colcon.colcon_core.package_discovery:discover_packages(ignore) check parameters
[1.481s] Level 1:colcon.colcon_core.package_discovery:discover_packages(path) check parameters
[1.481s] Level 1:colcon.colcon_core.package_discovery:discover_packages(colcon_meta) discover
[1.481s] Level 1:colcon.colcon_core.package_discovery:discover_packages(recursive) discover
[1.481s] INFO:colcon.colcon_core.package_discovery:Crawling recursively for packages in '/home/waves/hexapod'
[1.482s] Level 1:colcon.colcon_core.package_identification:_identify(.) by extensions ['ignore', 'ignore_ament_install']
[1.482s] Level 1:colcon.colcon_core.package_identification:_identify(.) by extension 'ignore'
[1.482s] Level 1:colcon.colcon_core.package_identification:_identify(.) by extension 'ignore_ament_install'
[1.482s] Level 1:colcon.colcon_core.package_identification:_identify(.) by extensions ['colcon_pkg']
[1.482s] Level 1:colcon.colcon_core.package_identification:_identify(.) by extension 'colcon_pkg'
[1.482s] Level 1:colcon.colcon_core.package_identification:_identify(.) by extensions ['colcon_meta']
[1.482s] Level 1:colcon.colcon_core.package_identification:_identify(.) by extension 'colcon_meta'
[1.482s] Level 1:colcon.colcon_core.package_identification:_identify(.) by extensions ['ros']
[1.482s] Level 1:colcon.colcon_core.package_identification:_identify(.) by extension 'ros'
[1.527s] Level 1:colcon.colcon_core.package_identification:_identify(.) by extensions ['cmake', 'python']
[1.527s] Level 1:colcon.colcon_core.package_identification:_identify(.) by extension 'cmake'
[1.527s] Level 1:colcon.colcon_core.package_identification:_identify(.) by extension 'python'
[1.527s] Level 1:colcon.colcon_core.package_identification:_identify(.) by extensions ['python_setup_py']
[1.527s] Level 1:colcon.colcon_core.package_identification:_identify(.) by extension 'python_setup_py'
[1.528s] Level 1:colcon.colcon_core.package_identification:_identify(build) by extensions ['ignore', 'ignore_ament_install']
[1.531s] Level 1:colcon.colcon_core.package_identification:_identify(build) by extension 'ignore'
[1.531s] Level 1:colcon.colcon_core.package_identification:_identify(build) ignored
[1.532s] Level 1:colcon.colcon_core.package_identification:_identify(install) by extensions ['ignore', 'ignore_ament_install']
[1.532s] Level 1:colcon.colcon_core.package_identification:_identify(install) by extension 'ignore'
[1.532s] Level 1:colcon.colcon_core.package_identification:_identify(install) ignored
[1.533s] Level 1:colcon.colcon_core.package_identification:_identify(log) by extensions ['ignore', 'ignore_ament_install']
[1.533s] Level 1:colcon.colcon_core.package_identification:_identify(log) by extension 'ignore'
[1.533s] Level 1:colcon.colcon_core.package_identification:_identify(log) ignored
[1.533s] Level 1:colcon.colcon_core.package_identification:_identify(src) by extensions ['ignore', 'ignore_ament_install']
[1.533s] Level 1:colcon.colcon_core.package_identification:_identify(src) by extension 'ignore'
[1.533s] Level 1:colcon.colcon_core.package_identification:_identify(src) by extension 'ignore_ament_install'
[1.533s] Level 1:colcon.colcon_core.package_identification:_identify(src) by extensions ['colcon_pkg']
[1.533s] Level 1:colcon.colcon_core.package_identification:_identify(src) by extension 'colcon_pkg'
[1.533s] Level 1:colcon.colcon_core.package_identification:_identify(src) by extensions ['colcon_meta']
[1.533s] Level 1:colcon.colcon_core.package_identification:_identify(src) by extension 'colcon_meta'
[1.533s] Level 1:colcon.colcon_core.package_identification:_identify(src) by extensions ['ros']
[1.533s] Level 1:colcon.colcon_core.package_identification:_identify(src) by extension 'ros'
[1.534s] Level 1:colcon.colcon_core.package_identification:_identify(src) by extensions ['cmake', 'python']
[1.534s] Level 1:colcon.colcon_core.package_identification:_identify(src) by extension 'cmake'
[1.534s] Level 1:colcon.colcon_core.package_identification:_identify(src) by extension 'python'
[1.534s] Level 1:colcon.colcon_core.package_identification:_identify(src) by extensions ['python_setup_py']
[1.534s] Level 1:colcon.colcon_core.package_identification:_identify(src) by extension 'python_setup_py'
[1.534s] Level 1:colcon.colcon_core.package_identification:_identify(src/hexapod) by extensions ['ignore', 'ignore_ament_install']
[1.534s] Level 1:colcon.colcon_core.package_identification:_identify(src/hexapod) by extension 'ignore'
[1.534s] Level 1:colcon.colcon_core.package_identification:_identify(src/hexapod) by extension 'ignore_ament_install'
[1.534s] Level 1:colcon.colcon_core.package_identification:_identify(src/hexapod) by extensions ['colcon_pkg']
[1.534s] Level 1:colcon.colcon_core.package_identification:_identify(src/hexapod) by extension 'colcon_pkg'
[1.534s] Level 1:colcon.colcon_core.package_identification:_identify(src/hexapod) by extensions ['colcon_meta']
[1.534s] Level 1:colcon.colcon_core.package_identification:_identify(src/hexapod) by extension 'colcon_meta'
[1.534s] Level 1:colcon.colcon_core.package_identification:_identify(src/hexapod) by extensions ['ros']
[1.535s] Level 1:colcon.colcon_core.package_identification:_identify(src/hexapod) by extension 'ros'
[1.545s] DEBUG:colcon.colcon_core.package_identification:Package 'src/hexapod' with type 'ros.ament_cmake' and name 'hexapod'
[1.545s] Level 1:colcon.colcon_core.package_identification:_identify(src/hexapod_communication) by extensions ['ignore', 'ignore_ament_install']
[1.546s] Level 1:colcon.colcon_core.package_identification:_identify(src/hexapod_communication) by extension 'ignore'
[1.546s] Level 1:colcon.colcon_core.package_identification:_identify(src/hexapod_communication) by extension 'ignore_ament_install'
[1.546s] Level 1:colcon.colcon_core.package_identification:_identify(src/hexapod_communication) by extensions ['colcon_pkg']
[1.546s] Level 1:colcon.colcon_core.package_identification:_identify(src/hexapod_communication) by extension 'colcon_pkg'
[1.546s] Level 1:colcon.colcon_core.package_identification:_identify(src/hexapod_communication) by extensions ['colcon_meta']
[1.546s] Level 1:colcon.colcon_core.package_identification:_identify(src/hexapod_communication) by extension 'colcon_meta'
[1.546s] Level 1:colcon.colcon_core.package_identification:_identify(src/hexapod_communication) by extensions ['ros']
[1.546s] Level 1:colcon.colcon_core.package_identification:_identify(src/hexapod_communication) by extension 'ros'
[1.548s] DEBUG:colcon.colcon_core.package_identification:Package 'src/hexapod_communication' with type 'ros.ament_python' and name 'hexapod_communication'
[1.548s] Level 1:colcon.colcon_core.package_identification:_identify(src/hexapod_control) by extensions ['ignore', 'ignore_ament_install']
[1.548s] Level 1:colcon.colcon_core.package_identification:_identify(src/hexapod_control) by extension 'ignore'
[1.548s] Level 1:colcon.colcon_core.package_identification:_identify(src/hexapod_control) by extension 'ignore_ament_install'
[1.548s] Level 1:colcon.colcon_core.package_identification:_identify(src/hexapod_control) by extensions ['colcon_pkg']
[1.548s] Level 1:colcon.colcon_core.package_identification:_identify(src/hexapod_control) by extension 'colcon_pkg'
[1.548s] Level 1:colcon.colcon_core.package_identification:_identify(src/hexapod_control) by extensions ['colcon_meta']
[1.549s] Level 1:colcon.colcon_core.package_identification:_identify(src/hexapod_control) by extension 'colcon_meta'
[1.549s] Level 1:colcon.colcon_core.package_identification:_identify(src/hexapod_control) by extensions ['ros']
[1.549s] Level 1:colcon.colcon_core.package_identification:_identify(src/hexapod_control) by extension 'ros'
[1.550s] DEBUG:colcon.colcon_core.package_identification:Package 'src/hexapod_control' with type 'ros.ament_cmake' and name 'hexapod_control'
[1.550s] Level 1:colcon.colcon_core.package_identification:_identify(src/hexapod_interfaces) by extensions ['ignore', 'ignore_ament_install']
[1.550s] Level 1:colcon.colcon_core.package_identification:_identify(src/hexapod_interfaces) by extension 'ignore'
[1.550s] Level 1:colcon.colcon_core.package_identification:_identify(src/hexapod_interfaces) by extension 'ignore_ament_install'
[1.550s] Level 1:colcon.colcon_core.package_identification:_identify(src/hexapod_interfaces) by extensions ['colcon_pkg']
[1.550s] Level 1:colcon.colcon_core.package_identification:_identify(src/hexapod_interfaces) by extension 'colcon_pkg'
[1.550s] Level 1:colcon.colcon_core.package_identification:_identify(src/hexapod_interfaces) by extensions ['colcon_meta']
[1.550s] Level 1:colcon.colcon_core.package_identification:_identify(src/hexapod_interfaces) by extension 'colcon_meta'
[1.551s] Level 1:colcon.colcon_core.package_identification:_identify(src/hexapod_interfaces) by extensions ['ros']
[1.551s] Level 1:colcon.colcon_core.package_identification:_identify(src/hexapod_interfaces) by extension 'ros'
[1.552s] DEBUG:colcon.colcon_core.package_identification:Package 'src/hexapod_interfaces' with type 'ros.ament_cmake' and name 'hexapod_interfaces'
[1.552s] Level 1:colcon.colcon_core.package_identification:_identify(src/hexapod_services) by extensions ['ignore', 'ignore_ament_install']
[1.553s] Level 1:colcon.colcon_core.package_identification:_identify(src/hexapod_services) by extension 'ignore'
[1.553s] Level 1:colcon.colcon_core.package_identification:_identify(src/hexapod_services) by extension 'ignore_ament_install'
[1.553s] Level 1:colcon.colcon_core.package_identification:_identify(src/hexapod_services) by extensions ['colcon_pkg']
[1.553s] Level 1:colcon.colcon_core.package_identification:_identify(src/hexapod_services) by extension 'colcon_pkg'
[1.553s] Level 1:colcon.colcon_core.package_identification:_identify(src/hexapod_services) by extensions ['colcon_meta']
[1.553s] Level 1:colcon.colcon_core.package_identification:_identify(src/hexapod_services) by extension 'colcon_meta'
[1.553s] Level 1:colcon.colcon_core.package_identification:_identify(src/hexapod_services) by extensions ['ros']
[1.553s] Level 1:colcon.colcon_core.package_identification:_identify(src/hexapod_services) by extension 'ros'
[1.554s] DEBUG:colcon.colcon_core.package_identification:Package 'src/hexapod_services' with type 'ros.ament_cmake' and name 'hexapod_services'
[1.554s] Level 1:colcon.colcon_core.package_discovery:discover_packages(recursive) using defaults
[1.555s] Level 1:colcon.colcon_core.package_discovery:discover_packages(ignore) discover
[1.555s] Level 1:colcon.colcon_core.package_discovery:discover_packages(ignore) using defaults
[1.556s] Level 1:colcon.colcon_core.package_discovery:discover_packages(path) discover
[1.556s] Level 1:colcon.colcon_core.package_discovery:discover_packages(path) using defaults
[1.678s] Level 1:colcon.colcon_core.package_discovery:discover_packages(prefix_path) check parameters
[1.678s] Level 1:colcon.colcon_core.package_discovery:discover_packages(prefix_path) discover
[1.706s] DEBUG:colcon.colcon_installed_package_information.package_discovery:Found 5 installed packages in /home/waves/hexapod/install
[1.707s] DEBUG:colcon.colcon_installed_package_information.package_discovery:Found 1 installed packages in /home/waves/research/install
[1.708s] DEBUG:colcon.colcon_installed_package_information.package_discovery:Found 11 installed packages in /home/waves/ros2_sim/install
[1.709s] DEBUG:colcon.colcon_installed_package_information.package_discovery:Found 10 installed packages in /home/waves/ros2_ws/install
[1.739s] DEBUG:colcon.colcon_installed_package_information.package_discovery:Found 346 installed packages in /home/waves/ros2_humble/install
[1.742s] DEBUG:colcon.colcon_installed_package_information.package_discovery:Found 0 installed packages in /home/waves/ros2_ws/src/my_py_pkg/my_py_pkg/install
[1.744s] DEBUG:colcon.colcon_installed_package_information.package_discovery:Found 299 installed packages in /opt/ros/humble
[1.757s] Level 1:colcon.colcon_core.package_discovery:discover_packages(prefix_path) using defaults
[1.945s] Level 5:colcon.colcon_core.verb:set package 'hexapod' build argument 'cmake_args' from command line to 'None'
[1.945s] Level 5:colcon.colcon_core.verb:set package 'hexapod' build argument 'cmake_target' from command line to 'None'
[1.945s] Level 5:colcon.colcon_core.verb:set package 'hexapod' build argument 'cmake_target_skip_unavailable' from command line to 'False'
[1.945s] Level 5:colcon.colcon_core.verb:set package 'hexapod' build argument 'cmake_clean_cache' from command line to 'False'
[1.945s] Level 5:colcon.colcon_core.verb:set package 'hexapod' build argument 'cmake_clean_first' from command line to 'False'
[1.945s] Level 5:colcon.colcon_core.verb:set package 'hexapod' build argument 'cmake_force_configure' from command line to 'False'
[1.945s] Level 5:colcon.colcon_core.verb:set package 'hexapod' build argument 'ament_cmake_args' from command line to 'None'
[1.945s] Level 5:colcon.colcon_core.verb:set package 'hexapod' build argument 'catkin_cmake_args' from command line to 'None'
[1.945s] Level 5:colcon.colcon_core.verb:set package 'hexapod' build argument 'catkin_skip_building_tests' from command line to 'False'
[1.945s] DEBUG:colcon.colcon_core.verb:Building package 'hexapod' with the following arguments: {'ament_cmake_args': None, 'build_base': '/home/waves/hexapod/build/hexapod', 'catkin_cmake_args': None, 'catkin_skip_building_tests': False, 'cmake_args': None, 'cmake_clean_cache': False, 'cmake_clean_first': False, 'cmake_force_configure': False, 'cmake_target': None, 'cmake_target_skip_unavailable': False, 'install_base': '/home/waves/hexapod/install/hexapod', 'merge_install': False, 'path': '/home/waves/hexapod/src/hexapod', 'symlink_install': False, 'test_result_base': None}
[1.947s] Level 5:colcon.colcon_core.verb:set package 'hexapod_communication' build argument 'cmake_args' from command line to 'None'
[1.947s] Level 5:colcon.colcon_core.verb:set package 'hexapod_communication' build argument 'cmake_target' from command line to 'None'
[1.947s] Level 5:colcon.colcon_core.verb:set package 'hexapod_communication' build argument 'cmake_target_skip_unavailable' from command line to 'False'
[1.947s] Level 5:colcon.colcon_core.verb:set package 'hexapod_communication' build argument 'cmake_clean_cache' from command line to 'False'
[1.947s] Level 5:colcon.colcon_core.verb:set package 'hexapod_communication' build argument 'cmake_clean_first' from command line to 'False'
[1.947s] Level 5:colcon.colcon_core.verb:set package 'hexapod_communication' build argument 'cmake_force_configure' from command line to 'False'
[1.947s] Level 5:colcon.colcon_core.verb:set package 'hexapod_communication' build argument 'ament_cmake_args' from command line to 'None'
[1.947s] Level 5:colcon.colcon_core.verb:set package 'hexapod_communication' build argument 'catkin_cmake_args' from command line to 'None'
[1.947s] Level 5:colcon.colcon_core.verb:set package 'hexapod_communication' build argument 'catkin_skip_building_tests' from command line to 'False'
[1.947s] DEBUG:colcon.colcon_core.verb:Building package 'hexapod_communication' with the following arguments: {'ament_cmake_args': None, 'build_base': '/home/waves/hexapod/build/hexapod_communication', 'catkin_cmake_args': None, 'catkin_skip_building_tests': False, 'cmake_args': None, 'cmake_clean_cache': False, 'cmake_clean_first': False, 'cmake_force_configure': False, 'cmake_target': None, 'cmake_target_skip_unavailable': False, 'install_base': '/home/waves/hexapod/install/hexapod_communication', 'merge_install': False, 'path': '/home/waves/hexapod/src/hexapod_communication', 'symlink_install': False, 'test_result_base': None}
[1.948s] Level 5:colcon.colcon_core.verb:set package 'hexapod_interfaces' build argument 'cmake_args' from command line to 'None'
[1.948s] Level 5:colcon.colcon_core.verb:set package 'hexapod_interfaces' build argument 'cmake_target' from command line to 'None'
[1.948s] Level 5:colcon.colcon_core.verb:set package 'hexapod_interfaces' build argument 'cmake_target_skip_unavailable' from command line to 'False'
[1.948s] Level 5:colcon.colcon_core.verb:set package 'hexapod_interfaces' build argument 'cmake_clean_cache' from command line to 'False'
[1.948s] Level 5:colcon.colcon_core.verb:set package 'hexapod_interfaces' build argument 'cmake_clean_first' from command line to 'False'
[1.948s] Level 5:colcon.colcon_core.verb:set package 'hexapod_interfaces' build argument 'cmake_force_configure' from command line to 'False'
[1.948s] Level 5:colcon.colcon_core.verb:set package 'hexapod_interfaces' build argument 'ament_cmake_args' from command line to 'None'
[1.948s] Level 5:colcon.colcon_core.verb:set package 'hexapod_interfaces' build argument 'catkin_cmake_args' from command line to 'None'
[1.948s] Level 5:colcon.colcon_core.verb:set package 'hexapod_interfaces' build argument 'catkin_skip_building_tests' from command line to 'False'
[1.948s] DEBUG:colcon.colcon_core.verb:Building package 'hexapod_interfaces' with the following arguments: {'ament_cmake_args': None, 'build_base': '/home/waves/hexapod/build/hexapod_interfaces', 'catkin_cmake_args': None, 'catkin_skip_building_tests': False, 'cmake_args': None, 'cmake_clean_cache': False, 'cmake_clean_first': False, 'cmake_force_configure': False, 'cmake_target': None, 'cmake_target_skip_unavailable': False, 'install_base': '/home/waves/hexapod/install/hexapod_interfaces', 'merge_install': False, 'path': '/home/waves/hexapod/src/hexapod_interfaces', 'symlink_install': False, 'test_result_base': None}
[1.950s] Level 5:colcon.colcon_core.verb:set package 'hexapod_control' build argument 'cmake_args' from command line to 'None'
[1.950s] Level 5:colcon.colcon_core.verb:set package 'hexapod_control' build argument 'cmake_target' from command line to 'None'
[1.950s] Level 5:colcon.colcon_core.verb:set package 'hexapod_control' build argument 'cmake_target_skip_unavailable' from command line to 'False'
[1.950s] Level 5:colcon.colcon_core.verb:set package 'hexapod_control' build argument 'cmake_clean_cache' from command line to 'False'
[1.950s] Level 5:colcon.colcon_core.verb:set package 'hexapod_control' build argument 'cmake_clean_first' from command line to 'False'
[1.950s] Level 5:colcon.colcon_core.verb:set package 'hexapod_control' build argument 'cmake_force_configure' from command line to 'False'
[1.950s] Level 5:colcon.colcon_core.verb:set package 'hexapod_control' build argument 'ament_cmake_args' from command line to 'None'
[1.950s] Level 5:colcon.colcon_core.verb:set package 'hexapod_control' build argument 'catkin_cmake_args' from command line to 'None'
[1.950s] Level 5:colcon.colcon_core.verb:set package 'hexapod_control' build argument 'catkin_skip_building_tests' from command line to 'False'
[1.950s] DEBUG:colcon.colcon_core.verb:Building package 'hexapod_control' with the following arguments: {'ament_cmake_args': None, 'build_base': '/home/waves/hexapod/build/hexapod_control', 'catkin_cmake_args': None, 'catkin_skip_building_tests': False, 'cmake_args': None, 'cmake_clean_cache': False, 'cmake_clean_first': False, 'cmake_force_configure': False, 'cmake_target': None, 'cmake_target_skip_unavailable': False, 'install_base': '/home/waves/hexapod/install/hexapod_control', 'merge_install': False, 'path': '/home/waves/hexapod/src/hexapod_control', 'symlink_install': False, 'test_result_base': None}
[1.952s] Level 5:colcon.colcon_core.verb:set package 'hexapod_services' build argument 'cmake_args' from command line to 'None'
[1.953s] Level 5:colcon.colcon_core.verb:set package 'hexapod_services' build argument 'cmake_target' from command line to 'None'
[1.953s] Level 5:colcon.colcon_core.verb:set package 'hexapod_services' build argument 'cmake_target_skip_unavailable' from command line to 'False'
[1.953s] Level 5:colcon.colcon_core.verb:set package 'hexapod_services' build argument 'cmake_clean_cache' from command line to 'False'
[1.953s] Level 5:colcon.colcon_core.verb:set package 'hexapod_services' build argument 'cmake_clean_first' from command line to 'False'
[1.953s] Level 5:colcon.colcon_core.verb:set package 'hexapod_services' build argument 'cmake_force_configure' from command line to 'False'
[1.953s] Level 5:colcon.colcon_core.verb:set package 'hexapod_services' build argument 'ament_cmake_args' from command line to 'None'
[1.953s] Level 5:colcon.colcon_core.verb:set package 'hexapod_services' build argument 'catkin_cmake_args' from command line to 'None'
[1.953s] Level 5:colcon.colcon_core.verb:set package 'hexapod_services' build argument 'catkin_skip_building_tests' from command line to 'False'
[1.953s] DEBUG:colcon.colcon_core.verb:Building package 'hexapod_services' with the following arguments: {'ament_cmake_args': None, 'build_base': '/home/waves/hexapod/build/hexapod_services', 'catkin_cmake_args': None, 'catkin_skip_building_tests': False, 'cmake_args': None, 'cmake_clean_cache': False, 'cmake_clean_first': False, 'cmake_force_configure': False, 'cmake_target': None, 'cmake_target_skip_unavailable': False, 'install_base': '/home/waves/hexapod/install/hexapod_services', 'merge_install': False, 'path': '/home/waves/hexapod/src/hexapod_services', 'symlink_install': False, 'test_result_base': None}
[1.953s] INFO:colcon.colcon_core.executor:Executing jobs using 'parallel' executor
[1.955s] DEBUG:colcon.colcon_parallel_executor.executor.parallel:run_until_complete
[1.956s] INFO:colcon.colcon_ros.task.ament_cmake.build:Building ROS package in '/home/waves/hexapod/src/hexapod_interfaces' with build type 'ament_cmake'
[1.956s] INFO:colcon.colcon_cmake.task.cmake.build:Building CMake package in '/home/waves/hexapod/src/hexapod_interfaces'
[1.968s] INFO:colcon.colcon_core.plugin_system:Skipping extension 'colcon_core.shell.bat': Not used on non-Windows systems
[1.968s] INFO:colcon.colcon_core.shell:Skip shell extension 'powershell' for command environment: Not usable outside of PowerShell
[1.968s] DEBUG:colcon.colcon_core.shell:Skip shell extension 'dsv' for command environment
[2.025s] INFO:colcon.colcon_ros.task.ament_cmake.build:Building ROS package in '/home/waves/hexapod/src/hexapod' with build type 'ament_cmake'
[2.026s] INFO:colcon.colcon_cmake.task.cmake.build:Building CMake package in '/home/waves/hexapod/src/hexapod'
[2.026s] INFO:colcon.colcon_core.shell:Skip shell extension 'powershell' for command environment: Not usable outside of PowerShell
[2.026s] DEBUG:colcon.colcon_core.shell:Skip shell extension 'dsv' for command environment
[2.100s] INFO:colcon.colcon_ros.task.ament_python.build:Building ROS package in '/home/waves/hexapod/src/hexapod_communication' with build type 'ament_python'
[2.100s] Level 1:colcon.colcon_core.shell:create_environment_hook('hexapod_communication', 'ament_prefix_path')
[2.101s] INFO:colcon.colcon_core.shell:Creating environment hook '/home/waves/hexapod/install/hexapod_communication/share/hexapod_communication/hook/ament_prefix_path.ps1'
[2.112s] INFO:colcon.colcon_core.shell:Creating environment descriptor '/home/waves/hexapod/install/hexapod_communication/share/hexapod_communication/hook/ament_prefix_path.dsv'
[2.115s] INFO:colcon.colcon_core.shell:Creating environment hook '/home/waves/hexapod/install/hexapod_communication/share/hexapod_communication/hook/ament_prefix_path.sh'
[2.117s] INFO:colcon.colcon_core.shell:Skip shell extension 'powershell' for command environment: Not usable outside of PowerShell
[2.117s] DEBUG:colcon.colcon_core.shell:Skip shell extension 'dsv' for command environment
[2.179s] DEBUG:colcon.colcon_core.event_handler.log_command:Invoking command in '/home/waves/hexapod/build/hexapod_interfaces': CMAKE_PREFIX_PATH=/home/waves/hexapod/install/hexapod_services:/home/waves/hexapod/install/hexapod_control:/home/waves/hexapod/install/hexapod_interfaces:/home/waves/ros2_ws/install/video_runner:/home/waves/ros2_ws/install/robotics_class:/home/waves/ros2_ws/install/my_robot_bringup:/home/waves/ros2_ws/install/my_cpp_prac:/home/waves/ros2_ws/install/my_cpp_pkg:/home/waves/ros2_ws/install/act_5:/home/waves/ros2_ws/install/my_interface:/home/waves/ros2_ws/install/buffer:/home/waves/research/install/cobots:/home/waves/ros2_sim/install/ros2_control_demos:/home/waves/ros2_sim/install/ros2_control_demo_description:/home/waves/ros2_sim/install/my_robot_sim:/home/waves/ros2_sim/install/humanoid:/home/waves/ros2_sim/install/hopper_sim:/home/waves/ros2_sim/install/hopper_description:/home/waves/hexapod/install/hexapod_communication:/home/waves/ros2_ws/install/my_py_pkg:/opt/ros/humble:/home/waves/ros2_humble/install/rqt_bag_plugins:/home/waves/ros2_humble/install/rqt_bag:/home/waves/ros2_humble/install/launch_testing_examples:/home/waves/ros2_humble/install/ros2bag:/home/waves/ros2_humble/install/tracetools_test:/home/waves/ros2_humble/install/tracetools_launch:/home/waves/ros2_humble/install/topic_monitor:/home/waves/ros2_humble/install/tf2_tools:/home/waves/ros2_humble/install/examples_tf2_py:/home/waves/ros2_humble/install/tf2_ros_py:/home/waves/ros2_humble/install/sros2:/home/waves/ros2_humble/install/rqt_topic:/home/waves/ros2_humble/install/rqt_srv:/home/waves/ros2_humble/install/rqt_shell:/home/waves/ros2_humble/install/rqt_service_caller:/home/waves/ros2_humble/install/rqt_reconfigure:/home/waves/ros2_humble/install/rqt_py_console:/home/waves/ros2_humble/install/rqt_publisher:/home/waves/ros2_humble/install/rqt_plot:/home/waves/ros2_humble/install/rqt_action:/home/waves/ros2_humble/install/rqt_msg:/home/waves/ros2_humble/install/rqt_console:/home/waves/ros2_humble/install/rqt:/home/waves/ros2_humble/install/rqt_graph:/home/waves/ros2_humble/install/rqt_gui_py:/home/waves/ros2_humble/install/rqt_gui:/home/waves/ros2_humble/install/ros2trace:/home/waves/ros2_humble/install/ros2topic:/home/waves/ros2_humble/install/ros2test:/home/waves/ros2_humble/install/ros2component:/home/waves/ros2_humble/install/ros2param:/home/waves/ros2_humble/install/ros2lifecycle:/home/waves/ros2_humble/install/ros2service:/home/waves/ros2_humble/install/ros2run:/home/waves/ros2_humble/install/ros2launch:/home/waves/ros2_humble/install/ros2pkg:/home/waves/ros2_humble/install/ros2node:/home/waves/ros2_humble/install/ros2multicast:/home/waves/ros2_humble/install/ros2interface:/home/waves/ros2_humble/install/ros2doctor:/home/waves/ros2_humble/install/ros2action:/home/waves/ros2_humble/install/ros2cli:/home/waves/ros2_humble/install/quality_of_service_demo_py:/home/waves/ros2_humble/install/lifecycle_py:/home/waves/ros2_humble/install/launch_testing_ros:/home/waves/ros2_humble/install/launch_ros:/home/waves/ros2_humble/install/examples_rclpy_pointcloud_publisher:/home/waves/ros2_humble/install/examples_rclpy_minimal_subscriber:/home/waves/ros2_humble/install/examples_rclpy_minimal_service:/home/waves/ros2_humble/install/examples_rclpy_minimal_publisher:/home/waves/ros2_humble/install/examples_rclpy_minimal_client:/home/waves/ros2_humble/install/examples_rclpy_minimal_action_server:/home/waves/ros2_humble/install/examples_rclpy_minimal_action_client:/home/waves/ros2_humble/install/examples_rclpy_guard_conditions:/home/waves/ros2_humble/install/examples_rclpy_executors:/home/waves/ros2_humble/install/demo_nodes_py:/home/waves/ros2_humble/install/camera_info_manager_py:/home/waves/ros2_humble/install/action_tutorials_py:/home/waves/ros2_humble/install/ament_uncrustify:/home/waves/ros2_humble/install/tracetools_trace:/home/waves/ros2_humble/install/tracetools_read:/home/waves/ros2_humble/install/test_tracetools_launch:/home/waves/ros2_humble/install/test_launch_ros:/home/waves/ros2_humble/install/sensor_msgs_py:/home/waves/ros2_humble/install/rpyutils:/home/waves/ros2_humble/install/rosidl_runtime_py:/home/waves/ros2_humble/install/rosidl_cli:/home/waves/ros2_humble/install/launch_pytest:/home/waves/ros2_humble/install/launch_testing:/home/waves/ros2_humble/install/launch_yaml:/home/waves/ros2_humble/install/launch_xml:/home/waves/ros2_humble/install/launch:/home/waves/ros2_humble/install/osrf_pycommon:/home/waves/ros2_humble/install/domain_coordinator:/home/waves/ros2_humble/install/ament_xmllint:/home/waves/ros2_humble/install/ament_pyflakes:/home/waves/ros2_humble/install/ament_pycodestyle:/home/waves/ros2_humble/install/ament_pep257:/home/waves/ros2_humble/install/ament_pclint:/home/waves/ros2_humble/install/ament_package:/home/waves/ros2_humble/install/ament_mypy:/home/waves/ros2_humble/install/ament_lint_cmake:/home/waves/ros2_humble/install/ament_flake8:/home/waves/ros2_humble/install/ament_copyright:/home/waves/ros2_humble/install/ament_lint:/home/waves/ros2_humble/install/ament_index_python:/home/waves/ros2_humble/install/ament_cpplint:/home/waves/ros2_humble/install/ament_cppcheck:/home/waves/ros2_humble/install/ament_clang_tidy:/home/waves/ros2_humble/install/ament_clang_format:/home/waves/ros2_sim/install/hexapod_description:/home/waves/ros2_sim/install/hexapod:/home/waves/ros2_sim/install/franka:/home/waves/ros2_humble/install/rosbag2_storage_mcap:/home/waves/ros2_humble/install/rosbag2:/home/waves/ros2_humble/install/rosbag2_compression_zstd:/home/waves/ros2_humble/install/mcap_vendor:/home/waves/ros2_humble/install/zstd_vendor:/home/waves/ros2_humble/install/rviz_visual_testing_framework:/home/waves/ros2_humble/install/rviz2:/home/waves/ros2_humble/install/rviz_default_plugins:/home/waves/ros2_humble/install/rviz_common:/home/waves/ros2_humble/install/rosbag2_py:/home/waves/ros2_humble/install/rosbag2_transport:/home/waves/ros2_humble/install/rosbag2_storage_default_plugins:/home/waves/ros2_humble/install/rosbag2_performance_benchmarking:/home/waves/ros2_humble/install/rosbag2_compression:/home/waves/ros2_humble/install/rosbag2_cpp:/home/waves/ros2_humble/install/rosbag2_storage:/home/waves/ros2_humble/install/image_common:/home/waves/ros2_humble/install/camera_info_manager:/home/waves/ros2_humble/install/camera_calibration_parsers:/home/waves/ros2_humble/install/yaml_cpp_vendor:/home/waves/ros2_humble/install/interactive_markers:/home/waves/ros2_humble/install/common_interfaces:/home/waves/ros2_humble/install/visualization_msgs:/home/waves/ros2_humble/install/dummy_robot_bringup:/home/waves/ros2_humble/install/robot_state_publisher:/home/waves/ros2_humble/install/kdl_parser:/home/waves/ros2_humble/install/urdf:/home/waves/ros2_humble/install/urdfdom:/home/waves/ros2_humble/install/urdf_parser_plugin:/home/waves/ros2_humble/install/urdfdom_headers:/home/waves/ros2_humble/install/turtlesim:/home/waves/ros2_humble/install/geometry2:/home/waves/ros2_humble/install/tf2_sensor_msgs:/home/waves/ros2_humble/install/test_tf2:/home/waves/ros2_humble/install/tf2_kdl:/home/waves/ros2_humble/install/tf2_geometry_msgs:/home/waves/ros2_humble/install/tf2_eigen:/home/waves/ros2_humble/install/tf2_bullet:/home/waves/ros2_humble/install/tf2_ros:/home/waves/ros2_humble/install/tf2_py:/home/waves/ros2_humble/install/tf2_msgs:/home/waves/ros2_humble/install/test_msgs:/home/waves/ros2_humble/install/sros2_cmake:/home/waves/ros2_humble/install/ros2cli_common_extensions:/home/waves/ros2_humble/install/rqt_py_common:/home/waves/ros2_humble/install/rosbag2_storage_mcap_testdata:/home/waves/ros2_humble/install/ros_testing:/home/waves/ros2_humble/install/ros2cli_test_interfaces:/home/waves/ros2_humble/install/quality_of_service_demo_cpp:/home/waves/ros2_humble/install/image_transport:/home/waves/ros2_humble/install/message_filters:/home/waves/ros2_humble/install/demo_nodes_cpp:/home/waves/ros2_humble/install/composition:/home/waves/ros2_humble/install/laser_geometry:/home/waves/ros2_humble/install/rclpy:/home/waves/ros2_humble/install/examples_rclcpp_minimal_action_server:/home/waves/ros2_humble/install/examples_rclcpp_minimal_action_client:/home/waves/ros2_humble/install/action_tutorials_cpp:/home/waves/ros2_humble/install/rclcpp_action:/home/waves/ros2_humble/install/rcl_action:/home/waves/ros2_humble/install/examples_rclcpp_wait_set:/home/waves/ros2_humble/install/examples_rclcpp_minimal_service:/home/waves/ros2_humble/install/examples_rclcpp_minimal_client:/home/waves/ros2_humble/install/examples_rclcpp_async_client:/home/waves/ros2_humble/install/example_interfaces:/home/waves/ros2_humble/install/action_tutorials_interfaces:/home/waves/ros2_humble/install/action_msgs:/home/waves/ros2_humble/install/unique_identifier_msgs:/home/waves/ros2_humble/install/ament_lint_common:/home/waves/ros2_humble/install/ament_cmake_uncrustify:/home/waves/ros2_humble/install/uncrustify_vendor:/home/waves/ros2_humble/install/trajectory_msgs:/home/waves/ros2_humble/install/topic_statistics_demo:/home/waves/ros2_humble/install/pendulum_control:/home/waves/ros2_humble/install/tlsf_cpp:/home/waves/ros2_humble/install/test_tracetools:/home/waves/ros2_humble/install/rqt_gui_cpp:/home/waves/ros2_humble/install/rosbag2_test_common:/home/waves/ros2_humble/install/ros2lifecycle_test_fixtures:/home/waves/ros2_humble/install/lifecycle:/home/waves/ros2_humble/install/rclcpp_lifecycle:/home/waves/ros2_humble/install/logging_demo:/home/waves/ros2_humble/install/image_tools:/home/waves/ros2_humble/install/examples_rclcpp_minimal_subscriber:/home/waves/ros2_humble/install/examples_rclcpp_minimal_composition:/home/waves/ros2_humble/install/demo_nodes_cpp_native:/home/waves/ros2_humble/install/rclcpp_components:/home/waves/ros2_humble/install/intra_process_demo:/home/waves/ros2_humble/install/examples_rclcpp_multithreaded_executor:/home/waves/ros2_humble/install/examples_rclcpp_minimal_timer:/home/waves/ros2_humble/install/examples_rclcpp_minimal_publisher:/home/waves/ros2_humble/install/examples_rclcpp_cbg_executor:/home/waves/ros2_humble/install/dummy_sensors:/home/waves/ros2_humble/install/dummy_map_server:/home/waves/ros2_humble/install/rclcpp:/home/waves/ros2_humble/install/rcl_lifecycle:/home/waves/ros2_humble/install/libstatistics_collector:/home/waves/ros2_humble/install/rcl:/home/waves/ros2_humble/install/rmw_implementation:/home/waves/ros2_humble/install/rmw_fastrtps_dynamic_cpp:/home/waves/ros2_humble/install/rmw_fastrtps_cpp:/home/waves/ros2_humble/install/rmw_fastrtps_shared_cpp:/home/waves/ros2_humble/install/rmw_cyclonedds_cpp:/home/waves/ros2_humble/install/tracetools:/home/waves/ros2_humble/install/tlsf:/home/waves/ros2_humble/install/tinyxml_vendor:/home/waves/ros2_humble/install/qt_gui_core:/home/waves/ros2_humble/install/qt_gui_cpp:/home/waves/ros2_humble/install/pluginlib:/home/waves/ros2_humble/install/tinyxml2_vendor:/home/waves/ros2_humble/install/tf2_eigen_kdl:/home/waves/ros2_humble/install/tf2:/home/waves/ros2_humble/install/test_security:/home/waves/ros2_humble/install/test_rmw_implementation:/home/waves/ros2_humble/install/test_rclcpp:/home/waves/ros2_humble/install/test_quality_of_service:/home/waves/ros2_humble/install/test_launch_testing:/home/waves/ros2_humble/install/test_interface_files:/home/waves/ros2_humble/install/test_communication:/home/waves/ros2_humble/install/test_cli_remapping:/home/waves/ros2_humble/install/test_cli:/home/waves/ros2_humble/install/qt_gui_app:/home/waves/ros2_humble/install/qt_gui:/home/waves/ros2_humble/install/tango_icons_vendor:/home/waves/ros2_humble/install/stereo_msgs:/home/waves/ros2_humble/install/std_srvs:/home/waves/ros2_humble/install/shape_msgs:/home/waves/ros2_humble/install/map_msgs:/home/waves/ros2_humble/install/sensor_msgs:/home/waves/ros2_humble/install/nav_msgs:/home/waves/ros2_humble/install/diagnostic_msgs:/home/waves/ros2_humble/install/geometry_msgs:/home/waves/ros2_humble/install/actionlib_msgs:/home/waves/ros2_humble/install/std_msgs:/home/waves/ros2_humble/install/statistics_msgs:/home/waves/ros2_humble/install/sqlite3_vendor:/home/waves/ros2_humble/install/rcl_logging_spdlog:/home/waves/ros2_humble/install/spdlog_vendor:/home/waves/ros2_humble/install/shared_queues_vendor:/home/waves/ros2_humble/install/rviz_rendering_tests:/home/waves/ros2_humble/install/rviz_rendering:/home/waves/ros2_humble/install/rviz_ogre_vendor:/home/waves/ros2_humble/install/rviz_assimp_vendor:/home/waves/ros2_humble/install/rttest:/home/waves/ros2_humble/install/rmw_connextddsmicro:/home/waves/ros2_humble/install/rmw_connextdds:/home/waves/ros2_humble/install/rmw_connextdds_common:/home/waves/ros2_humble/install/rti_connext_dds_cmake_module:/home/waves/ros2_humble/install/rosgraph_msgs:/home/waves/ros2_humble/install/rosbag2_interfaces:/home/waves/ros2_humble/install/rmw_dds_common:/home/waves/ros2_humble/install/composition_interfaces:/home/waves/ros2_humble/install/rcl_interfaces:/home/waves/ros2_humble/install/pendulum_msgs:/home/waves/ros2_humble/install/lifecycle_msgs:/home/waves/ros2_humble/install/builtin_interfaces:/home/waves/ros2_humble/install/rosidl_default_runtime:/home/waves/ros2_humble/install/rosidl_default_generators:/home/waves/ros2_humble/install/rosidl_generator_py:/home/waves/ros2_humble/install/rosidl_typesupport_introspection_tests:/home/waves/ros2_humble/install/rosidl_typesupport_cpp:/home/waves/ros2_humble/install/rosidl_typesupport_introspection_cpp:/home/waves/ros2_humble/install/rosidl_typesupport_c:/home/waves/ros2_humble/install/rosidl_typesupport_introspection_c:/home/waves/ros2_humble/install/rosidl_typesupport_fastrtps_c:/home/waves/ros2_humble/install/rosidl_typesupport_fastrtps_cpp:/home/waves/ros2_humble/install/rosidl_generator_cpp:/home/waves/ros2_humble/install/rosidl_runtime_cpp:/home/waves/ros2_humble/install/rcl_yaml_param_parser:/home/waves/ros2_humble/install/rmw:/home/waves/ros2_humble/install/rosidl_runtime_c:/home/waves/ros2_humble/install/rosidl_generator_c:/home/waves/ros2_humble/install/rosidl_typesupport_interface:/home/waves/ros2_humble/install/rosidl_generator_dds_idl:/home/waves/ros2_humble/install/rosidl_cmake:/home/waves/ros2_humble/install/rosidl_parser:/home/waves/ros2_humble/install/rosidl_adapter:/home/waves/ros2_humble/install/rosbag2_tests:/home/waves/ros2_humble/install/ros_environment:/home/waves/ros2_humble/install/rmw_implementation_cmake:/home/waves/ros2_humble/install/resource_retriever:/home/waves/ros2_humble/install/class_loader:/home/waves/ros2_humble/install/rcpputils:/home/waves/ros2_humble/install/rcl_logging_noop:/home/waves/ros2_humble/install/rcl_logging_interface:/home/waves/ros2_humble/install/rcutils:/home/waves/ros2_humble/install/qt_gui_py_common:/home/waves/ros2_humble/install/qt_dotgraph:/home/waves/ros2_humble/install/python_qt_binding:/home/waves/ros2_humble/install/python_orocos_kdl_vendor:/home/waves/ros2_humble/install/launch_testing_ament_cmake:/home/waves/ros2_humble/install/python_cmake_module:/home/waves/ros2_humble/install/pybind11_vendor:/home/waves/ros2_humble/install/performance_test_fixture:/home/waves/ros2_humble/install/osrf_testing_tools_cpp:/home/waves/ros2_humble/install/orocos_kdl_vendor:/home/waves/ros2_humble/install/mimick_vendor:/home/waves/ros2_humble/install/libyaml_vendor:/home/waves/ros2_humble/install/libcurl_vendor:/home/waves/ros2_humble/install/keyboard_handler:/home/waves/ros2_humble/install/iceoryx_introspection:/home/waves/ros2_humble/install/cyclonedds:/home/waves/ros2_humble/install/iceoryx_posh:/home/waves/ros2_humble/install/iceoryx_hoofs:/home/waves/ros2_humble/install/iceoryx_binding_c:/home/waves/ros2_humble/install/ament_cmake_ros:/home/waves/ros2_humble/install/ament_cmake_auto:/home/waves/ros2_humble/install/ament_cmake_gmock:/home/waves/ros2_humble/install/gmock_vendor:/home/waves/ros2_humble/install/ament_cmake_gtest:/home/waves/ros2_humble/install/gtest_vendor:/home/waves/ros2_humble/install/ament_cmake_google_benchmark:/home/waves/ros2_humble/install/google_benchmark_vendor:/home/waves/ros2_humble/install/fastrtps:/home/waves/ros2_humble/install/foonathan_memory_vendor:/home/waves/ros2_humble/install/fastrtps_cmake_module:/home/waves/ros2_humble/install/fastcdr:/home/waves/ros2_humble/install/eigen3_cmake_module:/home/waves/ros2_humble/install/console_bridge_vendor:/home/waves/ros2_humble/install/ament_cmake_xmllint:/home/waves/ros2_humble/install/ament_cmake_pyflakes:/home/waves/ros2_humble/install/ament_cmake_pycodestyle:/home/waves/ros2_humble/install/ament_cmake_pep257:/home/waves/ros2_humble/install/ament_cmake_pclint:/home/waves/ros2_humble/install/ament_lint_auto:/home/waves/ros2_humble/install/ament_cmake:/home/waves/ros2_humble/install/ament_cmake_version:/home/waves/ros2_humble/install/ament_cmake_vendor_package:/home/waves/ros2_humble/install/ament_cmake_pytest:/home/waves/ros2_humble/install/ament_cmake_nose:/home/waves/ros2_humble/install/ament_cmake_mypy:/home/waves/ros2_humble/install/ament_cmake_lint_cmake:/home/waves/ros2_humble/install/ament_cmake_flake8:/home/waves/ros2_humble/install/ament_cmake_cpplint:/home/waves/ros2_humble/install/ament_cmake_cppcheck:/home/waves/ros2_humble/install/ament_cmake_copyright:/home/waves/ros2_humble/install/ament_cmake_clang_tidy:/home/waves/ros2_humble/install/ament_cmake_clang_format:/home/waves/ros2_humble/install/ament_cmake_test:/home/waves/ros2_humble/install/ament_cmake_target_dependencies:/home/waves/ros2_humble/install/ament_cmake_python:/home/waves/ros2_humble/install/ament_cmake_export_dependencies:/home/waves/ros2_humble/install/ament_cmake_libraries:/home/waves/ros2_humble/install/ament_cmake_include_directories:/home/waves/ros2_humble/install/ament_cmake_gen_version_h:/home/waves/ros2_humble/install/ament_cmake_export_targets:/home/waves/ros2_humble/install/ament_cmake_export_link_flags:/home/waves/ros2_humble/install/ament_cmake_export_interfaces:/home/waves/ros2_humble/install/ament_cmake_export_libraries:/home/waves/ros2_humble/install/ament_cmake_export_include_directories:/home/waves/ros2_humble/install/ament_cmake_export_definitions:/home/waves/ros2_humble/install/ament_cmake_core:/home/waves/ros2_humble/install/ament_index_cpp /usr/bin/cmake --build /home/waves/hexapod/build/hexapod_interfaces -- -j4 -l4
[2.272s] DEBUG:colcon.colcon_core.event_handler.log_command:Invoking command in '/home/waves/hexapod/build/hexapod': CMAKE_PREFIX_PATH=/home/waves/hexapod/install/hexapod_services:/home/waves/hexapod/install/hexapod_control:/home/waves/hexapod/install/hexapod_interfaces:/home/waves/ros2_ws/install/video_runner:/home/waves/ros2_ws/install/robotics_class:/home/waves/ros2_ws/install/my_robot_bringup:/home/waves/ros2_ws/install/my_cpp_prac:/home/waves/ros2_ws/install/my_cpp_pkg:/home/waves/ros2_ws/install/act_5:/home/waves/ros2_ws/install/my_interface:/home/waves/ros2_ws/install/buffer:/home/waves/research/install/cobots:/home/waves/ros2_sim/install/ros2_control_demos:/home/waves/ros2_sim/install/ros2_control_demo_description:/home/waves/ros2_sim/install/my_robot_sim:/home/waves/ros2_sim/install/humanoid:/home/waves/ros2_sim/install/hopper_sim:/home/waves/ros2_sim/install/hopper_description:/home/waves/hexapod/install/hexapod_communication:/home/waves/ros2_ws/install/my_py_pkg:/opt/ros/humble:/home/waves/ros2_humble/install/rqt_bag_plugins:/home/waves/ros2_humble/install/rqt_bag:/home/waves/ros2_humble/install/launch_testing_examples:/home/waves/ros2_humble/install/ros2bag:/home/waves/ros2_humble/install/tracetools_test:/home/waves/ros2_humble/install/tracetools_launch:/home/waves/ros2_humble/install/topic_monitor:/home/waves/ros2_humble/install/tf2_tools:/home/waves/ros2_humble/install/examples_tf2_py:/home/waves/ros2_humble/install/tf2_ros_py:/home/waves/ros2_humble/install/sros2:/home/waves/ros2_humble/install/rqt_topic:/home/waves/ros2_humble/install/rqt_srv:/home/waves/ros2_humble/install/rqt_shell:/home/waves/ros2_humble/install/rqt_service_caller:/home/waves/ros2_humble/install/rqt_reconfigure:/home/waves/ros2_humble/install/rqt_py_console:/home/waves/ros2_humble/install/rqt_publisher:/home/waves/ros2_humble/install/rqt_plot:/home/waves/ros2_humble/install/rqt_action:/home/waves/ros2_humble/install/rqt_msg:/home/waves/ros2_humble/install/rqt_console:/home/waves/ros2_humble/install/rqt:/home/waves/ros2_humble/install/rqt_graph:/home/waves/ros2_humble/install/rqt_gui_py:/home/waves/ros2_humble/install/rqt_gui:/home/waves/ros2_humble/install/ros2trace:/home/waves/ros2_humble/install/ros2topic:/home/waves/ros2_humble/install/ros2test:/home/waves/ros2_humble/install/ros2component:/home/waves/ros2_humble/install/ros2param:/home/waves/ros2_humble/install/ros2lifecycle:/home/waves/ros2_humble/install/ros2service:/home/waves/ros2_humble/install/ros2run:/home/waves/ros2_humble/install/ros2launch:/home/waves/ros2_humble/install/ros2pkg:/home/waves/ros2_humble/install/ros2node:/home/waves/ros2_humble/install/ros2multicast:/home/waves/ros2_humble/install/ros2interface:/home/waves/ros2_humble/install/ros2doctor:/home/waves/ros2_humble/install/ros2action:/home/waves/ros2_humble/install/ros2cli:/home/waves/ros2_humble/install/quality_of_service_demo_py:/home/waves/ros2_humble/install/lifecycle_py:/home/waves/ros2_humble/install/launch_testing_ros:/home/waves/ros2_humble/install/launch_ros:/home/waves/ros2_humble/install/examples_rclpy_pointcloud_publisher:/home/waves/ros2_humble/install/examples_rclpy_minimal_subscriber:/home/waves/ros2_humble/install/examples_rclpy_minimal_service:/home/waves/ros2_humble/install/examples_rclpy_minimal_publisher:/home/waves/ros2_humble/install/examples_rclpy_minimal_client:/home/waves/ros2_humble/install/examples_rclpy_minimal_action_server:/home/waves/ros2_humble/install/examples_rclpy_minimal_action_client:/home/waves/ros2_humble/install/examples_rclpy_guard_conditions:/home/waves/ros2_humble/install/examples_rclpy_executors:/home/waves/ros2_humble/install/demo_nodes_py:/home/waves/ros2_humble/install/camera_info_manager_py:/home/waves/ros2_humble/install/action_tutorials_py:/home/waves/ros2_humble/install/ament_uncrustify:/home/waves/ros2_humble/install/tracetools_trace:/home/waves/ros2_humble/install/tracetools_read:/home/waves/ros2_humble/install/test_tracetools_launch:/home/waves/ros2_humble/install/test_launch_ros:/home/waves/ros2_humble/install/sensor_msgs_py:/home/waves/ros2_humble/install/rpyutils:/home/waves/ros2_humble/install/rosidl_runtime_py:/home/waves/ros2_humble/install/rosidl_cli:/home/waves/ros2_humble/install/launch_pytest:/home/waves/ros2_humble/install/launch_testing:/home/waves/ros2_humble/install/launch_yaml:/home/waves/ros2_humble/install/launch_xml:/home/waves/ros2_humble/install/launch:/home/waves/ros2_humble/install/osrf_pycommon:/home/waves/ros2_humble/install/domain_coordinator:/home/waves/ros2_humble/install/ament_xmllint:/home/waves/ros2_humble/install/ament_pyflakes:/home/waves/ros2_humble/install/ament_pycodestyle:/home/waves/ros2_humble/install/ament_pep257:/home/waves/ros2_humble/install/ament_pclint:/home/waves/ros2_humble/install/ament_package:/home/waves/ros2_humble/install/ament_mypy:/home/waves/ros2_humble/install/ament_lint_cmake:/home/waves/ros2_humble/install/ament_flake8:/home/waves/ros2_humble/install/ament_copyright:/home/waves/ros2_humble/install/ament_lint:/home/waves/ros2_humble/install/ament_index_python:/home/waves/ros2_humble/install/ament_cpplint:/home/waves/ros2_humble/install/ament_cppcheck:/home/waves/ros2_humble/install/ament_clang_tidy:/home/waves/ros2_humble/install/ament_clang_format:/home/waves/ros2_sim/install/hexapod_description:/home/waves/ros2_sim/install/hexapod:/home/waves/ros2_sim/install/franka:/home/waves/ros2_humble/install/rosbag2_storage_mcap:/home/waves/ros2_humble/install/rosbag2:/home/waves/ros2_humble/install/rosbag2_compression_zstd:/home/waves/ros2_humble/install/mcap_vendor:/home/waves/ros2_humble/install/zstd_vendor:/home/waves/ros2_humble/install/rviz_visual_testing_framework:/home/waves/ros2_humble/install/rviz2:/home/waves/ros2_humble/install/rviz_default_plugins:/home/waves/ros2_humble/install/rviz_common:/home/waves/ros2_humble/install/rosbag2_py:/home/waves/ros2_humble/install/rosbag2_transport:/home/waves/ros2_humble/install/rosbag2_storage_default_plugins:/home/waves/ros2_humble/install/rosbag2_performance_benchmarking:/home/waves/ros2_humble/install/rosbag2_compression:/home/waves/ros2_humble/install/rosbag2_cpp:/home/waves/ros2_humble/install/rosbag2_storage:/home/waves/ros2_humble/install/image_common:/home/waves/ros2_humble/install/camera_info_manager:/home/waves/ros2_humble/install/camera_calibration_parsers:/home/waves/ros2_humble/install/yaml_cpp_vendor:/home/waves/ros2_humble/install/interactive_markers:/home/waves/ros2_humble/install/common_interfaces:/home/waves/ros2_humble/install/visualization_msgs:/home/waves/ros2_humble/install/dummy_robot_bringup:/home/waves/ros2_humble/install/robot_state_publisher:/home/waves/ros2_humble/install/kdl_parser:/home/waves/ros2_humble/install/urdf:/home/waves/ros2_humble/install/urdfdom:/home/waves/ros2_humble/install/urdf_parser_plugin:/home/waves/ros2_humble/install/urdfdom_headers:/home/waves/ros2_humble/install/turtlesim:/home/waves/ros2_humble/install/geometry2:/home/waves/ros2_humble/install/tf2_sensor_msgs:/home/waves/ros2_humble/install/test_tf2:/home/waves/ros2_humble/install/tf2_kdl:/home/waves/ros2_humble/install/tf2_geometry_msgs:/home/waves/ros2_humble/install/tf2_eigen:/home/waves/ros2_humble/install/tf2_bullet:/home/waves/ros2_humble/install/tf2_ros:/home/waves/ros2_humble/install/tf2_py:/home/waves/ros2_humble/install/tf2_msgs:/home/waves/ros2_humble/install/test_msgs:/home/waves/ros2_humble/install/sros2_cmake:/home/waves/ros2_humble/install/ros2cli_common_extensions:/home/waves/ros2_humble/install/rqt_py_common:/home/waves/ros2_humble/install/rosbag2_storage_mcap_testdata:/home/waves/ros2_humble/install/ros_testing:/home/waves/ros2_humble/install/ros2cli_test_interfaces:/home/waves/ros2_humble/install/quality_of_service_demo_cpp:/home/waves/ros2_humble/install/image_transport:/home/waves/ros2_humble/install/message_filters:/home/waves/ros2_humble/install/demo_nodes_cpp:/home/waves/ros2_humble/install/composition:/home/waves/ros2_humble/install/laser_geometry:/home/waves/ros2_humble/install/rclpy:/home/waves/ros2_humble/install/examples_rclcpp_minimal_action_server:/home/waves/ros2_humble/install/examples_rclcpp_minimal_action_client:/home/waves/ros2_humble/install/action_tutorials_cpp:/home/waves/ros2_humble/install/rclcpp_action:/home/waves/ros2_humble/install/rcl_action:/home/waves/ros2_humble/install/examples_rclcpp_wait_set:/home/waves/ros2_humble/install/examples_rclcpp_minimal_service:/home/waves/ros2_humble/install/examples_rclcpp_minimal_client:/home/waves/ros2_humble/install/examples_rclcpp_async_client:/home/waves/ros2_humble/install/example_interfaces:/home/waves/ros2_humble/install/action_tutorials_interfaces:/home/waves/ros2_humble/install/action_msgs:/home/waves/ros2_humble/install/unique_identifier_msgs:/home/waves/ros2_humble/install/ament_lint_common:/home/waves/ros2_humble/install/ament_cmake_uncrustify:/home/waves/ros2_humble/install/uncrustify_vendor:/home/waves/ros2_humble/install/trajectory_msgs:/home/waves/ros2_humble/install/topic_statistics_demo:/home/waves/ros2_humble/install/pendulum_control:/home/waves/ros2_humble/install/tlsf_cpp:/home/waves/ros2_humble/install/test_tracetools:/home/waves/ros2_humble/install/rqt_gui_cpp:/home/waves/ros2_humble/install/rosbag2_test_common:/home/waves/ros2_humble/install/ros2lifecycle_test_fixtures:/home/waves/ros2_humble/install/lifecycle:/home/waves/ros2_humble/install/rclcpp_lifecycle:/home/waves/ros2_humble/install/logging_demo:/home/waves/ros2_humble/install/image_tools:/home/waves/ros2_humble/install/examples_rclcpp_minimal_subscriber:/home/waves/ros2_humble/install/examples_rclcpp_minimal_composition:/home/waves/ros2_humble/install/demo_nodes_cpp_native:/home/waves/ros2_humble/install/rclcpp_components:/home/waves/ros2_humble/install/intra_process_demo:/home/waves/ros2_humble/install/examples_rclcpp_multithreaded_executor:/home/waves/ros2_humble/install/examples_rclcpp_minimal_timer:/home/waves/ros2_humble/install/examples_rclcpp_minimal_publisher:/home/waves/ros2_humble/install/examples_rclcpp_cbg_executor:/home/waves/ros2_humble/install/dummy_sensors:/home/waves/ros2_humble/install/dummy_map_server:/home/waves/ros2_humble/install/rclcpp:/home/waves/ros2_humble/install/rcl_lifecycle:/home/waves/ros2_humble/install/libstatistics_collector:/home/waves/ros2_humble/install/rcl:/home/waves/ros2_humble/install/rmw_implementation:/home/waves/ros2_humble/install/rmw_fastrtps_dynamic_cpp:/home/waves/ros2_humble/install/rmw_fastrtps_cpp:/home/waves/ros2_humble/install/rmw_fastrtps_shared_cpp:/home/waves/ros2_humble/install/rmw_cyclonedds_cpp:/home/waves/ros2_humble/install/tracetools:/home/waves/ros2_humble/install/tlsf:/home/waves/ros2_humble/install/tinyxml_vendor:/home/waves/ros2_humble/install/qt_gui_core:/home/waves/ros2_humble/install/qt_gui_cpp:/home/waves/ros2_humble/install/pluginlib:/home/waves/ros2_humble/install/tinyxml2_vendor:/home/waves/ros2_humble/install/tf2_eigen_kdl:/home/waves/ros2_humble/install/tf2:/home/waves/ros2_humble/install/test_security:/home/waves/ros2_humble/install/test_rmw_implementation:/home/waves/ros2_humble/install/test_rclcpp:/home/waves/ros2_humble/install/test_quality_of_service:/home/waves/ros2_humble/install/test_launch_testing:/home/waves/ros2_humble/install/test_interface_files:/home/waves/ros2_humble/install/test_communication:/home/waves/ros2_humble/install/test_cli_remapping:/home/waves/ros2_humble/install/test_cli:/home/waves/ros2_humble/install/qt_gui_app:/home/waves/ros2_humble/install/qt_gui:/home/waves/ros2_humble/install/tango_icons_vendor:/home/waves/ros2_humble/install/stereo_msgs:/home/waves/ros2_humble/install/std_srvs:/home/waves/ros2_humble/install/shape_msgs:/home/waves/ros2_humble/install/map_msgs:/home/waves/ros2_humble/install/sensor_msgs:/home/waves/ros2_humble/install/nav_msgs:/home/waves/ros2_humble/install/diagnostic_msgs:/home/waves/ros2_humble/install/geometry_msgs:/home/waves/ros2_humble/install/actionlib_msgs:/home/waves/ros2_humble/install/std_msgs:/home/waves/ros2_humble/install/statistics_msgs:/home/waves/ros2_humble/install/sqlite3_vendor:/home/waves/ros2_humble/install/rcl_logging_spdlog:/home/waves/ros2_humble/install/spdlog_vendor:/home/waves/ros2_humble/install/shared_queues_vendor:/home/waves/ros2_humble/install/rviz_rendering_tests:/home/waves/ros2_humble/install/rviz_rendering:/home/waves/ros2_humble/install/rviz_ogre_vendor:/home/waves/ros2_humble/install/rviz_assimp_vendor:/home/waves/ros2_humble/install/rttest:/home/waves/ros2_humble/install/rmw_connextddsmicro:/home/waves/ros2_humble/install/rmw_connextdds:/home/waves/ros2_humble/install/rmw_connextdds_common:/home/waves/ros2_humble/install/rti_connext_dds_cmake_module:/home/waves/ros2_humble/install/rosgraph_msgs:/home/waves/ros2_humble/install/rosbag2_interfaces:/home/waves/ros2_humble/install/rmw_dds_common:/home/waves/ros2_humble/install/composition_interfaces:/home/waves/ros2_humble/install/rcl_interfaces:/home/waves/ros2_humble/install/pendulum_msgs:/home/waves/ros2_humble/install/lifecycle_msgs:/home/waves/ros2_humble/install/builtin_interfaces:/home/waves/ros2_humble/install/rosidl_default_runtime:/home/waves/ros2_humble/install/rosidl_default_generators:/home/waves/ros2_humble/install/rosidl_generator_py:/home/waves/ros2_humble/install/rosidl_typesupport_introspection_tests:/home/waves/ros2_humble/install/rosidl_typesupport_cpp:/home/waves/ros2_humble/install/rosidl_typesupport_introspection_cpp:/home/waves/ros2_humble/install/rosidl_typesupport_c:/home/waves/ros2_humble/install/rosidl_typesupport_introspection_c:/home/waves/ros2_humble/install/rosidl_typesupport_fastrtps_c:/home/waves/ros2_humble/install/rosidl_typesupport_fastrtps_cpp:/home/waves/ros2_humble/install/rosidl_generator_cpp:/home/waves/ros2_humble/install/rosidl_runtime_cpp:/home/waves/ros2_humble/install/rcl_yaml_param_parser:/home/waves/ros2_humble/install/rmw:/home/waves/ros2_humble/install/rosidl_runtime_c:/home/waves/ros2_humble/install/rosidl_generator_c:/home/waves/ros2_humble/install/rosidl_typesupport_interface:/home/waves/ros2_humble/install/rosidl_generator_dds_idl:/home/waves/ros2_humble/install/rosidl_cmake:/home/waves/ros2_humble/install/rosidl_parser:/home/waves/ros2_humble/install/rosidl_adapter:/home/waves/ros2_humble/install/rosbag2_tests:/home/waves/ros2_humble/install/ros_environment:/home/waves/ros2_humble/install/rmw_implementation_cmake:/home/waves/ros2_humble/install/resource_retriever:/home/waves/ros2_humble/install/class_loader:/home/waves/ros2_humble/install/rcpputils:/home/waves/ros2_humble/install/rcl_logging_noop:/home/waves/ros2_humble/install/rcl_logging_interface:/home/waves/ros2_humble/install/rcutils:/home/waves/ros2_humble/install/qt_gui_py_common:/home/waves/ros2_humble/install/qt_dotgraph:/home/waves/ros2_humble/install/python_qt_binding:/home/waves/ros2_humble/install/python_orocos_kdl_vendor:/home/waves/ros2_humble/install/launch_testing_ament_cmake:/home/waves/ros2_humble/install/python_cmake_module:/home/waves/ros2_humble/install/pybind11_vendor:/home/waves/ros2_humble/install/performance_test_fixture:/home/waves/ros2_humble/install/osrf_testing_tools_cpp:/home/waves/ros2_humble/install/orocos_kdl_vendor:/home/waves/ros2_humble/install/mimick_vendor:/home/waves/ros2_humble/install/libyaml_vendor:/home/waves/ros2_humble/install/libcurl_vendor:/home/waves/ros2_humble/install/keyboard_handler:/home/waves/ros2_humble/install/iceoryx_introspection:/home/waves/ros2_humble/install/cyclonedds:/home/waves/ros2_humble/install/iceoryx_posh:/home/waves/ros2_humble/install/iceoryx_hoofs:/home/waves/ros2_humble/install/iceoryx_binding_c:/home/waves/ros2_humble/install/ament_cmake_ros:/home/waves/ros2_humble/install/ament_cmake_auto:/home/waves/ros2_humble/install/ament_cmake_gmock:/home/waves/ros2_humble/install/gmock_vendor:/home/waves/ros2_humble/install/ament_cmake_gtest:/home/waves/ros2_humble/install/gtest_vendor:/home/waves/ros2_humble/install/ament_cmake_google_benchmark:/home/waves/ros2_humble/install/google_benchmark_vendor:/home/waves/ros2_humble/install/fastrtps:/home/waves/ros2_humble/install/foonathan_memory_vendor:/home/waves/ros2_humble/install/fastrtps_cmake_module:/home/waves/ros2_humble/install/fastcdr:/home/waves/ros2_humble/install/eigen3_cmake_module:/home/waves/ros2_humble/install/console_bridge_vendor:/home/waves/ros2_humble/install/ament_cmake_xmllint:/home/waves/ros2_humble/install/ament_cmake_pyflakes:/home/waves/ros2_humble/install/ament_cmake_pycodestyle:/home/waves/ros2_humble/install/ament_cmake_pep257:/home/waves/ros2_humble/install/ament_cmake_pclint:/home/waves/ros2_humble/install/ament_lint_auto:/home/waves/ros2_humble/install/ament_cmake:/home/waves/ros2_humble/install/ament_cmake_version:/home/waves/ros2_humble/install/ament_cmake_vendor_package:/home/waves/ros2_humble/install/ament_cmake_pytest:/home/waves/ros2_humble/install/ament_cmake_nose:/home/waves/ros2_humble/install/ament_cmake_mypy:/home/waves/ros2_humble/install/ament_cmake_lint_cmake:/home/waves/ros2_humble/install/ament_cmake_flake8:/home/waves/ros2_humble/install/ament_cmake_cpplint:/home/waves/ros2_humble/install/ament_cmake_cppcheck:/home/waves/ros2_humble/install/ament_cmake_copyright:/home/waves/ros2_humble/install/ament_cmake_clang_tidy:/home/waves/ros2_humble/install/ament_cmake_clang_format:/home/waves/ros2_humble/install/ament_cmake_test:/home/waves/ros2_humble/install/ament_cmake_target_dependencies:/home/waves/ros2_humble/install/ament_cmake_python:/home/waves/ros2_humble/install/ament_cmake_export_dependencies:/home/waves/ros2_humble/install/ament_cmake_libraries:/home/waves/ros2_humble/install/ament_cmake_include_directories:/home/waves/ros2_humble/install/ament_cmake_gen_version_h:/home/waves/ros2_humble/install/ament_cmake_export_targets:/home/waves/ros2_humble/install/ament_cmake_export_link_flags:/home/waves/ros2_humble/install/ament_cmake_export_interfaces:/home/waves/ros2_humble/install/ament_cmake_export_libraries:/home/waves/ros2_humble/install/ament_cmake_export_include_directories:/home/waves/ros2_humble/install/ament_cmake_export_definitions:/home/waves/ros2_humble/install/ament_cmake_core:/home/waves/ros2_humble/install/ament_index_cpp /usr/bin/cmake --build /home/waves/hexapod/build/hexapod -- -j4 -l4
[3.556s] INFO:colcon.colcon_core.task.python.build:Building Python package in '/home/waves/hexapod/src/hexapod_communication'
[3.557s] INFO:colcon.colcon_core.shell:Skip shell extension 'powershell' for command environment: Not usable outside of PowerShell
[3.557s] DEBUG:colcon.colcon_core.shell:Skip shell extension 'dsv' for command environment
[3.632s] DEBUG:colcon.colcon_core.event_handler.log_command:Invoked command in '/home/waves/hexapod/build/hexapod' returned '0': CMAKE_PREFIX_PATH=/home/waves/hexapod/install/hexapod_services:/home/waves/hexapod/install/hexapod_control:/home/waves/hexapod/install/hexapod_interfaces:/home/waves/ros2_ws/install/video_runner:/home/waves/ros2_ws/install/robotics_class:/home/waves/ros2_ws/install/my_robot_bringup:/home/waves/ros2_ws/install/my_cpp_prac:/home/waves/ros2_ws/install/my_cpp_pkg:/home/waves/ros2_ws/install/act_5:/home/waves/ros2_ws/install/my_interface:/home/waves/ros2_ws/install/buffer:/home/waves/research/install/cobots:/home/waves/ros2_sim/install/ros2_control_demos:/home/waves/ros2_sim/install/ros2_control_demo_description:/home/waves/ros2_sim/install/my_robot_sim:/home/waves/ros2_sim/install/humanoid:/home/waves/ros2_sim/install/hopper_sim:/home/waves/ros2_sim/install/hopper_description:/home/waves/hexapod/install/hexapod_communication:/home/waves/ros2_ws/install/my_py_pkg:/opt/ros/humble:/home/waves/ros2_humble/install/rqt_bag_plugins:/home/waves/ros2_humble/install/rqt_bag:/home/waves/ros2_humble/install/launch_testing_examples:/home/waves/ros2_humble/install/ros2bag:/home/waves/ros2_humble/install/tracetools_test:/home/waves/ros2_humble/install/tracetools_launch:/home/waves/ros2_humble/install/topic_monitor:/home/waves/ros2_humble/install/tf2_tools:/home/waves/ros2_humble/install/examples_tf2_py:/home/waves/ros2_humble/install/tf2_ros_py:/home/waves/ros2_humble/install/sros2:/home/waves/ros2_humble/install/rqt_topic:/home/waves/ros2_humble/install/rqt_srv:/home/waves/ros2_humble/install/rqt_shell:/home/waves/ros2_humble/install/rqt_service_caller:/home/waves/ros2_humble/install/rqt_reconfigure:/home/waves/ros2_humble/install/rqt_py_console:/home/waves/ros2_humble/install/rqt_publisher:/home/waves/ros2_humble/install/rqt_plot:/home/waves/ros2_humble/install/rqt_action:/home/waves/ros2_humble/install/rqt_msg:/home/waves/ros2_humble/install/rqt_console:/home/waves/ros2_humble/install/rqt:/home/waves/ros2_humble/install/rqt_graph:/home/waves/ros2_humble/install/rqt_gui_py:/home/waves/ros2_humble/install/rqt_gui:/home/waves/ros2_humble/install/ros2trace:/home/waves/ros2_humble/install/ros2topic:/home/waves/ros2_humble/install/ros2test:/home/waves/ros2_humble/install/ros2component:/home/waves/ros2_humble/install/ros2param:/home/waves/ros2_humble/install/ros2lifecycle:/home/waves/ros2_humble/install/ros2service:/home/waves/ros2_humble/install/ros2run:/home/waves/ros2_humble/install/ros2launch:/home/waves/ros2_humble/install/ros2pkg:/home/waves/ros2_humble/install/ros2node:/home/waves/ros2_humble/install/ros2multicast:/home/waves/ros2_humble/install/ros2interface:/home/waves/ros2_humble/install/ros2doctor:/home/waves/ros2_humble/install/ros2action:/home/waves/ros2_humble/install/ros2cli:/home/waves/ros2_humble/install/quality_of_service_demo_py:/home/waves/ros2_humble/install/lifecycle_py:/home/waves/ros2_humble/install/launch_testing_ros:/home/waves/ros2_humble/install/launch_ros:/home/waves/ros2_humble/install/examples_rclpy_pointcloud_publisher:/home/waves/ros2_humble/install/examples_rclpy_minimal_subscriber:/home/waves/ros2_humble/install/examples_rclpy_minimal_service:/home/waves/ros2_humble/install/examples_rclpy_minimal_publisher:/home/waves/ros2_humble/install/examples_rclpy_minimal_client:/home/waves/ros2_humble/install/examples_rclpy_minimal_action_server:/home/waves/ros2_humble/install/examples_rclpy_minimal_action_client:/home/waves/ros2_humble/install/examples_rclpy_guard_conditions:/home/waves/ros2_humble/install/examples_rclpy_executors:/home/waves/ros2_humble/install/demo_nodes_py:/home/waves/ros2_humble/install/camera_info_manager_py:/home/waves/ros2_humble/install/action_tutorials_py:/home/waves/ros2_humble/install/ament_uncrustify:/home/waves/ros2_humble/install/tracetools_trace:/home/waves/ros2_humble/install/tracetools_read:/home/waves/ros2_humble/install/test_tracetools_launch:/home/waves/ros2_humble/install/test_launch_ros:/home/waves/ros2_humble/install/sensor_msgs_py:/home/waves/ros2_humble/install/rpyutils:/home/waves/ros2_humble/install/rosidl_runtime_py:/home/waves/ros2_humble/install/rosidl_cli:/home/waves/ros2_humble/install/launch_pytest:/home/waves/ros2_humble/install/launch_testing:/home/waves/ros2_humble/install/launch_yaml:/home/waves/ros2_humble/install/launch_xml:/home/waves/ros2_humble/install/launch:/home/waves/ros2_humble/install/osrf_pycommon:/home/waves/ros2_humble/install/domain_coordinator:/home/waves/ros2_humble/install/ament_xmllint:/home/waves/ros2_humble/install/ament_pyflakes:/home/waves/ros2_humble/install/ament_pycodestyle:/home/waves/ros2_humble/install/ament_pep257:/home/waves/ros2_humble/install/ament_pclint:/home/waves/ros2_humble/install/ament_package:/home/waves/ros2_humble/install/ament_mypy:/home/waves/ros2_humble/install/ament_lint_cmake:/home/waves/ros2_humble/install/ament_flake8:/home/waves/ros2_humble/install/ament_copyright:/home/waves/ros2_humble/install/ament_lint:/home/waves/ros2_humble/install/ament_index_python:/home/waves/ros2_humble/install/ament_cpplint:/home/waves/ros2_humble/install/ament_cppcheck:/home/waves/ros2_humble/install/ament_clang_tidy:/home/waves/ros2_humble/install/ament_clang_format:/home/waves/ros2_sim/install/hexapod_description:/home/waves/ros2_sim/install/hexapod:/home/waves/ros2_sim/install/franka:/home/waves/ros2_humble/install/rosbag2_storage_mcap:/home/waves/ros2_humble/install/rosbag2:/home/waves/ros2_humble/install/rosbag2_compression_zstd:/home/waves/ros2_humble/install/mcap_vendor:/home/waves/ros2_humble/install/zstd_vendor:/home/waves/ros2_humble/install/rviz_visual_testing_framework:/home/waves/ros2_humble/install/rviz2:/home/waves/ros2_humble/install/rviz_default_plugins:/home/waves/ros2_humble/install/rviz_common:/home/waves/ros2_humble/install/rosbag2_py:/home/waves/ros2_humble/install/rosbag2_transport:/home/waves/ros2_humble/install/rosbag2_storage_default_plugins:/home/waves/ros2_humble/install/rosbag2_performance_benchmarking:/home/waves/ros2_humble/install/rosbag2_compression:/home/waves/ros2_humble/install/rosbag2_cpp:/home/waves/ros2_humble/install/rosbag2_storage:/home/waves/ros2_humble/install/image_common:/home/waves/ros2_humble/install/camera_info_manager:/home/waves/ros2_humble/install/camera_calibration_parsers:/home/waves/ros2_humble/install/yaml_cpp_vendor:/home/waves/ros2_humble/install/interactive_markers:/home/waves/ros2_humble/install/common_interfaces:/home/waves/ros2_humble/install/visualization_msgs:/home/waves/ros2_humble/install/dummy_robot_bringup:/home/waves/ros2_humble/install/robot_state_publisher:/home/waves/ros2_humble/install/kdl_parser:/home/waves/ros2_humble/install/urdf:/home/waves/ros2_humble/install/urdfdom:/home/waves/ros2_humble/install/urdf_parser_plugin:/home/waves/ros2_humble/install/urdfdom_headers:/home/waves/ros2_humble/install/turtlesim:/home/waves/ros2_humble/install/geometry2:/home/waves/ros2_humble/install/tf2_sensor_msgs:/home/waves/ros2_humble/install/test_tf2:/home/waves/ros2_humble/install/tf2_kdl:/home/waves/ros2_humble/install/tf2_geometry_msgs:/home/waves/ros2_humble/install/tf2_eigen:/home/waves/ros2_humble/install/tf2_bullet:/home/waves/ros2_humble/install/tf2_ros:/home/waves/ros2_humble/install/tf2_py:/home/waves/ros2_humble/install/tf2_msgs:/home/waves/ros2_humble/install/test_msgs:/home/waves/ros2_humble/install/sros2_cmake:/home/waves/ros2_humble/install/ros2cli_common_extensions:/home/waves/ros2_humble/install/rqt_py_common:/home/waves/ros2_humble/install/rosbag2_storage_mcap_testdata:/home/waves/ros2_humble/install/ros_testing:/home/waves/ros2_humble/install/ros2cli_test_interfaces:/home/waves/ros2_humble/install/quality_of_service_demo_cpp:/home/waves/ros2_humble/install/image_transport:/home/waves/ros2_humble/install/message_filters:/home/waves/ros2_humble/install/demo_nodes_cpp:/home/waves/ros2_humble/install/composition:/home/waves/ros2_humble/install/laser_geometry:/home/waves/ros2_humble/install/rclpy:/home/waves/ros2_humble/install/examples_rclcpp_minimal_action_server:/home/waves/ros2_humble/install/examples_rclcpp_minimal_action_client:/home/waves/ros2_humble/install/action_tutorials_cpp:/home/waves/ros2_humble/install/rclcpp_action:/home/waves/ros2_humble/install/rcl_action:/home/waves/ros2_humble/install/examples_rclcpp_wait_set:/home/waves/ros2_humble/install/examples_rclcpp_minimal_service:/home/waves/ros2_humble/install/examples_rclcpp_minimal_client:/home/waves/ros2_humble/install/examples_rclcpp_async_client:/home/waves/ros2_humble/install/example_interfaces:/home/waves/ros2_humble/install/action_tutorials_interfaces:/home/waves/ros2_humble/install/action_msgs:/home/waves/ros2_humble/install/unique_identifier_msgs:/home/waves/ros2_humble/install/ament_lint_common:/home/waves/ros2_humble/install/ament_cmake_uncrustify:/home/waves/ros2_humble/install/uncrustify_vendor:/home/waves/ros2_humble/install/trajectory_msgs:/home/waves/ros2_humble/install/topic_statistics_demo:/home/waves/ros2_humble/install/pendulum_control:/home/waves/ros2_humble/install/tlsf_cpp:/home/waves/ros2_humble/install/test_tracetools:/home/waves/ros2_humble/install/rqt_gui_cpp:/home/waves/ros2_humble/install/rosbag2_test_common:/home/waves/ros2_humble/install/ros2lifecycle_test_fixtures:/home/waves/ros2_humble/install/lifecycle:/home/waves/ros2_humble/install/rclcpp_lifecycle:/home/waves/ros2_humble/install/logging_demo:/home/waves/ros2_humble/install/image_tools:/home/waves/ros2_humble/install/examples_rclcpp_minimal_subscriber:/home/waves/ros2_humble/install/examples_rclcpp_minimal_composition:/home/waves/ros2_humble/install/demo_nodes_cpp_native:/home/waves/ros2_humble/install/rclcpp_components:/home/waves/ros2_humble/install/intra_process_demo:/home/waves/ros2_humble/install/examples_rclcpp_multithreaded_executor:/home/waves/ros2_humble/install/examples_rclcpp_minimal_timer:/home/waves/ros2_humble/install/examples_rclcpp_minimal_publisher:/home/waves/ros2_humble/install/examples_rclcpp_cbg_executor:/home/waves/ros2_humble/install/dummy_sensors:/home/waves/ros2_humble/install/dummy_map_server:/home/waves/ros2_humble/install/rclcpp:/home/waves/ros2_humble/install/rcl_lifecycle:/home/waves/ros2_humble/install/libstatistics_collector:/home/waves/ros2_humble/install/rcl:/home/waves/ros2_humble/install/rmw_implementation:/home/waves/ros2_humble/install/rmw_fastrtps_dynamic_cpp:/home/waves/ros2_humble/install/rmw_fastrtps_cpp:/home/waves/ros2_humble/install/rmw_fastrtps_shared_cpp:/home/waves/ros2_humble/install/rmw_cyclonedds_cpp:/home/waves/ros2_humble/install/tracetools:/home/waves/ros2_humble/install/tlsf:/home/waves/ros2_humble/install/tinyxml_vendor:/home/waves/ros2_humble/install/qt_gui_core:/home/waves/ros2_humble/install/qt_gui_cpp:/home/waves/ros2_humble/install/pluginlib:/home/waves/ros2_humble/install/tinyxml2_vendor:/home/waves/ros2_humble/install/tf2_eigen_kdl:/home/waves/ros2_humble/install/tf2:/home/waves/ros2_humble/install/test_security:/home/waves/ros2_humble/install/test_rmw_implementation:/home/waves/ros2_humble/install/test_rclcpp:/home/waves/ros2_humble/install/test_quality_of_service:/home/waves/ros2_humble/install/test_launch_testing:/home/waves/ros2_humble/install/test_interface_files:/home/waves/ros2_humble/install/test_communication:/home/waves/ros2_humble/install/test_cli_remapping:/home/waves/ros2_humble/install/test_cli:/home/waves/ros2_humble/install/qt_gui_app:/home/waves/ros2_humble/install/qt_gui:/home/waves/ros2_humble/install/tango_icons_vendor:/home/waves/ros2_humble/install/stereo_msgs:/home/waves/ros2_humble/install/std_srvs:/home/waves/ros2_humble/install/shape_msgs:/home/waves/ros2_humble/install/map_msgs:/home/waves/ros2_humble/install/sensor_msgs:/home/waves/ros2_humble/install/nav_msgs:/home/waves/ros2_humble/install/diagnostic_msgs:/home/waves/ros2_humble/install/geometry_msgs:/home/waves/ros2_humble/install/actionlib_msgs:/home/waves/ros2_humble/install/std_msgs:/home/waves/ros2_humble/install/statistics_msgs:/home/waves/ros2_humble/install/sqlite3_vendor:/home/waves/ros2_humble/install/rcl_logging_spdlog:/home/waves/ros2_humble/install/spdlog_vendor:/home/waves/ros2_humble/install/shared_queues_vendor:/home/waves/ros2_humble/install/rviz_rendering_tests:/home/waves/ros2_humble/install/rviz_rendering:/home/waves/ros2_humble/install/rviz_ogre_vendor:/home/waves/ros2_humble/install/rviz_assimp_vendor:/home/waves/ros2_humble/install/rttest:/home/waves/ros2_humble/install/rmw_connextddsmicro:/home/waves/ros2_humble/install/rmw_connextdds:/home/waves/ros2_humble/install/rmw_connextdds_common:/home/waves/ros2_humble/install/rti_connext_dds_cmake_module:/home/waves/ros2_humble/install/rosgraph_msgs:/home/waves/ros2_humble/install/rosbag2_interfaces:/home/waves/ros2_humble/install/rmw_dds_common:/home/waves/ros2_humble/install/composition_interfaces:/home/waves/ros2_humble/install/rcl_interfaces:/home/waves/ros2_humble/install/pendulum_msgs:/home/waves/ros2_humble/install/lifecycle_msgs:/home/waves/ros2_humble/install/builtin_interfaces:/home/waves/ros2_humble/install/rosidl_default_runtime:/home/waves/ros2_humble/install/rosidl_default_generators:/home/waves/ros2_humble/install/rosidl_generator_py:/home/waves/ros2_humble/install/rosidl_typesupport_introspection_tests:/home/waves/ros2_humble/install/rosidl_typesupport_cpp:/home/waves/ros2_humble/install/rosidl_typesupport_introspection_cpp:/home/waves/ros2_humble/install/rosidl_typesupport_c:/home/waves/ros2_humble/install/rosidl_typesupport_introspection_c:/home/waves/ros2_humble/install/rosidl_typesupport_fastrtps_c:/home/waves/ros2_humble/install/rosidl_typesupport_fastrtps_cpp:/home/waves/ros2_humble/install/rosidl_generator_cpp:/home/waves/ros2_humble/install/rosidl_runtime_cpp:/home/waves/ros2_humble/install/rcl_yaml_param_parser:/home/waves/ros2_humble/install/rmw:/home/waves/ros2_humble/install/rosidl_runtime_c:/home/waves/ros2_humble/install/rosidl_generator_c:/home/waves/ros2_humble/install/rosidl_typesupport_interface:/home/waves/ros2_humble/install/rosidl_generator_dds_idl:/home/waves/ros2_humble/install/rosidl_cmake:/home/waves/ros2_humble/install/rosidl_parser:/home/waves/ros2_humble/install/rosidl_adapter:/home/waves/ros2_humble/install/rosbag2_tests:/home/waves/ros2_humble/install/ros_environment:/home/waves/ros2_humble/install/rmw_implementation_cmake:/home/waves/ros2_humble/install/resource_retriever:/home/waves/ros2_humble/install/class_loader:/home/waves/ros2_humble/install/rcpputils:/home/waves/ros2_humble/install/rcl_logging_noop:/home/waves/ros2_humble/install/rcl_logging_interface:/home/waves/ros2_humble/install/rcutils:/home/waves/ros2_humble/install/qt_gui_py_common:/home/waves/ros2_humble/install/qt_dotgraph:/home/waves/ros2_humble/install/python_qt_binding:/home/waves/ros2_humble/install/python_orocos_kdl_vendor:/home/waves/ros2_humble/install/launch_testing_ament_cmake:/home/waves/ros2_humble/install/python_cmake_module:/home/waves/ros2_humble/install/pybind11_vendor:/home/waves/ros2_humble/install/performance_test_fixture:/home/waves/ros2_humble/install/osrf_testing_tools_cpp:/home/waves/ros2_humble/install/orocos_kdl_vendor:/home/waves/ros2_humble/install/mimick_vendor:/home/waves/ros2_humble/install/libyaml_vendor:/home/waves/ros2_humble/install/libcurl_vendor:/home/waves/ros2_humble/install/keyboard_handler:/home/waves/ros2_humble/install/iceoryx_introspection:/home/waves/ros2_humble/install/cyclonedds:/home/waves/ros2_humble/install/iceoryx_posh:/home/waves/ros2_humble/install/iceoryx_hoofs:/home/waves/ros2_humble/install/iceoryx_binding_c:/home/waves/ros2_humble/install/ament_cmake_ros:/home/waves/ros2_humble/install/ament_cmake_auto:/home/waves/ros2_humble/install/ament_cmake_gmock:/home/waves/ros2_humble/install/gmock_vendor:/home/waves/ros2_humble/install/ament_cmake_gtest:/home/waves/ros2_humble/install/gtest_vendor:/home/waves/ros2_humble/install/ament_cmake_google_benchmark:/home/waves/ros2_humble/install/google_benchmark_vendor:/home/waves/ros2_humble/install/fastrtps:/home/waves/ros2_humble/install/foonathan_memory_vendor:/home/waves/ros2_humble/install/fastrtps_cmake_module:/home/waves/ros2_humble/install/fastcdr:/home/waves/ros2_humble/install/eigen3_cmake_module:/home/waves/ros2_humble/install/console_bridge_vendor:/home/waves/ros2_humble/install/ament_cmake_xmllint:/home/waves/ros2_humble/install/ament_cmake_pyflakes:/home/waves/ros2_humble/install/ament_cmake_pycodestyle:/home/waves/ros2_humble/install/ament_cmake_pep257:/home/waves/ros2_humble/install/ament_cmake_pclint:/home/waves/ros2_humble/install/ament_lint_auto:/home/waves/ros2_humble/install/ament_cmake:/home/waves/ros2_humble/install/ament_cmake_version:/home/waves/ros2_humble/install/ament_cmake_vendor_package:/home/waves/ros2_humble/install/ament_cmake_pytest:/home/waves/ros2_humble/install/ament_cmake_nose:/home/waves/ros2_humble/install/ament_cmake_mypy:/home/waves/ros2_humble/install/ament_cmake_lint_cmake:/home/waves/ros2_humble/install/ament_cmake_flake8:/home/waves/ros2_humble/install/ament_cmake_cpplint:/home/waves/ros2_humble/install/ament_cmake_cppcheck:/home/waves/ros2_humble/install/ament_cmake_copyright:/home/waves/ros2_humble/install/ament_cmake_clang_tidy:/home/waves/ros2_humble/install/ament_cmake_clang_format:/home/waves/ros2_humble/install/ament_cmake_test:/home/waves/ros2_humble/install/ament_cmake_target_dependencies:/home/waves/ros2_humble/install/ament_cmake_python:/home/waves/ros2_humble/install/ament_cmake_export_dependencies:/home/waves/ros2_humble/install/ament_cmake_libraries:/home/waves/ros2_humble/install/ament_cmake_include_directories:/home/waves/ros2_humble/install/ament_cmake_gen_version_h:/home/waves/ros2_humble/install/ament_cmake_export_targets:/home/waves/ros2_humble/install/ament_cmake_export_link_flags:/home/waves/ros2_humble/install/ament_cmake_export_interfaces:/home/waves/ros2_humble/install/ament_cmake_export_libraries:/home/waves/ros2_humble/install/ament_cmake_export_include_directories:/home/waves/ros2_humble/install/ament_cmake_export_definitions:/home/waves/ros2_humble/install/ament_cmake_core:/home/waves/ros2_humble/install/ament_index_cpp /usr/bin/cmake --build /home/waves/hexapod/build/hexapod -- -j4 -l4
[3.692s] DEBUG:colcon.colcon_core.event_handler.log_command:Invoking command in '/home/waves/hexapod/build/hexapod': CMAKE_PREFIX_PATH=/home/waves/hexapod/install/hexapod_services:/home/waves/hexapod/install/hexapod_control:/home/waves/hexapod/install/hexapod_interfaces:/home/waves/ros2_ws/install/video_runner:/home/waves/ros2_ws/install/robotics_class:/home/waves/ros2_ws/install/my_robot_bringup:/home/waves/ros2_ws/install/my_cpp_prac:/home/waves/ros2_ws/install/my_cpp_pkg:/home/waves/ros2_ws/install/act_5:/home/waves/ros2_ws/install/my_interface:/home/waves/ros2_ws/install/buffer:/home/waves/research/install/cobots:/home/waves/ros2_sim/install/ros2_control_demos:/home/waves/ros2_sim/install/ros2_control_demo_description:/home/waves/ros2_sim/install/my_robot_sim:/home/waves/ros2_sim/install/humanoid:/home/waves/ros2_sim/install/hopper_sim:/home/waves/ros2_sim/install/hopper_description:/home/waves/hexapod/install/hexapod_communication:/home/waves/ros2_ws/install/my_py_pkg:/opt/ros/humble:/home/waves/ros2_humble/install/rqt_bag_plugins:/home/waves/ros2_humble/install/rqt_bag:/home/waves/ros2_humble/install/launch_testing_examples:/home/waves/ros2_humble/install/ros2bag:/home/waves/ros2_humble/install/tracetools_test:/home/waves/ros2_humble/install/tracetools_launch:/home/waves/ros2_humble/install/topic_monitor:/home/waves/ros2_humble/install/tf2_tools:/home/waves/ros2_humble/install/examples_tf2_py:/home/waves/ros2_humble/install/tf2_ros_py:/home/waves/ros2_humble/install/sros2:/home/waves/ros2_humble/install/rqt_topic:/home/waves/ros2_humble/install/rqt_srv:/home/waves/ros2_humble/install/rqt_shell:/home/waves/ros2_humble/install/rqt_service_caller:/home/waves/ros2_humble/install/rqt_reconfigure:/home/waves/ros2_humble/install/rqt_py_console:/home/waves/ros2_humble/install/rqt_publisher:/home/waves/ros2_humble/install/rqt_plot:/home/waves/ros2_humble/install/rqt_action:/home/waves/ros2_humble/install/rqt_msg:/home/waves/ros2_humble/install/rqt_console:/home/waves/ros2_humble/install/rqt:/home/waves/ros2_humble/install/rqt_graph:/home/waves/ros2_humble/install/rqt_gui_py:/home/waves/ros2_humble/install/rqt_gui:/home/waves/ros2_humble/install/ros2trace:/home/waves/ros2_humble/install/ros2topic:/home/waves/ros2_humble/install/ros2test:/home/waves/ros2_humble/install/ros2component:/home/waves/ros2_humble/install/ros2param:/home/waves/ros2_humble/install/ros2lifecycle:/home/waves/ros2_humble/install/ros2service:/home/waves/ros2_humble/install/ros2run:/home/waves/ros2_humble/install/ros2launch:/home/waves/ros2_humble/install/ros2pkg:/home/waves/ros2_humble/install/ros2node:/home/waves/ros2_humble/install/ros2multicast:/home/waves/ros2_humble/install/ros2interface:/home/waves/ros2_humble/install/ros2doctor:/home/waves/ros2_humble/install/ros2action:/home/waves/ros2_humble/install/ros2cli:/home/waves/ros2_humble/install/quality_of_service_demo_py:/home/waves/ros2_humble/install/lifecycle_py:/home/waves/ros2_humble/install/launch_testing_ros:/home/waves/ros2_humble/install/launch_ros:/home/waves/ros2_humble/install/examples_rclpy_pointcloud_publisher:/home/waves/ros2_humble/install/examples_rclpy_minimal_subscriber:/home/waves/ros2_humble/install/examples_rclpy_minimal_service:/home/waves/ros2_humble/install/examples_rclpy_minimal_publisher:/home/waves/ros2_humble/install/examples_rclpy_minimal_client:/home/waves/ros2_humble/install/examples_rclpy_minimal_action_server:/home/waves/ros2_humble/install/examples_rclpy_minimal_action_client:/home/waves/ros2_humble/install/examples_rclpy_guard_conditions:/home/waves/ros2_humble/install/examples_rclpy_executors:/home/waves/ros2_humble/install/demo_nodes_py:/home/waves/ros2_humble/install/camera_info_manager_py:/home/waves/ros2_humble/install/action_tutorials_py:/home/waves/ros2_humble/install/ament_uncrustify:/home/waves/ros2_humble/install/tracetools_trace:/home/waves/ros2_humble/install/tracetools_read:/home/waves/ros2_humble/install/test_tracetools_launch:/home/waves/ros2_humble/install/test_launch_ros:/home/waves/ros2_humble/install/sensor_msgs_py:/home/waves/ros2_humble/install/rpyutils:/home/waves/ros2_humble/install/rosidl_runtime_py:/home/waves/ros2_humble/install/rosidl_cli:/home/waves/ros2_humble/install/launch_pytest:/home/waves/ros2_humble/install/launch_testing:/home/waves/ros2_humble/install/launch_yaml:/home/waves/ros2_humble/install/launch_xml:/home/waves/ros2_humble/install/launch:/home/waves/ros2_humble/install/osrf_pycommon:/home/waves/ros2_humble/install/domain_coordinator:/home/waves/ros2_humble/install/ament_xmllint:/home/waves/ros2_humble/install/ament_pyflakes:/home/waves/ros2_humble/install/ament_pycodestyle:/home/waves/ros2_humble/install/ament_pep257:/home/waves/ros2_humble/install/ament_pclint:/home/waves/ros2_humble/install/ament_package:/home/waves/ros2_humble/install/ament_mypy:/home/waves/ros2_humble/install/ament_lint_cmake:/home/waves/ros2_humble/install/ament_flake8:/home/waves/ros2_humble/install/ament_copyright:/home/waves/ros2_humble/install/ament_lint:/home/waves/ros2_humble/install/ament_index_python:/home/waves/ros2_humble/install/ament_cpplint:/home/waves/ros2_humble/install/ament_cppcheck:/home/waves/ros2_humble/install/ament_clang_tidy:/home/waves/ros2_humble/install/ament_clang_format:/home/waves/ros2_sim/install/hexapod_description:/home/waves/ros2_sim/install/hexapod:/home/waves/ros2_sim/install/franka:/home/waves/ros2_humble/install/rosbag2_storage_mcap:/home/waves/ros2_humble/install/rosbag2:/home/waves/ros2_humble/install/rosbag2_compression_zstd:/home/waves/ros2_humble/install/mcap_vendor:/home/waves/ros2_humble/install/zstd_vendor:/home/waves/ros2_humble/install/rviz_visual_testing_framework:/home/waves/ros2_humble/install/rviz2:/home/waves/ros2_humble/install/rviz_default_plugins:/home/waves/ros2_humble/install/rviz_common:/home/waves/ros2_humble/install/rosbag2_py:/home/waves/ros2_humble/install/rosbag2_transport:/home/waves/ros2_humble/install/rosbag2_storage_default_plugins:/home/waves/ros2_humble/install/rosbag2_performance_benchmarking:/home/waves/ros2_humble/install/rosbag2_compression:/home/waves/ros2_humble/install/rosbag2_cpp:/home/waves/ros2_humble/install/rosbag2_storage:/home/waves/ros2_humble/install/image_common:/home/waves/ros2_humble/install/camera_info_manager:/home/waves/ros2_humble/install/camera_calibration_parsers:/home/waves/ros2_humble/install/yaml_cpp_vendor:/home/waves/ros2_humble/install/interactive_markers:/home/waves/ros2_humble/install/common_interfaces:/home/waves/ros2_humble/install/visualization_msgs:/home/waves/ros2_humble/install/dummy_robot_bringup:/home/waves/ros2_humble/install/robot_state_publisher:/home/waves/ros2_humble/install/kdl_parser:/home/waves/ros2_humble/install/urdf:/home/waves/ros2_humble/install/urdfdom:/home/waves/ros2_humble/install/urdf_parser_plugin:/home/waves/ros2_humble/install/urdfdom_headers:/home/waves/ros2_humble/install/turtlesim:/home/waves/ros2_humble/install/geometry2:/home/waves/ros2_humble/install/tf2_sensor_msgs:/home/waves/ros2_humble/install/test_tf2:/home/waves/ros2_humble/install/tf2_kdl:/home/waves/ros2_humble/install/tf2_geometry_msgs:/home/waves/ros2_humble/install/tf2_eigen:/home/waves/ros2_humble/install/tf2_bullet:/home/waves/ros2_humble/install/tf2_ros:/home/waves/ros2_humble/install/tf2_py:/home/waves/ros2_humble/install/tf2_msgs:/home/waves/ros2_humble/install/test_msgs:/home/waves/ros2_humble/install/sros2_cmake:/home/waves/ros2_humble/install/ros2cli_common_extensions:/home/waves/ros2_humble/install/rqt_py_common:/home/waves/ros2_humble/install/rosbag2_storage_mcap_testdata:/home/waves/ros2_humble/install/ros_testing:/home/waves/ros2_humble/install/ros2cli_test_interfaces:/home/waves/ros2_humble/install/quality_of_service_demo_cpp:/home/waves/ros2_humble/install/image_transport:/home/waves/ros2_humble/install/message_filters:/home/waves/ros2_humble/install/demo_nodes_cpp:/home/waves/ros2_humble/install/composition:/home/waves/ros2_humble/install/laser_geometry:/home/waves/ros2_humble/install/rclpy:/home/waves/ros2_humble/install/examples_rclcpp_minimal_action_server:/home/waves/ros2_humble/install/examples_rclcpp_minimal_action_client:/home/waves/ros2_humble/install/action_tutorials_cpp:/home/waves/ros2_humble/install/rclcpp_action:/home/waves/ros2_humble/install/rcl_action:/home/waves/ros2_humble/install/examples_rclcpp_wait_set:/home/waves/ros2_humble/install/examples_rclcpp_minimal_service:/home/waves/ros2_humble/install/examples_rclcpp_minimal_client:/home/waves/ros2_humble/install/examples_rclcpp_async_client:/home/waves/ros2_humble/install/example_interfaces:/home/waves/ros2_humble/install/action_tutorials_interfaces:/home/waves/ros2_humble/install/action_msgs:/home/waves/ros2_humble/install/unique_identifier_msgs:/home/waves/ros2_humble/install/ament_lint_common:/home/waves/ros2_humble/install/ament_cmake_uncrustify:/home/waves/ros2_humble/install/uncrustify_vendor:/home/waves/ros2_humble/install/trajectory_msgs:/home/waves/ros2_humble/install/topic_statistics_demo:/home/waves/ros2_humble/install/pendulum_control:/home/waves/ros2_humble/install/tlsf_cpp:/home/waves/ros2_humble/install/test_tracetools:/home/waves/ros2_humble/install/rqt_gui_cpp:/home/waves/ros2_humble/install/rosbag2_test_common:/home/waves/ros2_humble/install/ros2lifecycle_test_fixtures:/home/waves/ros2_humble/install/lifecycle:/home/waves/ros2_humble/install/rclcpp_lifecycle:/home/waves/ros2_humble/install/logging_demo:/home/waves/ros2_humble/install/image_tools:/home/waves/ros2_humble/install/examples_rclcpp_minimal_subscriber:/home/waves/ros2_humble/install/examples_rclcpp_minimal_composition:/home/waves/ros2_humble/install/demo_nodes_cpp_native:/home/waves/ros2_humble/install/rclcpp_components:/home/waves/ros2_humble/install/intra_process_demo:/home/waves/ros2_humble/install/examples_rclcpp_multithreaded_executor:/home/waves/ros2_humble/install/examples_rclcpp_minimal_timer:/home/waves/ros2_humble/install/examples_rclcpp_minimal_publisher:/home/waves/ros2_humble/install/examples_rclcpp_cbg_executor:/home/waves/ros2_humble/install/dummy_sensors:/home/waves/ros2_humble/install/dummy_map_server:/home/waves/ros2_humble/install/rclcpp:/home/waves/ros2_humble/install/rcl_lifecycle:/home/waves/ros2_humble/install/libstatistics_collector:/home/waves/ros2_humble/install/rcl:/home/waves/ros2_humble/install/rmw_implementation:/home/waves/ros2_humble/install/rmw_fastrtps_dynamic_cpp:/home/waves/ros2_humble/install/rmw_fastrtps_cpp:/home/waves/ros2_humble/install/rmw_fastrtps_shared_cpp:/home/waves/ros2_humble/install/rmw_cyclonedds_cpp:/home/waves/ros2_humble/install/tracetools:/home/waves/ros2_humble/install/tlsf:/home/waves/ros2_humble/install/tinyxml_vendor:/home/waves/ros2_humble/install/qt_gui_core:/home/waves/ros2_humble/install/qt_gui_cpp:/home/waves/ros2_humble/install/pluginlib:/home/waves/ros2_humble/install/tinyxml2_vendor:/home/waves/ros2_humble/install/tf2_eigen_kdl:/home/waves/ros2_humble/install/tf2:/home/waves/ros2_humble/install/test_security:/home/waves/ros2_humble/install/test_rmw_implementation:/home/waves/ros2_humble/install/test_rclcpp:/home/waves/ros2_humble/install/test_quality_of_service:/home/waves/ros2_humble/install/test_launch_testing:/home/waves/ros2_humble/install/test_interface_files:/home/waves/ros2_humble/install/test_communication:/home/waves/ros2_humble/install/test_cli_remapping:/home/waves/ros2_humble/install/test_cli:/home/waves/ros2_humble/install/qt_gui_app:/home/waves/ros2_humble/install/qt_gui:/home/waves/ros2_humble/install/tango_icons_vendor:/home/waves/ros2_humble/install/stereo_msgs:/home/waves/ros2_humble/install/std_srvs:/home/waves/ros2_humble/install/shape_msgs:/home/waves/ros2_humble/install/map_msgs:/home/waves/ros2_humble/install/sensor_msgs:/home/waves/ros2_humble/install/nav_msgs:/home/waves/ros2_humble/install/diagnostic_msgs:/home/waves/ros2_humble/install/geometry_msgs:/home/waves/ros2_humble/install/actionlib_msgs:/home/waves/ros2_humble/install/std_msgs:/home/waves/ros2_humble/install/statistics_msgs:/home/waves/ros2_humble/install/sqlite3_vendor:/home/waves/ros2_humble/install/rcl_logging_spdlog:/home/waves/ros2_humble/install/spdlog_vendor:/home/waves/ros2_humble/install/shared_queues_vendor:/home/waves/ros2_humble/install/rviz_rendering_tests:/home/waves/ros2_humble/install/rviz_rendering:/home/waves/ros2_humble/install/rviz_ogre_vendor:/home/waves/ros2_humble/install/rviz_assimp_vendor:/home/waves/ros2_humble/install/rttest:/home/waves/ros2_humble/install/rmw_connextddsmicro:/home/waves/ros2_humble/install/rmw_connextdds:/home/waves/ros2_humble/install/rmw_connextdds_common:/home/waves/ros2_humble/install/rti_connext_dds_cmake_module:/home/waves/ros2_humble/install/rosgraph_msgs:/home/waves/ros2_humble/install/rosbag2_interfaces:/home/waves/ros2_humble/install/rmw_dds_common:/home/waves/ros2_humble/install/composition_interfaces:/home/waves/ros2_humble/install/rcl_interfaces:/home/waves/ros2_humble/install/pendulum_msgs:/home/waves/ros2_humble/install/lifecycle_msgs:/home/waves/ros2_humble/install/builtin_interfaces:/home/waves/ros2_humble/install/rosidl_default_runtime:/home/waves/ros2_humble/install/rosidl_default_generators:/home/waves/ros2_humble/install/rosidl_generator_py:/home/waves/ros2_humble/install/rosidl_typesupport_introspection_tests:/home/waves/ros2_humble/install/rosidl_typesupport_cpp:/home/waves/ros2_humble/install/rosidl_typesupport_introspection_cpp:/home/waves/ros2_humble/install/rosidl_typesupport_c:/home/waves/ros2_humble/install/rosidl_typesupport_introspection_c:/home/waves/ros2_humble/install/rosidl_typesupport_fastrtps_c:/home/waves/ros2_humble/install/rosidl_typesupport_fastrtps_cpp:/home/waves/ros2_humble/install/rosidl_generator_cpp:/home/waves/ros2_humble/install/rosidl_runtime_cpp:/home/waves/ros2_humble/install/rcl_yaml_param_parser:/home/waves/ros2_humble/install/rmw:/home/waves/ros2_humble/install/rosidl_runtime_c:/home/waves/ros2_humble/install/rosidl_generator_c:/home/waves/ros2_humble/install/rosidl_typesupport_interface:/home/waves/ros2_humble/install/rosidl_generator_dds_idl:/home/waves/ros2_humble/install/rosidl_cmake:/home/waves/ros2_humble/install/rosidl_parser:/home/waves/ros2_humble/install/rosidl_adapter:/home/waves/ros2_humble/install/rosbag2_tests:/home/waves/ros2_humble/install/ros_environment:/home/waves/ros2_humble/install/rmw_implementation_cmake:/home/waves/ros2_humble/install/resource_retriever:/home/waves/ros2_humble/install/class_loader:/home/waves/ros2_humble/install/rcpputils:/home/waves/ros2_humble/install/rcl_logging_noop:/home/waves/ros2_humble/install/rcl_logging_interface:/home/waves/ros2_humble/install/rcutils:/home/waves/ros2_humble/install/qt_gui_py_common:/home/waves/ros2_humble/install/qt_dotgraph:/home/waves/ros2_humble/install/python_qt_binding:/home/waves/ros2_humble/install/python_orocos_kdl_vendor:/home/waves/ros2_humble/install/launch_testing_ament_cmake:/home/waves/ros2_humble/install/python_cmake_module:/home/waves/ros2_humble/install/pybind11_vendor:/home/waves/ros2_humble/install/performance_test_fixture:/home/waves/ros2_humble/install/osrf_testing_tools_cpp:/home/waves/ros2_humble/install/orocos_kdl_vendor:/home/waves/ros2_humble/install/mimick_vendor:/home/waves/ros2_humble/install/libyaml_vendor:/home/waves/ros2_humble/install/libcurl_vendor:/home/waves/ros2_humble/install/keyboard_handler:/home/waves/ros2_humble/install/iceoryx_introspection:/home/waves/ros2_humble/install/cyclonedds:/home/waves/ros2_humble/install/iceoryx_posh:/home/waves/ros2_humble/install/iceoryx_hoofs:/home/waves/ros2_humble/install/iceoryx_binding_c:/home/waves/ros2_humble/install/ament_cmake_ros:/home/waves/ros2_humble/install/ament_cmake_auto:/home/waves/ros2_humble/install/ament_cmake_gmock:/home/waves/ros2_humble/install/gmock_vendor:/home/waves/ros2_humble/install/ament_cmake_gtest:/home/waves/ros2_humble/install/gtest_vendor:/home/waves/ros2_humble/install/ament_cmake_google_benchmark:/home/waves/ros2_humble/install/google_benchmark_vendor:/home/waves/ros2_humble/install/fastrtps:/home/waves/ros2_humble/install/foonathan_memory_vendor:/home/waves/ros2_humble/install/fastrtps_cmake_module:/home/waves/ros2_humble/install/fastcdr:/home/waves/ros2_humble/install/eigen3_cmake_module:/home/waves/ros2_humble/install/console_bridge_vendor:/home/waves/ros2_humble/install/ament_cmake_xmllint:/home/waves/ros2_humble/install/ament_cmake_pyflakes:/home/waves/ros2_humble/install/ament_cmake_pycodestyle:/home/waves/ros2_humble/install/ament_cmake_pep257:/home/waves/ros2_humble/install/ament_cmake_pclint:/home/waves/ros2_humble/install/ament_lint_auto:/home/waves/ros2_humble/install/ament_cmake:/home/waves/ros2_humble/install/ament_cmake_version:/home/waves/ros2_humble/install/ament_cmake_vendor_package:/home/waves/ros2_humble/install/ament_cmake_pytest:/home/waves/ros2_humble/install/ament_cmake_nose:/home/waves/ros2_humble/install/ament_cmake_mypy:/home/waves/ros2_humble/install/ament_cmake_lint_cmake:/home/waves/ros2_humble/install/ament_cmake_flake8:/home/waves/ros2_humble/install/ament_cmake_cpplint:/home/waves/ros2_humble/install/ament_cmake_cppcheck:/home/waves/ros2_humble/install/ament_cmake_copyright:/home/waves/ros2_humble/install/ament_cmake_clang_tidy:/home/waves/ros2_humble/install/ament_cmake_clang_format:/home/waves/ros2_humble/install/ament_cmake_test:/home/waves/ros2_humble/install/ament_cmake_target_dependencies:/home/waves/ros2_humble/install/ament_cmake_python:/home/waves/ros2_humble/install/ament_cmake_export_dependencies:/home/waves/ros2_humble/install/ament_cmake_libraries:/home/waves/ros2_humble/install/ament_cmake_include_directories:/home/waves/ros2_humble/install/ament_cmake_gen_version_h:/home/waves/ros2_humble/install/ament_cmake_export_targets:/home/waves/ros2_humble/install/ament_cmake_export_link_flags:/home/waves/ros2_humble/install/ament_cmake_export_interfaces:/home/waves/ros2_humble/install/ament_cmake_export_libraries:/home/waves/ros2_humble/install/ament_cmake_export_include_directories:/home/waves/ros2_humble/install/ament_cmake_export_definitions:/home/waves/ros2_humble/install/ament_cmake_core:/home/waves/ros2_humble/install/ament_index_cpp /usr/bin/cmake --install /home/waves/hexapod/build/hexapod
[3.763s] Level 1:colcon.colcon_core.environment:create_environment_scripts_only(hexapod)
[3.765s] DEBUG:colcon.colcon_core.event_handler.log_command:Invoked command in '/home/waves/hexapod/build/hexapod' returned '0': CMAKE_PREFIX_PATH=/home/waves/hexapod/install/hexapod_services:/home/waves/hexapod/install/hexapod_control:/home/waves/hexapod/install/hexapod_interfaces:/home/waves/ros2_ws/install/video_runner:/home/waves/ros2_ws/install/robotics_class:/home/waves/ros2_ws/install/my_robot_bringup:/home/waves/ros2_ws/install/my_cpp_prac:/home/waves/ros2_ws/install/my_cpp_pkg:/home/waves/ros2_ws/install/act_5:/home/waves/ros2_ws/install/my_interface:/home/waves/ros2_ws/install/buffer:/home/waves/research/install/cobots:/home/waves/ros2_sim/install/ros2_control_demos:/home/waves/ros2_sim/install/ros2_control_demo_description:/home/waves/ros2_sim/install/my_robot_sim:/home/waves/ros2_sim/install/humanoid:/home/waves/ros2_sim/install/hopper_sim:/home/waves/ros2_sim/install/hopper_description:/home/waves/hexapod/install/hexapod_communication:/home/waves/ros2_ws/install/my_py_pkg:/opt/ros/humble:/home/waves/ros2_humble/install/rqt_bag_plugins:/home/waves/ros2_humble/install/rqt_bag:/home/waves/ros2_humble/install/launch_testing_examples:/home/waves/ros2_humble/install/ros2bag:/home/waves/ros2_humble/install/tracetools_test:/home/waves/ros2_humble/install/tracetools_launch:/home/waves/ros2_humble/install/topic_monitor:/home/waves/ros2_humble/install/tf2_tools:/home/waves/ros2_humble/install/examples_tf2_py:/home/waves/ros2_humble/install/tf2_ros_py:/home/waves/ros2_humble/install/sros2:/home/waves/ros2_humble/install/rqt_topic:/home/waves/ros2_humble/install/rqt_srv:/home/waves/ros2_humble/install/rqt_shell:/home/waves/ros2_humble/install/rqt_service_caller:/home/waves/ros2_humble/install/rqt_reconfigure:/home/waves/ros2_humble/install/rqt_py_console:/home/waves/ros2_humble/install/rqt_publisher:/home/waves/ros2_humble/install/rqt_plot:/home/waves/ros2_humble/install/rqt_action:/home/waves/ros2_humble/install/rqt_msg:/home/waves/ros2_humble/install/rqt_console:/home/waves/ros2_humble/install/rqt:/home/waves/ros2_humble/install/rqt_graph:/home/waves/ros2_humble/install/rqt_gui_py:/home/waves/ros2_humble/install/rqt_gui:/home/waves/ros2_humble/install/ros2trace:/home/waves/ros2_humble/install/ros2topic:/home/waves/ros2_humble/install/ros2test:/home/waves/ros2_humble/install/ros2component:/home/waves/ros2_humble/install/ros2param:/home/waves/ros2_humble/install/ros2lifecycle:/home/waves/ros2_humble/install/ros2service:/home/waves/ros2_humble/install/ros2run:/home/waves/ros2_humble/install/ros2launch:/home/waves/ros2_humble/install/ros2pkg:/home/waves/ros2_humble/install/ros2node:/home/waves/ros2_humble/install/ros2multicast:/home/waves/ros2_humble/install/ros2interface:/home/waves/ros2_humble/install/ros2doctor:/home/waves/ros2_humble/install/ros2action:/home/waves/ros2_humble/install/ros2cli:/home/waves/ros2_humble/install/quality_of_service_demo_py:/home/waves/ros2_humble/install/lifecycle_py:/home/waves/ros2_humble/install/launch_testing_ros:/home/waves/ros2_humble/install/launch_ros:/home/waves/ros2_humble/install/examples_rclpy_pointcloud_publisher:/home/waves/ros2_humble/install/examples_rclpy_minimal_subscriber:/home/waves/ros2_humble/install/examples_rclpy_minimal_service:/home/waves/ros2_humble/install/examples_rclpy_minimal_publisher:/home/waves/ros2_humble/install/examples_rclpy_minimal_client:/home/waves/ros2_humble/install/examples_rclpy_minimal_action_server:/home/waves/ros2_humble/install/examples_rclpy_minimal_action_client:/home/waves/ros2_humble/install/examples_rclpy_guard_conditions:/home/waves/ros2_humble/install/examples_rclpy_executors:/home/waves/ros2_humble/install/demo_nodes_py:/home/waves/ros2_humble/install/camera_info_manager_py:/home/waves/ros2_humble/install/action_tutorials_py:/home/waves/ros2_humble/install/ament_uncrustify:/home/waves/ros2_humble/install/tracetools_trace:/home/waves/ros2_humble/install/tracetools_read:/home/waves/ros2_humble/install/test_tracetools_launch:/home/waves/ros2_humble/install/test_launch_ros:/home/waves/ros2_humble/install/sensor_msgs_py:/home/waves/ros2_humble/install/rpyutils:/home/waves/ros2_humble/install/rosidl_runtime_py:/home/waves/ros2_humble/install/rosidl_cli:/home/waves/ros2_humble/install/launch_pytest:/home/waves/ros2_humble/install/launch_testing:/home/waves/ros2_humble/install/launch_yaml:/home/waves/ros2_humble/install/launch_xml:/home/waves/ros2_humble/install/launch:/home/waves/ros2_humble/install/osrf_pycommon:/home/waves/ros2_humble/install/domain_coordinator:/home/waves/ros2_humble/install/ament_xmllint:/home/waves/ros2_humble/install/ament_pyflakes:/home/waves/ros2_humble/install/ament_pycodestyle:/home/waves/ros2_humble/install/ament_pep257:/home/waves/ros2_humble/install/ament_pclint:/home/waves/ros2_humble/install/ament_package:/home/waves/ros2_humble/install/ament_mypy:/home/waves/ros2_humble/install/ament_lint_cmake:/home/waves/ros2_humble/install/ament_flake8:/home/waves/ros2_humble/install/ament_copyright:/home/waves/ros2_humble/install/ament_lint:/home/waves/ros2_humble/install/ament_index_python:/home/waves/ros2_humble/install/ament_cpplint:/home/waves/ros2_humble/install/ament_cppcheck:/home/waves/ros2_humble/install/ament_clang_tidy:/home/waves/ros2_humble/install/ament_clang_format:/home/waves/ros2_sim/install/hexapod_description:/home/waves/ros2_sim/install/hexapod:/home/waves/ros2_sim/install/franka:/home/waves/ros2_humble/install/rosbag2_storage_mcap:/home/waves/ros2_humble/install/rosbag2:/home/waves/ros2_humble/install/rosbag2_compression_zstd:/home/waves/ros2_humble/install/mcap_vendor:/home/waves/ros2_humble/install/zstd_vendor:/home/waves/ros2_humble/install/rviz_visual_testing_framework:/home/waves/ros2_humble/install/rviz2:/home/waves/ros2_humble/install/rviz_default_plugins:/home/waves/ros2_humble/install/rviz_common:/home/waves/ros2_humble/install/rosbag2_py:/home/waves/ros2_humble/install/rosbag2_transport:/home/waves/ros2_humble/install/rosbag2_storage_default_plugins:/home/waves/ros2_humble/install/rosbag2_performance_benchmarking:/home/waves/ros2_humble/install/rosbag2_compression:/home/waves/ros2_humble/install/rosbag2_cpp:/home/waves/ros2_humble/install/rosbag2_storage:/home/waves/ros2_humble/install/image_common:/home/waves/ros2_humble/install/camera_info_manager:/home/waves/ros2_humble/install/camera_calibration_parsers:/home/waves/ros2_humble/install/yaml_cpp_vendor:/home/waves/ros2_humble/install/interactive_markers:/home/waves/ros2_humble/install/common_interfaces:/home/waves/ros2_humble/install/visualization_msgs:/home/waves/ros2_humble/install/dummy_robot_bringup:/home/waves/ros2_humble/install/robot_state_publisher:/home/waves/ros2_humble/install/kdl_parser:/home/waves/ros2_humble/install/urdf:/home/waves/ros2_humble/install/urdfdom:/home/waves/ros2_humble/install/urdf_parser_plugin:/home/waves/ros2_humble/install/urdfdom_headers:/home/waves/ros2_humble/install/turtlesim:/home/waves/ros2_humble/install/geometry2:/home/waves/ros2_humble/install/tf2_sensor_msgs:/home/waves/ros2_humble/install/test_tf2:/home/waves/ros2_humble/install/tf2_kdl:/home/waves/ros2_humble/install/tf2_geometry_msgs:/home/waves/ros2_humble/install/tf2_eigen:/home/waves/ros2_humble/install/tf2_bullet:/home/waves/ros2_humble/install/tf2_ros:/home/waves/ros2_humble/install/tf2_py:/home/waves/ros2_humble/install/tf2_msgs:/home/waves/ros2_humble/install/test_msgs:/home/waves/ros2_humble/install/sros2_cmake:/home/waves/ros2_humble/install/ros2cli_common_extensions:/home/waves/ros2_humble/install/rqt_py_common:/home/waves/ros2_humble/install/rosbag2_storage_mcap_testdata:/home/waves/ros2_humble/install/ros_testing:/home/waves/ros2_humble/install/ros2cli_test_interfaces:/home/waves/ros2_humble/install/quality_of_service_demo_cpp:/home/waves/ros2_humble/install/image_transport:/home/waves/ros2_humble/install/message_filters:/home/waves/ros2_humble/install/demo_nodes_cpp:/home/waves/ros2_humble/install/composition:/home/waves/ros2_humble/install/laser_geometry:/home/waves/ros2_humble/install/rclpy:/home/waves/ros2_humble/install/examples_rclcpp_minimal_action_server:/home/waves/ros2_humble/install/examples_rclcpp_minimal_action_client:/home/waves/ros2_humble/install/action_tutorials_cpp:/home/waves/ros2_humble/install/rclcpp_action:/home/waves/ros2_humble/install/rcl_action:/home/waves/ros2_humble/install/examples_rclcpp_wait_set:/home/waves/ros2_humble/install/examples_rclcpp_minimal_service:/home/waves/ros2_humble/install/examples_rclcpp_minimal_client:/home/waves/ros2_humble/install/examples_rclcpp_async_client:/home/waves/ros2_humble/install/example_interfaces:/home/waves/ros2_humble/install/action_tutorials_interfaces:/home/waves/ros2_humble/install/action_msgs:/home/waves/ros2_humble/install/unique_identifier_msgs:/home/waves/ros2_humble/install/ament_lint_common:/home/waves/ros2_humble/install/ament_cmake_uncrustify:/home/waves/ros2_humble/install/uncrustify_vendor:/home/waves/ros2_humble/install/trajectory_msgs:/home/waves/ros2_humble/install/topic_statistics_demo:/home/waves/ros2_humble/install/pendulum_control:/home/waves/ros2_humble/install/tlsf_cpp:/home/waves/ros2_humble/install/test_tracetools:/home/waves/ros2_humble/install/rqt_gui_cpp:/home/waves/ros2_humble/install/rosbag2_test_common:/home/waves/ros2_humble/install/ros2lifecycle_test_fixtures:/home/waves/ros2_humble/install/lifecycle:/home/waves/ros2_humble/install/rclcpp_lifecycle:/home/waves/ros2_humble/install/logging_demo:/home/waves/ros2_humble/install/image_tools:/home/waves/ros2_humble/install/examples_rclcpp_minimal_subscriber:/home/waves/ros2_humble/install/examples_rclcpp_minimal_composition:/home/waves/ros2_humble/install/demo_nodes_cpp_native:/home/waves/ros2_humble/install/rclcpp_components:/home/waves/ros2_humble/install/intra_process_demo:/home/waves/ros2_humble/install/examples_rclcpp_multithreaded_executor:/home/waves/ros2_humble/install/examples_rclcpp_minimal_timer:/home/waves/ros2_humble/install/examples_rclcpp_minimal_publisher:/home/waves/ros2_humble/install/examples_rclcpp_cbg_executor:/home/waves/ros2_humble/install/dummy_sensors:/home/waves/ros2_humble/install/dummy_map_server:/home/waves/ros2_humble/install/rclcpp:/home/waves/ros2_humble/install/rcl_lifecycle:/home/waves/ros2_humble/install/libstatistics_collector:/home/waves/ros2_humble/install/rcl:/home/waves/ros2_humble/install/rmw_implementation:/home/waves/ros2_humble/install/rmw_fastrtps_dynamic_cpp:/home/waves/ros2_humble/install/rmw_fastrtps_cpp:/home/waves/ros2_humble/install/rmw_fastrtps_shared_cpp:/home/waves/ros2_humble/install/rmw_cyclonedds_cpp:/home/waves/ros2_humble/install/tracetools:/home/waves/ros2_humble/install/tlsf:/home/waves/ros2_humble/install/tinyxml_vendor:/home/waves/ros2_humble/install/qt_gui_core:/home/waves/ros2_humble/install/qt_gui_cpp:/home/waves/ros2_humble/install/pluginlib:/home/waves/ros2_humble/install/tinyxml2_vendor:/home/waves/ros2_humble/install/tf2_eigen_kdl:/home/waves/ros2_humble/install/tf2:/home/waves/ros2_humble/install/test_security:/home/waves/ros2_humble/install/test_rmw_implementation:/home/waves/ros2_humble/install/test_rclcpp:/home/waves/ros2_humble/install/test_quality_of_service:/home/waves/ros2_humble/install/test_launch_testing:/home/waves/ros2_humble/install/test_interface_files:/home/waves/ros2_humble/install/test_communication:/home/waves/ros2_humble/install/test_cli_remapping:/home/waves/ros2_humble/install/test_cli:/home/waves/ros2_humble/install/qt_gui_app:/home/waves/ros2_humble/install/qt_gui:/home/waves/ros2_humble/install/tango_icons_vendor:/home/waves/ros2_humble/install/stereo_msgs:/home/waves/ros2_humble/install/std_srvs:/home/waves/ros2_humble/install/shape_msgs:/home/waves/ros2_humble/install/map_msgs:/home/waves/ros2_humble/install/sensor_msgs:/home/waves/ros2_humble/install/nav_msgs:/home/waves/ros2_humble/install/diagnostic_msgs:/home/waves/ros2_humble/install/geometry_msgs:/home/waves/ros2_humble/install/actionlib_msgs:/home/waves/ros2_humble/install/std_msgs:/home/waves/ros2_humble/install/statistics_msgs:/home/waves/ros2_humble/install/sqlite3_vendor:/home/waves/ros2_humble/install/rcl_logging_spdlog:/home/waves/ros2_humble/install/spdlog_vendor:/home/waves/ros2_humble/install/shared_queues_vendor:/home/waves/ros2_humble/install/rviz_rendering_tests:/home/waves/ros2_humble/install/rviz_rendering:/home/waves/ros2_humble/install/rviz_ogre_vendor:/home/waves/ros2_humble/install/rviz_assimp_vendor:/home/waves/ros2_humble/install/rttest:/home/waves/ros2_humble/install/rmw_connextddsmicro:/home/waves/ros2_humble/install/rmw_connextdds:/home/waves/ros2_humble/install/rmw_connextdds_common:/home/waves/ros2_humble/install/rti_connext_dds_cmake_module:/home/waves/ros2_humble/install/rosgraph_msgs:/home/waves/ros2_humble/install/rosbag2_interfaces:/home/waves/ros2_humble/install/rmw_dds_common:/home/waves/ros2_humble/install/composition_interfaces:/home/waves/ros2_humble/install/rcl_interfaces:/home/waves/ros2_humble/install/pendulum_msgs:/home/waves/ros2_humble/install/lifecycle_msgs:/home/waves/ros2_humble/install/builtin_interfaces:/home/waves/ros2_humble/install/rosidl_default_runtime:/home/waves/ros2_humble/install/rosidl_default_generators:/home/waves/ros2_humble/install/rosidl_generator_py:/home/waves/ros2_humble/install/rosidl_typesupport_introspection_tests:/home/waves/ros2_humble/install/rosidl_typesupport_cpp:/home/waves/ros2_humble/install/rosidl_typesupport_introspection_cpp:/home/waves/ros2_humble/install/rosidl_typesupport_c:/home/waves/ros2_humble/install/rosidl_typesupport_introspection_c:/home/waves/ros2_humble/install/rosidl_typesupport_fastrtps_c:/home/waves/ros2_humble/install/rosidl_typesupport_fastrtps_cpp:/home/waves/ros2_humble/install/rosidl_generator_cpp:/home/waves/ros2_humble/install/rosidl_runtime_cpp:/home/waves/ros2_humble/install/rcl_yaml_param_parser:/home/waves/ros2_humble/install/rmw:/home/waves/ros2_humble/install/rosidl_runtime_c:/home/waves/ros2_humble/install/rosidl_generator_c:/home/waves/ros2_humble/install/rosidl_typesupport_interface:/home/waves/ros2_humble/install/rosidl_generator_dds_idl:/home/waves/ros2_humble/install/rosidl_cmake:/home/waves/ros2_humble/install/rosidl_parser:/home/waves/ros2_humble/install/rosidl_adapter:/home/waves/ros2_humble/install/rosbag2_tests:/home/waves/ros2_humble/install/ros_environment:/home/waves/ros2_humble/install/rmw_implementation_cmake:/home/waves/ros2_humble/install/resource_retriever:/home/waves/ros2_humble/install/class_loader:/home/waves/ros2_humble/install/rcpputils:/home/waves/ros2_humble/install/rcl_logging_noop:/home/waves/ros2_humble/install/rcl_logging_interface:/home/waves/ros2_humble/install/rcutils:/home/waves/ros2_humble/install/qt_gui_py_common:/home/waves/ros2_humble/install/qt_dotgraph:/home/waves/ros2_humble/install/python_qt_binding:/home/waves/ros2_humble/install/python_orocos_kdl_vendor:/home/waves/ros2_humble/install/launch_testing_ament_cmake:/home/waves/ros2_humble/install/python_cmake_module:/home/waves/ros2_humble/install/pybind11_vendor:/home/waves/ros2_humble/install/performance_test_fixture:/home/waves/ros2_humble/install/osrf_testing_tools_cpp:/home/waves/ros2_humble/install/orocos_kdl_vendor:/home/waves/ros2_humble/install/mimick_vendor:/home/waves/ros2_humble/install/libyaml_vendor:/home/waves/ros2_humble/install/libcurl_vendor:/home/waves/ros2_humble/install/keyboard_handler:/home/waves/ros2_humble/install/iceoryx_introspection:/home/waves/ros2_humble/install/cyclonedds:/home/waves/ros2_humble/install/iceoryx_posh:/home/waves/ros2_humble/install/iceoryx_hoofs:/home/waves/ros2_humble/install/iceoryx_binding_c:/home/waves/ros2_humble/install/ament_cmake_ros:/home/waves/ros2_humble/install/ament_cmake_auto:/home/waves/ros2_humble/install/ament_cmake_gmock:/home/waves/ros2_humble/install/gmock_vendor:/home/waves/ros2_humble/install/ament_cmake_gtest:/home/waves/ros2_humble/install/gtest_vendor:/home/waves/ros2_humble/install/ament_cmake_google_benchmark:/home/waves/ros2_humble/install/google_benchmark_vendor:/home/waves/ros2_humble/install/fastrtps:/home/waves/ros2_humble/install/foonathan_memory_vendor:/home/waves/ros2_humble/install/fastrtps_cmake_module:/home/waves/ros2_humble/install/fastcdr:/home/waves/ros2_humble/install/eigen3_cmake_module:/home/waves/ros2_humble/install/console_bridge_vendor:/home/waves/ros2_humble/install/ament_cmake_xmllint:/home/waves/ros2_humble/install/ament_cmake_pyflakes:/home/waves/ros2_humble/install/ament_cmake_pycodestyle:/home/waves/ros2_humble/install/ament_cmake_pep257:/home/waves/ros2_humble/install/ament_cmake_pclint:/home/waves/ros2_humble/install/ament_lint_auto:/home/waves/ros2_humble/install/ament_cmake:/home/waves/ros2_humble/install/ament_cmake_version:/home/waves/ros2_humble/install/ament_cmake_vendor_package:/home/waves/ros2_humble/install/ament_cmake_pytest:/home/waves/ros2_humble/install/ament_cmake_nose:/home/waves/ros2_humble/install/ament_cmake_mypy:/home/waves/ros2_humble/install/ament_cmake_lint_cmake:/home/waves/ros2_humble/install/ament_cmake_flake8:/home/waves/ros2_humble/install/ament_cmake_cpplint:/home/waves/ros2_humble/install/ament_cmake_cppcheck:/home/waves/ros2_humble/install/ament_cmake_copyright:/home/waves/ros2_humble/install/ament_cmake_clang_tidy:/home/waves/ros2_humble/install/ament_cmake_clang_format:/home/waves/ros2_humble/install/ament_cmake_test:/home/waves/ros2_humble/install/ament_cmake_target_dependencies:/home/waves/ros2_humble/install/ament_cmake_python:/home/waves/ros2_humble/install/ament_cmake_export_dependencies:/home/waves/ros2_humble/install/ament_cmake_libraries:/home/waves/ros2_humble/install/ament_cmake_include_directories:/home/waves/ros2_humble/install/ament_cmake_gen_version_h:/home/waves/ros2_humble/install/ament_cmake_export_targets:/home/waves/ros2_humble/install/ament_cmake_export_link_flags:/home/waves/ros2_humble/install/ament_cmake_export_interfaces:/home/waves/ros2_humble/install/ament_cmake_export_libraries:/home/waves/ros2_humble/install/ament_cmake_export_include_directories:/home/waves/ros2_humble/install/ament_cmake_export_definitions:/home/waves/ros2_humble/install/ament_cmake_core:/home/waves/ros2_humble/install/ament_index_cpp /usr/bin/cmake --install /home/waves/hexapod/build/hexapod
[3.774s] Level 1:colcon.colcon_core.environment:checking '/home/waves/hexapod/install/hexapod' for CMake module files
[3.775s] Level 1:colcon.colcon_core.environment:checking '/home/waves/hexapod/install/hexapod' for CMake config files
[3.775s] Level 1:colcon.colcon_core.shell:create_environment_hook('hexapod', 'cmake_prefix_path')
[3.776s] INFO:colcon.colcon_core.shell:Creating environment hook '/home/waves/hexapod/install/hexapod/share/hexapod/hook/cmake_prefix_path.ps1'
[3.780s] INFO:colcon.colcon_core.shell:Creating environment descriptor '/home/waves/hexapod/install/hexapod/share/hexapod/hook/cmake_prefix_path.dsv'
[3.782s] INFO:colcon.colcon_core.shell:Creating environment hook '/home/waves/hexapod/install/hexapod/share/hexapod/hook/cmake_prefix_path.sh'
[3.784s] Level 1:colcon.colcon_core.environment:checking '/home/waves/hexapod/install/hexapod/bin'
[3.784s] Level 1:colcon.colcon_core.environment:checking '/home/waves/hexapod/install/hexapod/lib/pkgconfig/hexapod.pc'
[3.785s] Level 1:colcon.colcon_core.environment:checking '/home/waves/hexapod/install/hexapod/lib/python3.10/site-packages'
[3.785s] Level 1:colcon.colcon_core.environment:checking '/home/waves/hexapod/install/hexapod/bin'
[3.785s] INFO:colcon.colcon_core.shell:Creating package script '/home/waves/hexapod/install/hexapod/share/hexapod/package.ps1'
[3.787s] INFO:colcon.colcon_core.shell:Creating package descriptor '/home/waves/hexapod/install/hexapod/share/hexapod/package.dsv'
[3.789s] INFO:colcon.colcon_core.shell:Creating package script '/home/waves/hexapod/install/hexapod/share/hexapod/package.sh'
[3.791s] INFO:colcon.colcon_core.shell:Creating package script '/home/waves/hexapod/install/hexapod/share/hexapod/package.bash'
[3.793s] INFO:colcon.colcon_core.shell:Creating package script '/home/waves/hexapod/install/hexapod/share/hexapod/package.zsh'
[3.795s] Level 1:colcon.colcon_core.environment:create_file_with_runtime_dependencies(/home/waves/hexapod/install/hexapod/share/colcon-core/packages/hexapod)
[3.796s] Level 1:colcon.colcon_core.environment:create_environment_scripts_only(hexapod)
[3.797s] Level 1:colcon.colcon_core.environment:checking '/home/waves/hexapod/install/hexapod' for CMake module files
[3.797s] Level 1:colcon.colcon_core.environment:checking '/home/waves/hexapod/install/hexapod' for CMake config files
[3.798s] Level 1:colcon.colcon_core.shell:create_environment_hook('hexapod', 'cmake_prefix_path')
[3.798s] INFO:colcon.colcon_core.shell:Creating environment hook '/home/waves/hexapod/install/hexapod/share/hexapod/hook/cmake_prefix_path.ps1'
[3.800s] INFO:colcon.colcon_core.shell:Creating environment descriptor '/home/waves/hexapod/install/hexapod/share/hexapod/hook/cmake_prefix_path.dsv'
[3.800s] INFO:colcon.colcon_core.shell:Creating environment hook '/home/waves/hexapod/install/hexapod/share/hexapod/hook/cmake_prefix_path.sh'
[3.802s] Level 1:colcon.colcon_core.environment:checking '/home/waves/hexapod/install/hexapod/bin'
[3.802s] Level 1:colcon.colcon_core.environment:checking '/home/waves/hexapod/install/hexapod/lib/pkgconfig/hexapod.pc'
[3.802s] Level 1:colcon.colcon_core.environment:checking '/home/waves/hexapod/install/hexapod/lib/python3.10/site-packages'
[3.802s] Level 1:colcon.colcon_core.environment:checking '/home/waves/hexapod/install/hexapod/bin'
[3.803s] INFO:colcon.colcon_core.shell:Creating package script '/home/waves/hexapod/install/hexapod/share/hexapod/package.ps1'
[3.804s] INFO:colcon.colcon_core.shell:Creating package descriptor '/home/waves/hexapod/install/hexapod/share/hexapod/package.dsv'
[3.806s] INFO:colcon.colcon_core.shell:Creating package script '/home/waves/hexapod/install/hexapod/share/hexapod/package.sh'
[3.820s] INFO:colcon.colcon_core.shell:Creating package script '/home/waves/hexapod/install/hexapod/share/hexapod/package.bash'
[3.856s] INFO:colcon.colcon_core.shell:Creating package script '/home/waves/hexapod/install/hexapod/share/hexapod/package.zsh'
[3.865s] Level 1:colcon.colcon_core.environment:create_file_with_runtime_dependencies(/home/waves/hexapod/install/hexapod/share/colcon-core/packages/hexapod)
[4.524s] DEBUG:colcon.colcon_core.event_handler.log_command:Invoked command in '/home/waves/hexapod/build/hexapod_interfaces' returned '0': CMAKE_PREFIX_PATH=/home/waves/hexapod/install/hexapod_services:/home/waves/hexapod/install/hexapod_control:/home/waves/hexapod/install/hexapod_interfaces:/home/waves/ros2_ws/install/video_runner:/home/waves/ros2_ws/install/robotics_class:/home/waves/ros2_ws/install/my_robot_bringup:/home/waves/ros2_ws/install/my_cpp_prac:/home/waves/ros2_ws/install/my_cpp_pkg:/home/waves/ros2_ws/install/act_5:/home/waves/ros2_ws/install/my_interface:/home/waves/ros2_ws/install/buffer:/home/waves/research/install/cobots:/home/waves/ros2_sim/install/ros2_control_demos:/home/waves/ros2_sim/install/ros2_control_demo_description:/home/waves/ros2_sim/install/my_robot_sim:/home/waves/ros2_sim/install/humanoid:/home/waves/ros2_sim/install/hopper_sim:/home/waves/ros2_sim/install/hopper_description:/home/waves/hexapod/install/hexapod_communication:/home/waves/ros2_ws/install/my_py_pkg:/opt/ros/humble:/home/waves/ros2_humble/install/rqt_bag_plugins:/home/waves/ros2_humble/install/rqt_bag:/home/waves/ros2_humble/install/launch_testing_examples:/home/waves/ros2_humble/install/ros2bag:/home/waves/ros2_humble/install/tracetools_test:/home/waves/ros2_humble/install/tracetools_launch:/home/waves/ros2_humble/install/topic_monitor:/home/waves/ros2_humble/install/tf2_tools:/home/waves/ros2_humble/install/examples_tf2_py:/home/waves/ros2_humble/install/tf2_ros_py:/home/waves/ros2_humble/install/sros2:/home/waves/ros2_humble/install/rqt_topic:/home/waves/ros2_humble/install/rqt_srv:/home/waves/ros2_humble/install/rqt_shell:/home/waves/ros2_humble/install/rqt_service_caller:/home/waves/ros2_humble/install/rqt_reconfigure:/home/waves/ros2_humble/install/rqt_py_console:/home/waves/ros2_humble/install/rqt_publisher:/home/waves/ros2_humble/install/rqt_plot:/home/waves/ros2_humble/install/rqt_action:/home/waves/ros2_humble/install/rqt_msg:/home/waves/ros2_humble/install/rqt_console:/home/waves/ros2_humble/install/rqt:/home/waves/ros2_humble/install/rqt_graph:/home/waves/ros2_humble/install/rqt_gui_py:/home/waves/ros2_humble/install/rqt_gui:/home/waves/ros2_humble/install/ros2trace:/home/waves/ros2_humble/install/ros2topic:/home/waves/ros2_humble/install/ros2test:/home/waves/ros2_humble/install/ros2component:/home/waves/ros2_humble/install/ros2param:/home/waves/ros2_humble/install/ros2lifecycle:/home/waves/ros2_humble/install/ros2service:/home/waves/ros2_humble/install/ros2run:/home/waves/ros2_humble/install/ros2launch:/home/waves/ros2_humble/install/ros2pkg:/home/waves/ros2_humble/install/ros2node:/home/waves/ros2_humble/install/ros2multicast:/home/waves/ros2_humble/install/ros2interface:/home/waves/ros2_humble/install/ros2doctor:/home/waves/ros2_humble/install/ros2action:/home/waves/ros2_humble/install/ros2cli:/home/waves/ros2_humble/install/quality_of_service_demo_py:/home/waves/ros2_humble/install/lifecycle_py:/home/waves/ros2_humble/install/launch_testing_ros:/home/waves/ros2_humble/install/launch_ros:/home/waves/ros2_humble/install/examples_rclpy_pointcloud_publisher:/home/waves/ros2_humble/install/examples_rclpy_minimal_subscriber:/home/waves/ros2_humble/install/examples_rclpy_minimal_service:/home/waves/ros2_humble/install/examples_rclpy_minimal_publisher:/home/waves/ros2_humble/install/examples_rclpy_minimal_client:/home/waves/ros2_humble/install/examples_rclpy_minimal_action_server:/home/waves/ros2_humble/install/examples_rclpy_minimal_action_client:/home/waves/ros2_humble/install/examples_rclpy_guard_conditions:/home/waves/ros2_humble/install/examples_rclpy_executors:/home/waves/ros2_humble/install/demo_nodes_py:/home/waves/ros2_humble/install/camera_info_manager_py:/home/waves/ros2_humble/install/action_tutorials_py:/home/waves/ros2_humble/install/ament_uncrustify:/home/waves/ros2_humble/install/tracetools_trace:/home/waves/ros2_humble/install/tracetools_read:/home/waves/ros2_humble/install/test_tracetools_launch:/home/waves/ros2_humble/install/test_launch_ros:/home/waves/ros2_humble/install/sensor_msgs_py:/home/waves/ros2_humble/install/rpyutils:/home/waves/ros2_humble/install/rosidl_runtime_py:/home/waves/ros2_humble/install/rosidl_cli:/home/waves/ros2_humble/install/launch_pytest:/home/waves/ros2_humble/install/launch_testing:/home/waves/ros2_humble/install/launch_yaml:/home/waves/ros2_humble/install/launch_xml:/home/waves/ros2_humble/install/launch:/home/waves/ros2_humble/install/osrf_pycommon:/home/waves/ros2_humble/install/domain_coordinator:/home/waves/ros2_humble/install/ament_xmllint:/home/waves/ros2_humble/install/ament_pyflakes:/home/waves/ros2_humble/install/ament_pycodestyle:/home/waves/ros2_humble/install/ament_pep257:/home/waves/ros2_humble/install/ament_pclint:/home/waves/ros2_humble/install/ament_package:/home/waves/ros2_humble/install/ament_mypy:/home/waves/ros2_humble/install/ament_lint_cmake:/home/waves/ros2_humble/install/ament_flake8:/home/waves/ros2_humble/install/ament_copyright:/home/waves/ros2_humble/install/ament_lint:/home/waves/ros2_humble/install/ament_index_python:/home/waves/ros2_humble/install/ament_cpplint:/home/waves/ros2_humble/install/ament_cppcheck:/home/waves/ros2_humble/install/ament_clang_tidy:/home/waves/ros2_humble/install/ament_clang_format:/home/waves/ros2_sim/install/hexapod_description:/home/waves/ros2_sim/install/hexapod:/home/waves/ros2_sim/install/franka:/home/waves/ros2_humble/install/rosbag2_storage_mcap:/home/waves/ros2_humble/install/rosbag2:/home/waves/ros2_humble/install/rosbag2_compression_zstd:/home/waves/ros2_humble/install/mcap_vendor:/home/waves/ros2_humble/install/zstd_vendor:/home/waves/ros2_humble/install/rviz_visual_testing_framework:/home/waves/ros2_humble/install/rviz2:/home/waves/ros2_humble/install/rviz_default_plugins:/home/waves/ros2_humble/install/rviz_common:/home/waves/ros2_humble/install/rosbag2_py:/home/waves/ros2_humble/install/rosbag2_transport:/home/waves/ros2_humble/install/rosbag2_storage_default_plugins:/home/waves/ros2_humble/install/rosbag2_performance_benchmarking:/home/waves/ros2_humble/install/rosbag2_compression:/home/waves/ros2_humble/install/rosbag2_cpp:/home/waves/ros2_humble/install/rosbag2_storage:/home/waves/ros2_humble/install/image_common:/home/waves/ros2_humble/install/camera_info_manager:/home/waves/ros2_humble/install/camera_calibration_parsers:/home/waves/ros2_humble/install/yaml_cpp_vendor:/home/waves/ros2_humble/install/interactive_markers:/home/waves/ros2_humble/install/common_interfaces:/home/waves/ros2_humble/install/visualization_msgs:/home/waves/ros2_humble/install/dummy_robot_bringup:/home/waves/ros2_humble/install/robot_state_publisher:/home/waves/ros2_humble/install/kdl_parser:/home/waves/ros2_humble/install/urdf:/home/waves/ros2_humble/install/urdfdom:/home/waves/ros2_humble/install/urdf_parser_plugin:/home/waves/ros2_humble/install/urdfdom_headers:/home/waves/ros2_humble/install/turtlesim:/home/waves/ros2_humble/install/geometry2:/home/waves/ros2_humble/install/tf2_sensor_msgs:/home/waves/ros2_humble/install/test_tf2:/home/waves/ros2_humble/install/tf2_kdl:/home/waves/ros2_humble/install/tf2_geometry_msgs:/home/waves/ros2_humble/install/tf2_eigen:/home/waves/ros2_humble/install/tf2_bullet:/home/waves/ros2_humble/install/tf2_ros:/home/waves/ros2_humble/install/tf2_py:/home/waves/ros2_humble/install/tf2_msgs:/home/waves/ros2_humble/install/test_msgs:/home/waves/ros2_humble/install/sros2_cmake:/home/waves/ros2_humble/install/ros2cli_common_extensions:/home/waves/ros2_humble/install/rqt_py_common:/home/waves/ros2_humble/install/rosbag2_storage_mcap_testdata:/home/waves/ros2_humble/install/ros_testing:/home/waves/ros2_humble/install/ros2cli_test_interfaces:/home/waves/ros2_humble/install/quality_of_service_demo_cpp:/home/waves/ros2_humble/install/image_transport:/home/waves/ros2_humble/install/message_filters:/home/waves/ros2_humble/install/demo_nodes_cpp:/home/waves/ros2_humble/install/composition:/home/waves/ros2_humble/install/laser_geometry:/home/waves/ros2_humble/install/rclpy:/home/waves/ros2_humble/install/examples_rclcpp_minimal_action_server:/home/waves/ros2_humble/install/examples_rclcpp_minimal_action_client:/home/waves/ros2_humble/install/action_tutorials_cpp:/home/waves/ros2_humble/install/rclcpp_action:/home/waves/ros2_humble/install/rcl_action:/home/waves/ros2_humble/install/examples_rclcpp_wait_set:/home/waves/ros2_humble/install/examples_rclcpp_minimal_service:/home/waves/ros2_humble/install/examples_rclcpp_minimal_client:/home/waves/ros2_humble/install/examples_rclcpp_async_client:/home/waves/ros2_humble/install/example_interfaces:/home/waves/ros2_humble/install/action_tutorials_interfaces:/home/waves/ros2_humble/install/action_msgs:/home/waves/ros2_humble/install/unique_identifier_msgs:/home/waves/ros2_humble/install/ament_lint_common:/home/waves/ros2_humble/install/ament_cmake_uncrustify:/home/waves/ros2_humble/install/uncrustify_vendor:/home/waves/ros2_humble/install/trajectory_msgs:/home/waves/ros2_humble/install/topic_statistics_demo:/home/waves/ros2_humble/install/pendulum_control:/home/waves/ros2_humble/install/tlsf_cpp:/home/waves/ros2_humble/install/test_tracetools:/home/waves/ros2_humble/install/rqt_gui_cpp:/home/waves/ros2_humble/install/rosbag2_test_common:/home/waves/ros2_humble/install/ros2lifecycle_test_fixtures:/home/waves/ros2_humble/install/lifecycle:/home/waves/ros2_humble/install/rclcpp_lifecycle:/home/waves/ros2_humble/install/logging_demo:/home/waves/ros2_humble/install/image_tools:/home/waves/ros2_humble/install/examples_rclcpp_minimal_subscriber:/home/waves/ros2_humble/install/examples_rclcpp_minimal_composition:/home/waves/ros2_humble/install/demo_nodes_cpp_native:/home/waves/ros2_humble/install/rclcpp_components:/home/waves/ros2_humble/install/intra_process_demo:/home/waves/ros2_humble/install/examples_rclcpp_multithreaded_executor:/home/waves/ros2_humble/install/examples_rclcpp_minimal_timer:/home/waves/ros2_humble/install/examples_rclcpp_minimal_publisher:/home/waves/ros2_humble/install/examples_rclcpp_cbg_executor:/home/waves/ros2_humble/install/dummy_sensors:/home/waves/ros2_humble/install/dummy_map_server:/home/waves/ros2_humble/install/rclcpp:/home/waves/ros2_humble/install/rcl_lifecycle:/home/waves/ros2_humble/install/libstatistics_collector:/home/waves/ros2_humble/install/rcl:/home/waves/ros2_humble/install/rmw_implementation:/home/waves/ros2_humble/install/rmw_fastrtps_dynamic_cpp:/home/waves/ros2_humble/install/rmw_fastrtps_cpp:/home/waves/ros2_humble/install/rmw_fastrtps_shared_cpp:/home/waves/ros2_humble/install/rmw_cyclonedds_cpp:/home/waves/ros2_humble/install/tracetools:/home/waves/ros2_humble/install/tlsf:/home/waves/ros2_humble/install/tinyxml_vendor:/home/waves/ros2_humble/install/qt_gui_core:/home/waves/ros2_humble/install/qt_gui_cpp:/home/waves/ros2_humble/install/pluginlib:/home/waves/ros2_humble/install/tinyxml2_vendor:/home/waves/ros2_humble/install/tf2_eigen_kdl:/home/waves/ros2_humble/install/tf2:/home/waves/ros2_humble/install/test_security:/home/waves/ros2_humble/install/test_rmw_implementation:/home/waves/ros2_humble/install/test_rclcpp:/home/waves/ros2_humble/install/test_quality_of_service:/home/waves/ros2_humble/install/test_launch_testing:/home/waves/ros2_humble/install/test_interface_files:/home/waves/ros2_humble/install/test_communication:/home/waves/ros2_humble/install/test_cli_remapping:/home/waves/ros2_humble/install/test_cli:/home/waves/ros2_humble/install/qt_gui_app:/home/waves/ros2_humble/install/qt_gui:/home/waves/ros2_humble/install/tango_icons_vendor:/home/waves/ros2_humble/install/stereo_msgs:/home/waves/ros2_humble/install/std_srvs:/home/waves/ros2_humble/install/shape_msgs:/home/waves/ros2_humble/install/map_msgs:/home/waves/ros2_humble/install/sensor_msgs:/home/waves/ros2_humble/install/nav_msgs:/home/waves/ros2_humble/install/diagnostic_msgs:/home/waves/ros2_humble/install/geometry_msgs:/home/waves/ros2_humble/install/actionlib_msgs:/home/waves/ros2_humble/install/std_msgs:/home/waves/ros2_humble/install/statistics_msgs:/home/waves/ros2_humble/install/sqlite3_vendor:/home/waves/ros2_humble/install/rcl_logging_spdlog:/home/waves/ros2_humble/install/spdlog_vendor:/home/waves/ros2_humble/install/shared_queues_vendor:/home/waves/ros2_humble/install/rviz_rendering_tests:/home/waves/ros2_humble/install/rviz_rendering:/home/waves/ros2_humble/install/rviz_ogre_vendor:/home/waves/ros2_humble/install/rviz_assimp_vendor:/home/waves/ros2_humble/install/rttest:/home/waves/ros2_humble/install/rmw_connextddsmicro:/home/waves/ros2_humble/install/rmw_connextdds:/home/waves/ros2_humble/install/rmw_connextdds_common:/home/waves/ros2_humble/install/rti_connext_dds_cmake_module:/home/waves/ros2_humble/install/rosgraph_msgs:/home/waves/ros2_humble/install/rosbag2_interfaces:/home/waves/ros2_humble/install/rmw_dds_common:/home/waves/ros2_humble/install/composition_interfaces:/home/waves/ros2_humble/install/rcl_interfaces:/home/waves/ros2_humble/install/pendulum_msgs:/home/waves/ros2_humble/install/lifecycle_msgs:/home/waves/ros2_humble/install/builtin_interfaces:/home/waves/ros2_humble/install/rosidl_default_runtime:/home/waves/ros2_humble/install/rosidl_default_generators:/home/waves/ros2_humble/install/rosidl_generator_py:/home/waves/ros2_humble/install/rosidl_typesupport_introspection_tests:/home/waves/ros2_humble/install/rosidl_typesupport_cpp:/home/waves/ros2_humble/install/rosidl_typesupport_introspection_cpp:/home/waves/ros2_humble/install/rosidl_typesupport_c:/home/waves/ros2_humble/install/rosidl_typesupport_introspection_c:/home/waves/ros2_humble/install/rosidl_typesupport_fastrtps_c:/home/waves/ros2_humble/install/rosidl_typesupport_fastrtps_cpp:/home/waves/ros2_humble/install/rosidl_generator_cpp:/home/waves/ros2_humble/install/rosidl_runtime_cpp:/home/waves/ros2_humble/install/rcl_yaml_param_parser:/home/waves/ros2_humble/install/rmw:/home/waves/ros2_humble/install/rosidl_runtime_c:/home/waves/ros2_humble/install/rosidl_generator_c:/home/waves/ros2_humble/install/rosidl_typesupport_interface:/home/waves/ros2_humble/install/rosidl_generator_dds_idl:/home/waves/ros2_humble/install/rosidl_cmake:/home/waves/ros2_humble/install/rosidl_parser:/home/waves/ros2_humble/install/rosidl_adapter:/home/waves/ros2_humble/install/rosbag2_tests:/home/waves/ros2_humble/install/ros_environment:/home/waves/ros2_humble/install/rmw_implementation_cmake:/home/waves/ros2_humble/install/resource_retriever:/home/waves/ros2_humble/install/class_loader:/home/waves/ros2_humble/install/rcpputils:/home/waves/ros2_humble/install/rcl_logging_noop:/home/waves/ros2_humble/install/rcl_logging_interface:/home/waves/ros2_humble/install/rcutils:/home/waves/ros2_humble/install/qt_gui_py_common:/home/waves/ros2_humble/install/qt_dotgraph:/home/waves/ros2_humble/install/python_qt_binding:/home/waves/ros2_humble/install/python_orocos_kdl_vendor:/home/waves/ros2_humble/install/launch_testing_ament_cmake:/home/waves/ros2_humble/install/python_cmake_module:/home/waves/ros2_humble/install/pybind11_vendor:/home/waves/ros2_humble/install/performance_test_fixture:/home/waves/ros2_humble/install/osrf_testing_tools_cpp:/home/waves/ros2_humble/install/orocos_kdl_vendor:/home/waves/ros2_humble/install/mimick_vendor:/home/waves/ros2_humble/install/libyaml_vendor:/home/waves/ros2_humble/install/libcurl_vendor:/home/waves/ros2_humble/install/keyboard_handler:/home/waves/ros2_humble/install/iceoryx_introspection:/home/waves/ros2_humble/install/cyclonedds:/home/waves/ros2_humble/install/iceoryx_posh:/home/waves/ros2_humble/install/iceoryx_hoofs:/home/waves/ros2_humble/install/iceoryx_binding_c:/home/waves/ros2_humble/install/ament_cmake_ros:/home/waves/ros2_humble/install/ament_cmake_auto:/home/waves/ros2_humble/install/ament_cmake_gmock:/home/waves/ros2_humble/install/gmock_vendor:/home/waves/ros2_humble/install/ament_cmake_gtest:/home/waves/ros2_humble/install/gtest_vendor:/home/waves/ros2_humble/install/ament_cmake_google_benchmark:/home/waves/ros2_humble/install/google_benchmark_vendor:/home/waves/ros2_humble/install/fastrtps:/home/waves/ros2_humble/install/foonathan_memory_vendor:/home/waves/ros2_humble/install/fastrtps_cmake_module:/home/waves/ros2_humble/install/fastcdr:/home/waves/ros2_humble/install/eigen3_cmake_module:/home/waves/ros2_humble/install/console_bridge_vendor:/home/waves/ros2_humble/install/ament_cmake_xmllint:/home/waves/ros2_humble/install/ament_cmake_pyflakes:/home/waves/ros2_humble/install/ament_cmake_pycodestyle:/home/waves/ros2_humble/install/ament_cmake_pep257:/home/waves/ros2_humble/install/ament_cmake_pclint:/home/waves/ros2_humble/install/ament_lint_auto:/home/waves/ros2_humble/install/ament_cmake:/home/waves/ros2_humble/install/ament_cmake_version:/home/waves/ros2_humble/install/ament_cmake_vendor_package:/home/waves/ros2_humble/install/ament_cmake_pytest:/home/waves/ros2_humble/install/ament_cmake_nose:/home/waves/ros2_humble/install/ament_cmake_mypy:/home/waves/ros2_humble/install/ament_cmake_lint_cmake:/home/waves/ros2_humble/install/ament_cmake_flake8:/home/waves/ros2_humble/install/ament_cmake_cpplint:/home/waves/ros2_humble/install/ament_cmake_cppcheck:/home/waves/ros2_humble/install/ament_cmake_copyright:/home/waves/ros2_humble/install/ament_cmake_clang_tidy:/home/waves/ros2_humble/install/ament_cmake_clang_format:/home/waves/ros2_humble/install/ament_cmake_test:/home/waves/ros2_humble/install/ament_cmake_target_dependencies:/home/waves/ros2_humble/install/ament_cmake_python:/home/waves/ros2_humble/install/ament_cmake_export_dependencies:/home/waves/ros2_humble/install/ament_cmake_libraries:/home/waves/ros2_humble/install/ament_cmake_include_directories:/home/waves/ros2_humble/install/ament_cmake_gen_version_h:/home/waves/ros2_humble/install/ament_cmake_export_targets:/home/waves/ros2_humble/install/ament_cmake_export_link_flags:/home/waves/ros2_humble/install/ament_cmake_export_interfaces:/home/waves/ros2_humble/install/ament_cmake_export_libraries:/home/waves/ros2_humble/install/ament_cmake_export_include_directories:/home/waves/ros2_humble/install/ament_cmake_export_definitions:/home/waves/ros2_humble/install/ament_cmake_core:/home/waves/ros2_humble/install/ament_index_cpp /usr/bin/cmake --build /home/waves/hexapod/build/hexapod_interfaces -- -j4 -l4
[4.525s] DEBUG:colcon.colcon_core.event_handler.log_command:Invoking command in '/home/waves/hexapod/build/hexapod_interfaces': CMAKE_PREFIX_PATH=/home/waves/hexapod/install/hexapod_services:/home/waves/hexapod/install/hexapod_control:/home/waves/hexapod/install/hexapod_interfaces:/home/waves/ros2_ws/install/video_runner:/home/waves/ros2_ws/install/robotics_class:/home/waves/ros2_ws/install/my_robot_bringup:/home/waves/ros2_ws/install/my_cpp_prac:/home/waves/ros2_ws/install/my_cpp_pkg:/home/waves/ros2_ws/install/act_5:/home/waves/ros2_ws/install/my_interface:/home/waves/ros2_ws/install/buffer:/home/waves/research/install/cobots:/home/waves/ros2_sim/install/ros2_control_demos:/home/waves/ros2_sim/install/ros2_control_demo_description:/home/waves/ros2_sim/install/my_robot_sim:/home/waves/ros2_sim/install/humanoid:/home/waves/ros2_sim/install/hopper_sim:/home/waves/ros2_sim/install/hopper_description:/home/waves/hexapod/install/hexapod_communication:/home/waves/ros2_ws/install/my_py_pkg:/opt/ros/humble:/home/waves/ros2_humble/install/rqt_bag_plugins:/home/waves/ros2_humble/install/rqt_bag:/home/waves/ros2_humble/install/launch_testing_examples:/home/waves/ros2_humble/install/ros2bag:/home/waves/ros2_humble/install/tracetools_test:/home/waves/ros2_humble/install/tracetools_launch:/home/waves/ros2_humble/install/topic_monitor:/home/waves/ros2_humble/install/tf2_tools:/home/waves/ros2_humble/install/examples_tf2_py:/home/waves/ros2_humble/install/tf2_ros_py:/home/waves/ros2_humble/install/sros2:/home/waves/ros2_humble/install/rqt_topic:/home/waves/ros2_humble/install/rqt_srv:/home/waves/ros2_humble/install/rqt_shell:/home/waves/ros2_humble/install/rqt_service_caller:/home/waves/ros2_humble/install/rqt_reconfigure:/home/waves/ros2_humble/install/rqt_py_console:/home/waves/ros2_humble/install/rqt_publisher:/home/waves/ros2_humble/install/rqt_plot:/home/waves/ros2_humble/install/rqt_action:/home/waves/ros2_humble/install/rqt_msg:/home/waves/ros2_humble/install/rqt_console:/home/waves/ros2_humble/install/rqt:/home/waves/ros2_humble/install/rqt_graph:/home/waves/ros2_humble/install/rqt_gui_py:/home/waves/ros2_humble/install/rqt_gui:/home/waves/ros2_humble/install/ros2trace:/home/waves/ros2_humble/install/ros2topic:/home/waves/ros2_humble/install/ros2test:/home/waves/ros2_humble/install/ros2component:/home/waves/ros2_humble/install/ros2param:/home/waves/ros2_humble/install/ros2lifecycle:/home/waves/ros2_humble/install/ros2service:/home/waves/ros2_humble/install/ros2run:/home/waves/ros2_humble/install/ros2launch:/home/waves/ros2_humble/install/ros2pkg:/home/waves/ros2_humble/install/ros2node:/home/waves/ros2_humble/install/ros2multicast:/home/waves/ros2_humble/install/ros2interface:/home/waves/ros2_humble/install/ros2doctor:/home/waves/ros2_humble/install/ros2action:/home/waves/ros2_humble/install/ros2cli:/home/waves/ros2_humble/install/quality_of_service_demo_py:/home/waves/ros2_humble/install/lifecycle_py:/home/waves/ros2_humble/install/launch_testing_ros:/home/waves/ros2_humble/install/launch_ros:/home/waves/ros2_humble/install/examples_rclpy_pointcloud_publisher:/home/waves/ros2_humble/install/examples_rclpy_minimal_subscriber:/home/waves/ros2_humble/install/examples_rclpy_minimal_service:/home/waves/ros2_humble/install/examples_rclpy_minimal_publisher:/home/waves/ros2_humble/install/examples_rclpy_minimal_client:/home/waves/ros2_humble/install/examples_rclpy_minimal_action_server:/home/waves/ros2_humble/install/examples_rclpy_minimal_action_client:/home/waves/ros2_humble/install/examples_rclpy_guard_conditions:/home/waves/ros2_humble/install/examples_rclpy_executors:/home/waves/ros2_humble/install/demo_nodes_py:/home/waves/ros2_humble/install/camera_info_manager_py:/home/waves/ros2_humble/install/action_tutorials_py:/home/waves/ros2_humble/install/ament_uncrustify:/home/waves/ros2_humble/install/tracetools_trace:/home/waves/ros2_humble/install/tracetools_read:/home/waves/ros2_humble/install/test_tracetools_launch:/home/waves/ros2_humble/install/test_launch_ros:/home/waves/ros2_humble/install/sensor_msgs_py:/home/waves/ros2_humble/install/rpyutils:/home/waves/ros2_humble/install/rosidl_runtime_py:/home/waves/ros2_humble/install/rosidl_cli:/home/waves/ros2_humble/install/launch_pytest:/home/waves/ros2_humble/install/launch_testing:/home/waves/ros2_humble/install/launch_yaml:/home/waves/ros2_humble/install/launch_xml:/home/waves/ros2_humble/install/launch:/home/waves/ros2_humble/install/osrf_pycommon:/home/waves/ros2_humble/install/domain_coordinator:/home/waves/ros2_humble/install/ament_xmllint:/home/waves/ros2_humble/install/ament_pyflakes:/home/waves/ros2_humble/install/ament_pycodestyle:/home/waves/ros2_humble/install/ament_pep257:/home/waves/ros2_humble/install/ament_pclint:/home/waves/ros2_humble/install/ament_package:/home/waves/ros2_humble/install/ament_mypy:/home/waves/ros2_humble/install/ament_lint_cmake:/home/waves/ros2_humble/install/ament_flake8:/home/waves/ros2_humble/install/ament_copyright:/home/waves/ros2_humble/install/ament_lint:/home/waves/ros2_humble/install/ament_index_python:/home/waves/ros2_humble/install/ament_cpplint:/home/waves/ros2_humble/install/ament_cppcheck:/home/waves/ros2_humble/install/ament_clang_tidy:/home/waves/ros2_humble/install/ament_clang_format:/home/waves/ros2_sim/install/hexapod_description:/home/waves/ros2_sim/install/hexapod:/home/waves/ros2_sim/install/franka:/home/waves/ros2_humble/install/rosbag2_storage_mcap:/home/waves/ros2_humble/install/rosbag2:/home/waves/ros2_humble/install/rosbag2_compression_zstd:/home/waves/ros2_humble/install/mcap_vendor:/home/waves/ros2_humble/install/zstd_vendor:/home/waves/ros2_humble/install/rviz_visual_testing_framework:/home/waves/ros2_humble/install/rviz2:/home/waves/ros2_humble/install/rviz_default_plugins:/home/waves/ros2_humble/install/rviz_common:/home/waves/ros2_humble/install/rosbag2_py:/home/waves/ros2_humble/install/rosbag2_transport:/home/waves/ros2_humble/install/rosbag2_storage_default_plugins:/home/waves/ros2_humble/install/rosbag2_performance_benchmarking:/home/waves/ros2_humble/install/rosbag2_compression:/home/waves/ros2_humble/install/rosbag2_cpp:/home/waves/ros2_humble/install/rosbag2_storage:/home/waves/ros2_humble/install/image_common:/home/waves/ros2_humble/install/camera_info_manager:/home/waves/ros2_humble/install/camera_calibration_parsers:/home/waves/ros2_humble/install/yaml_cpp_vendor:/home/waves/ros2_humble/install/interactive_markers:/home/waves/ros2_humble/install/common_interfaces:/home/waves/ros2_humble/install/visualization_msgs:/home/waves/ros2_humble/install/dummy_robot_bringup:/home/waves/ros2_humble/install/robot_state_publisher:/home/waves/ros2_humble/install/kdl_parser:/home/waves/ros2_humble/install/urdf:/home/waves/ros2_humble/install/urdfdom:/home/waves/ros2_humble/install/urdf_parser_plugin:/home/waves/ros2_humble/install/urdfdom_headers:/home/waves/ros2_humble/install/turtlesim:/home/waves/ros2_humble/install/geometry2:/home/waves/ros2_humble/install/tf2_sensor_msgs:/home/waves/ros2_humble/install/test_tf2:/home/waves/ros2_humble/install/tf2_kdl:/home/waves/ros2_humble/install/tf2_geometry_msgs:/home/waves/ros2_humble/install/tf2_eigen:/home/waves/ros2_humble/install/tf2_bullet:/home/waves/ros2_humble/install/tf2_ros:/home/waves/ros2_humble/install/tf2_py:/home/waves/ros2_humble/install/tf2_msgs:/home/waves/ros2_humble/install/test_msgs:/home/waves/ros2_humble/install/sros2_cmake:/home/waves/ros2_humble/install/ros2cli_common_extensions:/home/waves/ros2_humble/install/rqt_py_common:/home/waves/ros2_humble/install/rosbag2_storage_mcap_testdata:/home/waves/ros2_humble/install/ros_testing:/home/waves/ros2_humble/install/ros2cli_test_interfaces:/home/waves/ros2_humble/install/quality_of_service_demo_cpp:/home/waves/ros2_humble/install/image_transport:/home/waves/ros2_humble/install/message_filters:/home/waves/ros2_humble/install/demo_nodes_cpp:/home/waves/ros2_humble/install/composition:/home/waves/ros2_humble/install/laser_geometry:/home/waves/ros2_humble/install/rclpy:/home/waves/ros2_humble/install/examples_rclcpp_minimal_action_server:/home/waves/ros2_humble/install/examples_rclcpp_minimal_action_client:/home/waves/ros2_humble/install/action_tutorials_cpp:/home/waves/ros2_humble/install/rclcpp_action:/home/waves/ros2_humble/install/rcl_action:/home/waves/ros2_humble/install/examples_rclcpp_wait_set:/home/waves/ros2_humble/install/examples_rclcpp_minimal_service:/home/waves/ros2_humble/install/examples_rclcpp_minimal_client:/home/waves/ros2_humble/install/examples_rclcpp_async_client:/home/waves/ros2_humble/install/example_interfaces:/home/waves/ros2_humble/install/action_tutorials_interfaces:/home/waves/ros2_humble/install/action_msgs:/home/waves/ros2_humble/install/unique_identifier_msgs:/home/waves/ros2_humble/install/ament_lint_common:/home/waves/ros2_humble/install/ament_cmake_uncrustify:/home/waves/ros2_humble/install/uncrustify_vendor:/home/waves/ros2_humble/install/trajectory_msgs:/home/waves/ros2_humble/install/topic_statistics_demo:/home/waves/ros2_humble/install/pendulum_control:/home/waves/ros2_humble/install/tlsf_cpp:/home/waves/ros2_humble/install/test_tracetools:/home/waves/ros2_humble/install/rqt_gui_cpp:/home/waves/ros2_humble/install/rosbag2_test_common:/home/waves/ros2_humble/install/ros2lifecycle_test_fixtures:/home/waves/ros2_humble/install/lifecycle:/home/waves/ros2_humble/install/rclcpp_lifecycle:/home/waves/ros2_humble/install/logging_demo:/home/waves/ros2_humble/install/image_tools:/home/waves/ros2_humble/install/examples_rclcpp_minimal_subscriber:/home/waves/ros2_humble/install/examples_rclcpp_minimal_composition:/home/waves/ros2_humble/install/demo_nodes_cpp_native:/home/waves/ros2_humble/install/rclcpp_components:/home/waves/ros2_humble/install/intra_process_demo:/home/waves/ros2_humble/install/examples_rclcpp_multithreaded_executor:/home/waves/ros2_humble/install/examples_rclcpp_minimal_timer:/home/waves/ros2_humble/install/examples_rclcpp_minimal_publisher:/home/waves/ros2_humble/install/examples_rclcpp_cbg_executor:/home/waves/ros2_humble/install/dummy_sensors:/home/waves/ros2_humble/install/dummy_map_server:/home/waves/ros2_humble/install/rclcpp:/home/waves/ros2_humble/install/rcl_lifecycle:/home/waves/ros2_humble/install/libstatistics_collector:/home/waves/ros2_humble/install/rcl:/home/waves/ros2_humble/install/rmw_implementation:/home/waves/ros2_humble/install/rmw_fastrtps_dynamic_cpp:/home/waves/ros2_humble/install/rmw_fastrtps_cpp:/home/waves/ros2_humble/install/rmw_fastrtps_shared_cpp:/home/waves/ros2_humble/install/rmw_cyclonedds_cpp:/home/waves/ros2_humble/install/tracetools:/home/waves/ros2_humble/install/tlsf:/home/waves/ros2_humble/install/tinyxml_vendor:/home/waves/ros2_humble/install/qt_gui_core:/home/waves/ros2_humble/install/qt_gui_cpp:/home/waves/ros2_humble/install/pluginlib:/home/waves/ros2_humble/install/tinyxml2_vendor:/home/waves/ros2_humble/install/tf2_eigen_kdl:/home/waves/ros2_humble/install/tf2:/home/waves/ros2_humble/install/test_security:/home/waves/ros2_humble/install/test_rmw_implementation:/home/waves/ros2_humble/install/test_rclcpp:/home/waves/ros2_humble/install/test_quality_of_service:/home/waves/ros2_humble/install/test_launch_testing:/home/waves/ros2_humble/install/test_interface_files:/home/waves/ros2_humble/install/test_communication:/home/waves/ros2_humble/install/test_cli_remapping:/home/waves/ros2_humble/install/test_cli:/home/waves/ros2_humble/install/qt_gui_app:/home/waves/ros2_humble/install/qt_gui:/home/waves/ros2_humble/install/tango_icons_vendor:/home/waves/ros2_humble/install/stereo_msgs:/home/waves/ros2_humble/install/std_srvs:/home/waves/ros2_humble/install/shape_msgs:/home/waves/ros2_humble/install/map_msgs:/home/waves/ros2_humble/install/sensor_msgs:/home/waves/ros2_humble/install/nav_msgs:/home/waves/ros2_humble/install/diagnostic_msgs:/home/waves/ros2_humble/install/geometry_msgs:/home/waves/ros2_humble/install/actionlib_msgs:/home/waves/ros2_humble/install/std_msgs:/home/waves/ros2_humble/install/statistics_msgs:/home/waves/ros2_humble/install/sqlite3_vendor:/home/waves/ros2_humble/install/rcl_logging_spdlog:/home/waves/ros2_humble/install/spdlog_vendor:/home/waves/ros2_humble/install/shared_queues_vendor:/home/waves/ros2_humble/install/rviz_rendering_tests:/home/waves/ros2_humble/install/rviz_rendering:/home/waves/ros2_humble/install/rviz_ogre_vendor:/home/waves/ros2_humble/install/rviz_assimp_vendor:/home/waves/ros2_humble/install/rttest:/home/waves/ros2_humble/install/rmw_connextddsmicro:/home/waves/ros2_humble/install/rmw_connextdds:/home/waves/ros2_humble/install/rmw_connextdds_common:/home/waves/ros2_humble/install/rti_connext_dds_cmake_module:/home/waves/ros2_humble/install/rosgraph_msgs:/home/waves/ros2_humble/install/rosbag2_interfaces:/home/waves/ros2_humble/install/rmw_dds_common:/home/waves/ros2_humble/install/composition_interfaces:/home/waves/ros2_humble/install/rcl_interfaces:/home/waves/ros2_humble/install/pendulum_msgs:/home/waves/ros2_humble/install/lifecycle_msgs:/home/waves/ros2_humble/install/builtin_interfaces:/home/waves/ros2_humble/install/rosidl_default_runtime:/home/waves/ros2_humble/install/rosidl_default_generators:/home/waves/ros2_humble/install/rosidl_generator_py:/home/waves/ros2_humble/install/rosidl_typesupport_introspection_tests:/home/waves/ros2_humble/install/rosidl_typesupport_cpp:/home/waves/ros2_humble/install/rosidl_typesupport_introspection_cpp:/home/waves/ros2_humble/install/rosidl_typesupport_c:/home/waves/ros2_humble/install/rosidl_typesupport_introspection_c:/home/waves/ros2_humble/install/rosidl_typesupport_fastrtps_c:/home/waves/ros2_humble/install/rosidl_typesupport_fastrtps_cpp:/home/waves/ros2_humble/install/rosidl_generator_cpp:/home/waves/ros2_humble/install/rosidl_runtime_cpp:/home/waves/ros2_humble/install/rcl_yaml_param_parser:/home/waves/ros2_humble/install/rmw:/home/waves/ros2_humble/install/rosidl_runtime_c:/home/waves/ros2_humble/install/rosidl_generator_c:/home/waves/ros2_humble/install/rosidl_typesupport_interface:/home/waves/ros2_humble/install/rosidl_generator_dds_idl:/home/waves/ros2_humble/install/rosidl_cmake:/home/waves/ros2_humble/install/rosidl_parser:/home/waves/ros2_humble/install/rosidl_adapter:/home/waves/ros2_humble/install/rosbag2_tests:/home/waves/ros2_humble/install/ros_environment:/home/waves/ros2_humble/install/rmw_implementation_cmake:/home/waves/ros2_humble/install/resource_retriever:/home/waves/ros2_humble/install/class_loader:/home/waves/ros2_humble/install/rcpputils:/home/waves/ros2_humble/install/rcl_logging_noop:/home/waves/ros2_humble/install/rcl_logging_interface:/home/waves/ros2_humble/install/rcutils:/home/waves/ros2_humble/install/qt_gui_py_common:/home/waves/ros2_humble/install/qt_dotgraph:/home/waves/ros2_humble/install/python_qt_binding:/home/waves/ros2_humble/install/python_orocos_kdl_vendor:/home/waves/ros2_humble/install/launch_testing_ament_cmake:/home/waves/ros2_humble/install/python_cmake_module:/home/waves/ros2_humble/install/pybind11_vendor:/home/waves/ros2_humble/install/performance_test_fixture:/home/waves/ros2_humble/install/osrf_testing_tools_cpp:/home/waves/ros2_humble/install/orocos_kdl_vendor:/home/waves/ros2_humble/install/mimick_vendor:/home/waves/ros2_humble/install/libyaml_vendor:/home/waves/ros2_humble/install/libcurl_vendor:/home/waves/ros2_humble/install/keyboard_handler:/home/waves/ros2_humble/install/iceoryx_introspection:/home/waves/ros2_humble/install/cyclonedds:/home/waves/ros2_humble/install/iceoryx_posh:/home/waves/ros2_humble/install/iceoryx_hoofs:/home/waves/ros2_humble/install/iceoryx_binding_c:/home/waves/ros2_humble/install/ament_cmake_ros:/home/waves/ros2_humble/install/ament_cmake_auto:/home/waves/ros2_humble/install/ament_cmake_gmock:/home/waves/ros2_humble/install/gmock_vendor:/home/waves/ros2_humble/install/ament_cmake_gtest:/home/waves/ros2_humble/install/gtest_vendor:/home/waves/ros2_humble/install/ament_cmake_google_benchmark:/home/waves/ros2_humble/install/google_benchmark_vendor:/home/waves/ros2_humble/install/fastrtps:/home/waves/ros2_humble/install/foonathan_memory_vendor:/home/waves/ros2_humble/install/fastrtps_cmake_module:/home/waves/ros2_humble/install/fastcdr:/home/waves/ros2_humble/install/eigen3_cmake_module:/home/waves/ros2_humble/install/console_bridge_vendor:/home/waves/ros2_humble/install/ament_cmake_xmllint:/home/waves/ros2_humble/install/ament_cmake_pyflakes:/home/waves/ros2_humble/install/ament_cmake_pycodestyle:/home/waves/ros2_humble/install/ament_cmake_pep257:/home/waves/ros2_humble/install/ament_cmake_pclint:/home/waves/ros2_humble/install/ament_lint_auto:/home/waves/ros2_humble/install/ament_cmake:/home/waves/ros2_humble/install/ament_cmake_version:/home/waves/ros2_humble/install/ament_cmake_vendor_package:/home/waves/ros2_humble/install/ament_cmake_pytest:/home/waves/ros2_humble/install/ament_cmake_nose:/home/waves/ros2_humble/install/ament_cmake_mypy:/home/waves/ros2_humble/install/ament_cmake_lint_cmake:/home/waves/ros2_humble/install/ament_cmake_flake8:/home/waves/ros2_humble/install/ament_cmake_cpplint:/home/waves/ros2_humble/install/ament_cmake_cppcheck:/home/waves/ros2_humble/install/ament_cmake_copyright:/home/waves/ros2_humble/install/ament_cmake_clang_tidy:/home/waves/ros2_humble/install/ament_cmake_clang_format:/home/waves/ros2_humble/install/ament_cmake_test:/home/waves/ros2_humble/install/ament_cmake_target_dependencies:/home/waves/ros2_humble/install/ament_cmake_python:/home/waves/ros2_humble/install/ament_cmake_export_dependencies:/home/waves/ros2_humble/install/ament_cmake_libraries:/home/waves/ros2_humble/install/ament_cmake_include_directories:/home/waves/ros2_humble/install/ament_cmake_gen_version_h:/home/waves/ros2_humble/install/ament_cmake_export_targets:/home/waves/ros2_humble/install/ament_cmake_export_link_flags:/home/waves/ros2_humble/install/ament_cmake_export_interfaces:/home/waves/ros2_humble/install/ament_cmake_export_libraries:/home/waves/ros2_humble/install/ament_cmake_export_include_directories:/home/waves/ros2_humble/install/ament_cmake_export_definitions:/home/waves/ros2_humble/install/ament_cmake_core:/home/waves/ros2_humble/install/ament_index_cpp /usr/bin/cmake --install /home/waves/hexapod/build/hexapod_interfaces
[4.932s] Level 1:colcon.colcon_core.environment:create_environment_scripts_only(hexapod_interfaces)
[4.932s] DEBUG:colcon.colcon_core.event_handler.log_command:Invoked command in '/home/waves/hexapod/build/hexapod_interfaces' returned '0': CMAKE_PREFIX_PATH=/home/waves/hexapod/install/hexapod_services:/home/waves/hexapod/install/hexapod_control:/home/waves/hexapod/install/hexapod_interfaces:/home/waves/ros2_ws/install/video_runner:/home/waves/ros2_ws/install/robotics_class:/home/waves/ros2_ws/install/my_robot_bringup:/home/waves/ros2_ws/install/my_cpp_prac:/home/waves/ros2_ws/install/my_cpp_pkg:/home/waves/ros2_ws/install/act_5:/home/waves/ros2_ws/install/my_interface:/home/waves/ros2_ws/install/buffer:/home/waves/research/install/cobots:/home/waves/ros2_sim/install/ros2_control_demos:/home/waves/ros2_sim/install/ros2_control_demo_description:/home/waves/ros2_sim/install/my_robot_sim:/home/waves/ros2_sim/install/humanoid:/home/waves/ros2_sim/install/hopper_sim:/home/waves/ros2_sim/install/hopper_description:/home/waves/hexapod/install/hexapod_communication:/home/waves/ros2_ws/install/my_py_pkg:/opt/ros/humble:/home/waves/ros2_humble/install/rqt_bag_plugins:/home/waves/ros2_humble/install/rqt_bag:/home/waves/ros2_humble/install/launch_testing_examples:/home/waves/ros2_humble/install/ros2bag:/home/waves/ros2_humble/install/tracetools_test:/home/waves/ros2_humble/install/tracetools_launch:/home/waves/ros2_humble/install/topic_monitor:/home/waves/ros2_humble/install/tf2_tools:/home/waves/ros2_humble/install/examples_tf2_py:/home/waves/ros2_humble/install/tf2_ros_py:/home/waves/ros2_humble/install/sros2:/home/waves/ros2_humble/install/rqt_topic:/home/waves/ros2_humble/install/rqt_srv:/home/waves/ros2_humble/install/rqt_shell:/home/waves/ros2_humble/install/rqt_service_caller:/home/waves/ros2_humble/install/rqt_reconfigure:/home/waves/ros2_humble/install/rqt_py_console:/home/waves/ros2_humble/install/rqt_publisher:/home/waves/ros2_humble/install/rqt_plot:/home/waves/ros2_humble/install/rqt_action:/home/waves/ros2_humble/install/rqt_msg:/home/waves/ros2_humble/install/rqt_console:/home/waves/ros2_humble/install/rqt:/home/waves/ros2_humble/install/rqt_graph:/home/waves/ros2_humble/install/rqt_gui_py:/home/waves/ros2_humble/install/rqt_gui:/home/waves/ros2_humble/install/ros2trace:/home/waves/ros2_humble/install/ros2topic:/home/waves/ros2_humble/install/ros2test:/home/waves/ros2_humble/install/ros2component:/home/waves/ros2_humble/install/ros2param:/home/waves/ros2_humble/install/ros2lifecycle:/home/waves/ros2_humble/install/ros2service:/home/waves/ros2_humble/install/ros2run:/home/waves/ros2_humble/install/ros2launch:/home/waves/ros2_humble/install/ros2pkg:/home/waves/ros2_humble/install/ros2node:/home/waves/ros2_humble/install/ros2multicast:/home/waves/ros2_humble/install/ros2interface:/home/waves/ros2_humble/install/ros2doctor:/home/waves/ros2_humble/install/ros2action:/home/waves/ros2_humble/install/ros2cli:/home/waves/ros2_humble/install/quality_of_service_demo_py:/home/waves/ros2_humble/install/lifecycle_py:/home/waves/ros2_humble/install/launch_testing_ros:/home/waves/ros2_humble/install/launch_ros:/home/waves/ros2_humble/install/examples_rclpy_pointcloud_publisher:/home/waves/ros2_humble/install/examples_rclpy_minimal_subscriber:/home/waves/ros2_humble/install/examples_rclpy_minimal_service:/home/waves/ros2_humble/install/examples_rclpy_minimal_publisher:/home/waves/ros2_humble/install/examples_rclpy_minimal_client:/home/waves/ros2_humble/install/examples_rclpy_minimal_action_server:/home/waves/ros2_humble/install/examples_rclpy_minimal_action_client:/home/waves/ros2_humble/install/examples_rclpy_guard_conditions:/home/waves/ros2_humble/install/examples_rclpy_executors:/home/waves/ros2_humble/install/demo_nodes_py:/home/waves/ros2_humble/install/camera_info_manager_py:/home/waves/ros2_humble/install/action_tutorials_py:/home/waves/ros2_humble/install/ament_uncrustify:/home/waves/ros2_humble/install/tracetools_trace:/home/waves/ros2_humble/install/tracetools_read:/home/waves/ros2_humble/install/test_tracetools_launch:/home/waves/ros2_humble/install/test_launch_ros:/home/waves/ros2_humble/install/sensor_msgs_py:/home/waves/ros2_humble/install/rpyutils:/home/waves/ros2_humble/install/rosidl_runtime_py:/home/waves/ros2_humble/install/rosidl_cli:/home/waves/ros2_humble/install/launch_pytest:/home/waves/ros2_humble/install/launch_testing:/home/waves/ros2_humble/install/launch_yaml:/home/waves/ros2_humble/install/launch_xml:/home/waves/ros2_humble/install/launch:/home/waves/ros2_humble/install/osrf_pycommon:/home/waves/ros2_humble/install/domain_coordinator:/home/waves/ros2_humble/install/ament_xmllint:/home/waves/ros2_humble/install/ament_pyflakes:/home/waves/ros2_humble/install/ament_pycodestyle:/home/waves/ros2_humble/install/ament_pep257:/home/waves/ros2_humble/install/ament_pclint:/home/waves/ros2_humble/install/ament_package:/home/waves/ros2_humble/install/ament_mypy:/home/waves/ros2_humble/install/ament_lint_cmake:/home/waves/ros2_humble/install/ament_flake8:/home/waves/ros2_humble/install/ament_copyright:/home/waves/ros2_humble/install/ament_lint:/home/waves/ros2_humble/install/ament_index_python:/home/waves/ros2_humble/install/ament_cpplint:/home/waves/ros2_humble/install/ament_cppcheck:/home/waves/ros2_humble/install/ament_clang_tidy:/home/waves/ros2_humble/install/ament_clang_format:/home/waves/ros2_sim/install/hexapod_description:/home/waves/ros2_sim/install/hexapod:/home/waves/ros2_sim/install/franka:/home/waves/ros2_humble/install/rosbag2_storage_mcap:/home/waves/ros2_humble/install/rosbag2:/home/waves/ros2_humble/install/rosbag2_compression_zstd:/home/waves/ros2_humble/install/mcap_vendor:/home/waves/ros2_humble/install/zstd_vendor:/home/waves/ros2_humble/install/rviz_visual_testing_framework:/home/waves/ros2_humble/install/rviz2:/home/waves/ros2_humble/install/rviz_default_plugins:/home/waves/ros2_humble/install/rviz_common:/home/waves/ros2_humble/install/rosbag2_py:/home/waves/ros2_humble/install/rosbag2_transport:/home/waves/ros2_humble/install/rosbag2_storage_default_plugins:/home/waves/ros2_humble/install/rosbag2_performance_benchmarking:/home/waves/ros2_humble/install/rosbag2_compression:/home/waves/ros2_humble/install/rosbag2_cpp:/home/waves/ros2_humble/install/rosbag2_storage:/home/waves/ros2_humble/install/image_common:/home/waves/ros2_humble/install/camera_info_manager:/home/waves/ros2_humble/install/camera_calibration_parsers:/home/waves/ros2_humble/install/yaml_cpp_vendor:/home/waves/ros2_humble/install/interactive_markers:/home/waves/ros2_humble/install/common_interfaces:/home/waves/ros2_humble/install/visualization_msgs:/home/waves/ros2_humble/install/dummy_robot_bringup:/home/waves/ros2_humble/install/robot_state_publisher:/home/waves/ros2_humble/install/kdl_parser:/home/waves/ros2_humble/install/urdf:/home/waves/ros2_humble/install/urdfdom:/home/waves/ros2_humble/install/urdf_parser_plugin:/home/waves/ros2_humble/install/urdfdom_headers:/home/waves/ros2_humble/install/turtlesim:/home/waves/ros2_humble/install/geometry2:/home/waves/ros2_humble/install/tf2_sensor_msgs:/home/waves/ros2_humble/install/test_tf2:/home/waves/ros2_humble/install/tf2_kdl:/home/waves/ros2_humble/install/tf2_geometry_msgs:/home/waves/ros2_humble/install/tf2_eigen:/home/waves/ros2_humble/install/tf2_bullet:/home/waves/ros2_humble/install/tf2_ros:/home/waves/ros2_humble/install/tf2_py:/home/waves/ros2_humble/install/tf2_msgs:/home/waves/ros2_humble/install/test_msgs:/home/waves/ros2_humble/install/sros2_cmake:/home/waves/ros2_humble/install/ros2cli_common_extensions:/home/waves/ros2_humble/install/rqt_py_common:/home/waves/ros2_humble/install/rosbag2_storage_mcap_testdata:/home/waves/ros2_humble/install/ros_testing:/home/waves/ros2_humble/install/ros2cli_test_interfaces:/home/waves/ros2_humble/install/quality_of_service_demo_cpp:/home/waves/ros2_humble/install/image_transport:/home/waves/ros2_humble/install/message_filters:/home/waves/ros2_humble/install/demo_nodes_cpp:/home/waves/ros2_humble/install/composition:/home/waves/ros2_humble/install/laser_geometry:/home/waves/ros2_humble/install/rclpy:/home/waves/ros2_humble/install/examples_rclcpp_minimal_action_server:/home/waves/ros2_humble/install/examples_rclcpp_minimal_action_client:/home/waves/ros2_humble/install/action_tutorials_cpp:/home/waves/ros2_humble/install/rclcpp_action:/home/waves/ros2_humble/install/rcl_action:/home/waves/ros2_humble/install/examples_rclcpp_wait_set:/home/waves/ros2_humble/install/examples_rclcpp_minimal_service:/home/waves/ros2_humble/install/examples_rclcpp_minimal_client:/home/waves/ros2_humble/install/examples_rclcpp_async_client:/home/waves/ros2_humble/install/example_interfaces:/home/waves/ros2_humble/install/action_tutorials_interfaces:/home/waves/ros2_humble/install/action_msgs:/home/waves/ros2_humble/install/unique_identifier_msgs:/home/waves/ros2_humble/install/ament_lint_common:/home/waves/ros2_humble/install/ament_cmake_uncrustify:/home/waves/ros2_humble/install/uncrustify_vendor:/home/waves/ros2_humble/install/trajectory_msgs:/home/waves/ros2_humble/install/topic_statistics_demo:/home/waves/ros2_humble/install/pendulum_control:/home/waves/ros2_humble/install/tlsf_cpp:/home/waves/ros2_humble/install/test_tracetools:/home/waves/ros2_humble/install/rqt_gui_cpp:/home/waves/ros2_humble/install/rosbag2_test_common:/home/waves/ros2_humble/install/ros2lifecycle_test_fixtures:/home/waves/ros2_humble/install/lifecycle:/home/waves/ros2_humble/install/rclcpp_lifecycle:/home/waves/ros2_humble/install/logging_demo:/home/waves/ros2_humble/install/image_tools:/home/waves/ros2_humble/install/examples_rclcpp_minimal_subscriber:/home/waves/ros2_humble/install/examples_rclcpp_minimal_composition:/home/waves/ros2_humble/install/demo_nodes_cpp_native:/home/waves/ros2_humble/install/rclcpp_components:/home/waves/ros2_humble/install/intra_process_demo:/home/waves/ros2_humble/install/examples_rclcpp_multithreaded_executor:/home/waves/ros2_humble/install/examples_rclcpp_minimal_timer:/home/waves/ros2_humble/install/examples_rclcpp_minimal_publisher:/home/waves/ros2_humble/install/examples_rclcpp_cbg_executor:/home/waves/ros2_humble/install/dummy_sensors:/home/waves/ros2_humble/install/dummy_map_server:/home/waves/ros2_humble/install/rclcpp:/home/waves/ros2_humble/install/rcl_lifecycle:/home/waves/ros2_humble/install/libstatistics_collector:/home/waves/ros2_humble/install/rcl:/home/waves/ros2_humble/install/rmw_implementation:/home/waves/ros2_humble/install/rmw_fastrtps_dynamic_cpp:/home/waves/ros2_humble/install/rmw_fastrtps_cpp:/home/waves/ros2_humble/install/rmw_fastrtps_shared_cpp:/home/waves/ros2_humble/install/rmw_cyclonedds_cpp:/home/waves/ros2_humble/install/tracetools:/home/waves/ros2_humble/install/tlsf:/home/waves/ros2_humble/install/tinyxml_vendor:/home/waves/ros2_humble/install/qt_gui_core:/home/waves/ros2_humble/install/qt_gui_cpp:/home/waves/ros2_humble/install/pluginlib:/home/waves/ros2_humble/install/tinyxml2_vendor:/home/waves/ros2_humble/install/tf2_eigen_kdl:/home/waves/ros2_humble/install/tf2:/home/waves/ros2_humble/install/test_security:/home/waves/ros2_humble/install/test_rmw_implementation:/home/waves/ros2_humble/install/test_rclcpp:/home/waves/ros2_humble/install/test_quality_of_service:/home/waves/ros2_humble/install/test_launch_testing:/home/waves/ros2_humble/install/test_interface_files:/home/waves/ros2_humble/install/test_communication:/home/waves/ros2_humble/install/test_cli_remapping:/home/waves/ros2_humble/install/test_cli:/home/waves/ros2_humble/install/qt_gui_app:/home/waves/ros2_humble/install/qt_gui:/home/waves/ros2_humble/install/tango_icons_vendor:/home/waves/ros2_humble/install/stereo_msgs:/home/waves/ros2_humble/install/std_srvs:/home/waves/ros2_humble/install/shape_msgs:/home/waves/ros2_humble/install/map_msgs:/home/waves/ros2_humble/install/sensor_msgs:/home/waves/ros2_humble/install/nav_msgs:/home/waves/ros2_humble/install/diagnostic_msgs:/home/waves/ros2_humble/install/geometry_msgs:/home/waves/ros2_humble/install/actionlib_msgs:/home/waves/ros2_humble/install/std_msgs:/home/waves/ros2_humble/install/statistics_msgs:/home/waves/ros2_humble/install/sqlite3_vendor:/home/waves/ros2_humble/install/rcl_logging_spdlog:/home/waves/ros2_humble/install/spdlog_vendor:/home/waves/ros2_humble/install/shared_queues_vendor:/home/waves/ros2_humble/install/rviz_rendering_tests:/home/waves/ros2_humble/install/rviz_rendering:/home/waves/ros2_humble/install/rviz_ogre_vendor:/home/waves/ros2_humble/install/rviz_assimp_vendor:/home/waves/ros2_humble/install/rttest:/home/waves/ros2_humble/install/rmw_connextddsmicro:/home/waves/ros2_humble/install/rmw_connextdds:/home/waves/ros2_humble/install/rmw_connextdds_common:/home/waves/ros2_humble/install/rti_connext_dds_cmake_module:/home/waves/ros2_humble/install/rosgraph_msgs:/home/waves/ros2_humble/install/rosbag2_interfaces:/home/waves/ros2_humble/install/rmw_dds_common:/home/waves/ros2_humble/install/composition_interfaces:/home/waves/ros2_humble/install/rcl_interfaces:/home/waves/ros2_humble/install/pendulum_msgs:/home/waves/ros2_humble/install/lifecycle_msgs:/home/waves/ros2_humble/install/builtin_interfaces:/home/waves/ros2_humble/install/rosidl_default_runtime:/home/waves/ros2_humble/install/rosidl_default_generators:/home/waves/ros2_humble/install/rosidl_generator_py:/home/waves/ros2_humble/install/rosidl_typesupport_introspection_tests:/home/waves/ros2_humble/install/rosidl_typesupport_cpp:/home/waves/ros2_humble/install/rosidl_typesupport_introspection_cpp:/home/waves/ros2_humble/install/rosidl_typesupport_c:/home/waves/ros2_humble/install/rosidl_typesupport_introspection_c:/home/waves/ros2_humble/install/rosidl_typesupport_fastrtps_c:/home/waves/ros2_humble/install/rosidl_typesupport_fastrtps_cpp:/home/waves/ros2_humble/install/rosidl_generator_cpp:/home/waves/ros2_humble/install/rosidl_runtime_cpp:/home/waves/ros2_humble/install/rcl_yaml_param_parser:/home/waves/ros2_humble/install/rmw:/home/waves/ros2_humble/install/rosidl_runtime_c:/home/waves/ros2_humble/install/rosidl_generator_c:/home/waves/ros2_humble/install/rosidl_typesupport_interface:/home/waves/ros2_humble/install/rosidl_generator_dds_idl:/home/waves/ros2_humble/install/rosidl_cmake:/home/waves/ros2_humble/install/rosidl_parser:/home/waves/ros2_humble/install/rosidl_adapter:/home/waves/ros2_humble/install/rosbag2_tests:/home/waves/ros2_humble/install/ros_environment:/home/waves/ros2_humble/install/rmw_implementation_cmake:/home/waves/ros2_humble/install/resource_retriever:/home/waves/ros2_humble/install/class_loader:/home/waves/ros2_humble/install/rcpputils:/home/waves/ros2_humble/install/rcl_logging_noop:/home/waves/ros2_humble/install/rcl_logging_interface:/home/waves/ros2_humble/install/rcutils:/home/waves/ros2_humble/install/qt_gui_py_common:/home/waves/ros2_humble/install/qt_dotgraph:/home/waves/ros2_humble/install/python_qt_binding:/home/waves/ros2_humble/install/python_orocos_kdl_vendor:/home/waves/ros2_humble/install/launch_testing_ament_cmake:/home/waves/ros2_humble/install/python_cmake_module:/home/waves/ros2_humble/install/pybind11_vendor:/home/waves/ros2_humble/install/performance_test_fixture:/home/waves/ros2_humble/install/osrf_testing_tools_cpp:/home/waves/ros2_humble/install/orocos_kdl_vendor:/home/waves/ros2_humble/install/mimick_vendor:/home/waves/ros2_humble/install/libyaml_vendor:/home/waves/ros2_humble/install/libcurl_vendor:/home/waves/ros2_humble/install/keyboard_handler:/home/waves/ros2_humble/install/iceoryx_introspection:/home/waves/ros2_humble/install/cyclonedds:/home/waves/ros2_humble/install/iceoryx_posh:/home/waves/ros2_humble/install/iceoryx_hoofs:/home/waves/ros2_humble/install/iceoryx_binding_c:/home/waves/ros2_humble/install/ament_cmake_ros:/home/waves/ros2_humble/install/ament_cmake_auto:/home/waves/ros2_humble/install/ament_cmake_gmock:/home/waves/ros2_humble/install/gmock_vendor:/home/waves/ros2_humble/install/ament_cmake_gtest:/home/waves/ros2_humble/install/gtest_vendor:/home/waves/ros2_humble/install/ament_cmake_google_benchmark:/home/waves/ros2_humble/install/google_benchmark_vendor:/home/waves/ros2_humble/install/fastrtps:/home/waves/ros2_humble/install/foonathan_memory_vendor:/home/waves/ros2_humble/install/fastrtps_cmake_module:/home/waves/ros2_humble/install/fastcdr:/home/waves/ros2_humble/install/eigen3_cmake_module:/home/waves/ros2_humble/install/console_bridge_vendor:/home/waves/ros2_humble/install/ament_cmake_xmllint:/home/waves/ros2_humble/install/ament_cmake_pyflakes:/home/waves/ros2_humble/install/ament_cmake_pycodestyle:/home/waves/ros2_humble/install/ament_cmake_pep257:/home/waves/ros2_humble/install/ament_cmake_pclint:/home/waves/ros2_humble/install/ament_lint_auto:/home/waves/ros2_humble/install/ament_cmake:/home/waves/ros2_humble/install/ament_cmake_version:/home/waves/ros2_humble/install/ament_cmake_vendor_package:/home/waves/ros2_humble/install/ament_cmake_pytest:/home/waves/ros2_humble/install/ament_cmake_nose:/home/waves/ros2_humble/install/ament_cmake_mypy:/home/waves/ros2_humble/install/ament_cmake_lint_cmake:/home/waves/ros2_humble/install/ament_cmake_flake8:/home/waves/ros2_humble/install/ament_cmake_cpplint:/home/waves/ros2_humble/install/ament_cmake_cppcheck:/home/waves/ros2_humble/install/ament_cmake_copyright:/home/waves/ros2_humble/install/ament_cmake_clang_tidy:/home/waves/ros2_humble/install/ament_cmake_clang_format:/home/waves/ros2_humble/install/ament_cmake_test:/home/waves/ros2_humble/install/ament_cmake_target_dependencies:/home/waves/ros2_humble/install/ament_cmake_python:/home/waves/ros2_humble/install/ament_cmake_export_dependencies:/home/waves/ros2_humble/install/ament_cmake_libraries:/home/waves/ros2_humble/install/ament_cmake_include_directories:/home/waves/ros2_humble/install/ament_cmake_gen_version_h:/home/waves/ros2_humble/install/ament_cmake_export_targets:/home/waves/ros2_humble/install/ament_cmake_export_link_flags:/home/waves/ros2_humble/install/ament_cmake_export_interfaces:/home/waves/ros2_humble/install/ament_cmake_export_libraries:/home/waves/ros2_humble/install/ament_cmake_export_include_directories:/home/waves/ros2_humble/install/ament_cmake_export_definitions:/home/waves/ros2_humble/install/ament_cmake_core:/home/waves/ros2_humble/install/ament_index_cpp /usr/bin/cmake --install /home/waves/hexapod/build/hexapod_interfaces
[4.933s] Level 1:colcon.colcon_core.environment:checking '/home/waves/hexapod/install/hexapod_interfaces' for CMake module files
[4.934s] Level 1:colcon.colcon_core.environment:checking '/home/waves/hexapod/install/hexapod_interfaces' for CMake config files
[4.934s] Level 1:colcon.colcon_core.shell:create_environment_hook('hexapod_interfaces', 'cmake_prefix_path')
[4.934s] INFO:colcon.colcon_core.shell:Creating environment hook '/home/waves/hexapod/install/hexapod_interfaces/share/hexapod_interfaces/hook/cmake_prefix_path.ps1'
[4.935s] INFO:colcon.colcon_core.shell:Creating environment descriptor '/home/waves/hexapod/install/hexapod_interfaces/share/hexapod_interfaces/hook/cmake_prefix_path.dsv'
[4.936s] INFO:colcon.colcon_core.shell:Creating environment hook '/home/waves/hexapod/install/hexapod_interfaces/share/hexapod_interfaces/hook/cmake_prefix_path.sh'
[4.937s] Level 1:colcon.colcon_core.environment:checking '/home/waves/hexapod/install/hexapod_interfaces/lib'
[4.938s] Level 1:colcon.colcon_core.shell:create_environment_hook('hexapod_interfaces', 'ld_library_path_lib')
[4.938s] INFO:colcon.colcon_core.shell:Creating environment hook '/home/waves/hexapod/install/hexapod_interfaces/share/hexapod_interfaces/hook/ld_library_path_lib.ps1'
[4.939s] INFO:colcon.colcon_core.shell:Creating environment descriptor '/home/waves/hexapod/install/hexapod_interfaces/share/hexapod_interfaces/hook/ld_library_path_lib.dsv'
[4.940s] INFO:colcon.colcon_core.shell:Creating environment hook '/home/waves/hexapod/install/hexapod_interfaces/share/hexapod_interfaces/hook/ld_library_path_lib.sh'
[4.941s] Level 1:colcon.colcon_core.environment:checking '/home/waves/hexapod/install/hexapod_interfaces/bin'
[4.941s] Level 1:colcon.colcon_core.environment:checking '/home/waves/hexapod/install/hexapod_interfaces/lib/pkgconfig/hexapod_interfaces.pc'
[4.941s] Level 1:colcon.colcon_core.environment:checking '/home/waves/hexapod/install/hexapod_interfaces/lib/python3.10/site-packages'
[4.942s] Level 1:colcon.colcon_core.environment:checking '/home/waves/hexapod/install/hexapod_interfaces/bin'
[4.942s] INFO:colcon.colcon_core.shell:Creating package script '/home/waves/hexapod/install/hexapod_interfaces/share/hexapod_interfaces/package.ps1'
[4.943s] INFO:colcon.colcon_core.shell:Creating package descriptor '/home/waves/hexapod/install/hexapod_interfaces/share/hexapod_interfaces/package.dsv'
[4.944s] INFO:colcon.colcon_core.shell:Creating package script '/home/waves/hexapod/install/hexapod_interfaces/share/hexapod_interfaces/package.sh'
[4.946s] INFO:colcon.colcon_core.shell:Creating package script '/home/waves/hexapod/install/hexapod_interfaces/share/hexapod_interfaces/package.bash'
[4.947s] INFO:colcon.colcon_core.shell:Creating package script '/home/waves/hexapod/install/hexapod_interfaces/share/hexapod_interfaces/package.zsh'
[4.947s] Level 1:colcon.colcon_core.environment:create_file_with_runtime_dependencies(/home/waves/hexapod/install/hexapod_interfaces/share/colcon-core/packages/hexapod_interfaces)
[4.949s] Level 1:colcon.colcon_core.environment:create_environment_scripts_only(hexapod_interfaces)
[4.949s] Level 1:colcon.colcon_core.environment:checking '/home/waves/hexapod/install/hexapod_interfaces' for CMake module files
[4.950s] Level 1:colcon.colcon_core.environment:checking '/home/waves/hexapod/install/hexapod_interfaces' for CMake config files
[4.950s] Level 1:colcon.colcon_core.shell:create_environment_hook('hexapod_interfaces', 'cmake_prefix_path')
[4.950s] INFO:colcon.colcon_core.shell:Creating environment hook '/home/waves/hexapod/install/hexapod_interfaces/share/hexapod_interfaces/hook/cmake_prefix_path.ps1'
[4.951s] INFO:colcon.colcon_core.shell:Creating environment descriptor '/home/waves/hexapod/install/hexapod_interfaces/share/hexapod_interfaces/hook/cmake_prefix_path.dsv'
[4.952s] INFO:colcon.colcon_core.shell:Creating environment hook '/home/waves/hexapod/install/hexapod_interfaces/share/hexapod_interfaces/hook/cmake_prefix_path.sh'
[4.953s] Level 1:colcon.colcon_core.environment:checking '/home/waves/hexapod/install/hexapod_interfaces/lib'
[4.953s] Level 1:colcon.colcon_core.shell:create_environment_hook('hexapod_interfaces', 'ld_library_path_lib')
[4.954s] INFO:colcon.colcon_core.shell:Creating environment hook '/home/waves/hexapod/install/hexapod_interfaces/share/hexapod_interfaces/hook/ld_library_path_lib.ps1'
[4.955s] INFO:colcon.colcon_core.shell:Creating environment descriptor '/home/waves/hexapod/install/hexapod_interfaces/share/hexapod_interfaces/hook/ld_library_path_lib.dsv'
[4.955s] INFO:colcon.colcon_core.shell:Creating environment hook '/home/waves/hexapod/install/hexapod_interfaces/share/hexapod_interfaces/hook/ld_library_path_lib.sh'
[4.956s] Level 1:colcon.colcon_core.environment:checking '/home/waves/hexapod/install/hexapod_interfaces/bin'
[4.957s] Level 1:colcon.colcon_core.environment:checking '/home/waves/hexapod/install/hexapod_interfaces/lib/pkgconfig/hexapod_interfaces.pc'
[4.957s] Level 1:colcon.colcon_core.environment:checking '/home/waves/hexapod/install/hexapod_interfaces/lib/python3.10/site-packages'
[4.957s] Level 1:colcon.colcon_core.environment:checking '/home/waves/hexapod/install/hexapod_interfaces/bin'
[4.958s] INFO:colcon.colcon_core.shell:Creating package script '/home/waves/hexapod/install/hexapod_interfaces/share/hexapod_interfaces/package.ps1'
[4.958s] INFO:colcon.colcon_core.shell:Creating package descriptor '/home/waves/hexapod/install/hexapod_interfaces/share/hexapod_interfaces/package.dsv'
[4.959s] INFO:colcon.colcon_core.shell:Creating package script '/home/waves/hexapod/install/hexapod_interfaces/share/hexapod_interfaces/package.sh'
[4.960s] INFO:colcon.colcon_core.shell:Creating package script '/home/waves/hexapod/install/hexapod_interfaces/share/hexapod_interfaces/package.bash'
[4.961s] INFO:colcon.colcon_core.shell:Creating package script '/home/waves/hexapod/install/hexapod_interfaces/share/hexapod_interfaces/package.zsh'
[4.962s] Level 1:colcon.colcon_core.environment:create_file_with_runtime_dependencies(/home/waves/hexapod/install/hexapod_interfaces/share/colcon-core/packages/hexapod_interfaces)
[4.964s] INFO:colcon.colcon_ros.task.ament_cmake.build:Building ROS package in '/home/waves/hexapod/src/hexapod_control' with build type 'ament_cmake'
[4.964s] INFO:colcon.colcon_cmake.task.cmake.build:Building CMake package in '/home/waves/hexapod/src/hexapod_control'
[4.964s] INFO:colcon.colcon_core.shell:Skip shell extension 'powershell' for command environment: Not usable outside of PowerShell
[4.964s] DEBUG:colcon.colcon_core.shell:Skip shell extension 'dsv' for command environment
[5.010s] INFO:colcon.colcon_ros.task.ament_cmake.build:Building ROS package in '/home/waves/hexapod/src/hexapod_services' with build type 'ament_cmake'
[5.010s] INFO:colcon.colcon_cmake.task.cmake.build:Building CMake package in '/home/waves/hexapod/src/hexapod_services'
[5.010s] INFO:colcon.colcon_core.shell:Skip shell extension 'powershell' for command environment: Not usable outside of PowerShell
[5.010s] DEBUG:colcon.colcon_core.shell:Skip shell extension 'dsv' for command environment
[5.096s] DEBUG:colcon.colcon_core.event_handler.log_command:Invoking command in '/home/waves/hexapod/build/hexapod_control': CMAKE_PREFIX_PATH=/home/waves/hexapod/install/hexapod_interfaces:/home/waves/hexapod/install/hexapod_services:/home/waves/hexapod/install/hexapod_control:/home/waves/ros2_ws/install/video_runner:/home/waves/ros2_ws/install/robotics_class:/home/waves/ros2_ws/install/my_robot_bringup:/home/waves/ros2_ws/install/my_cpp_prac:/home/waves/ros2_ws/install/my_cpp_pkg:/home/waves/ros2_ws/install/act_5:/home/waves/ros2_ws/install/my_interface:/home/waves/ros2_ws/install/buffer:/home/waves/research/install/cobots:/home/waves/ros2_sim/install/ros2_control_demos:/home/waves/ros2_sim/install/ros2_control_demo_description:/home/waves/ros2_sim/install/my_robot_sim:/home/waves/ros2_sim/install/humanoid:/home/waves/ros2_sim/install/hopper_sim:/home/waves/ros2_sim/install/hopper_description:/home/waves/hexapod/install/hexapod_communication:/home/waves/ros2_ws/install/my_py_pkg:/opt/ros/humble:/home/waves/ros2_humble/install/rqt_bag_plugins:/home/waves/ros2_humble/install/rqt_bag:/home/waves/ros2_humble/install/launch_testing_examples:/home/waves/ros2_humble/install/ros2bag:/home/waves/ros2_humble/install/tracetools_test:/home/waves/ros2_humble/install/tracetools_launch:/home/waves/ros2_humble/install/topic_monitor:/home/waves/ros2_humble/install/tf2_tools:/home/waves/ros2_humble/install/examples_tf2_py:/home/waves/ros2_humble/install/tf2_ros_py:/home/waves/ros2_humble/install/sros2:/home/waves/ros2_humble/install/rqt_topic:/home/waves/ros2_humble/install/rqt_srv:/home/waves/ros2_humble/install/rqt_shell:/home/waves/ros2_humble/install/rqt_service_caller:/home/waves/ros2_humble/install/rqt_reconfigure:/home/waves/ros2_humble/install/rqt_py_console:/home/waves/ros2_humble/install/rqt_publisher:/home/waves/ros2_humble/install/rqt_plot:/home/waves/ros2_humble/install/rqt_action:/home/waves/ros2_humble/install/rqt_msg:/home/waves/ros2_humble/install/rqt_console:/home/waves/ros2_humble/install/rqt:/home/waves/ros2_humble/install/rqt_graph:/home/waves/ros2_humble/install/rqt_gui_py:/home/waves/ros2_humble/install/rqt_gui:/home/waves/ros2_humble/install/ros2trace:/home/waves/ros2_humble/install/ros2topic:/home/waves/ros2_humble/install/ros2test:/home/waves/ros2_humble/install/ros2component:/home/waves/ros2_humble/install/ros2param:/home/waves/ros2_humble/install/ros2lifecycle:/home/waves/ros2_humble/install/ros2service:/home/waves/ros2_humble/install/ros2run:/home/waves/ros2_humble/install/ros2launch:/home/waves/ros2_humble/install/ros2pkg:/home/waves/ros2_humble/install/ros2node:/home/waves/ros2_humble/install/ros2multicast:/home/waves/ros2_humble/install/ros2interface:/home/waves/ros2_humble/install/ros2doctor:/home/waves/ros2_humble/install/ros2action:/home/waves/ros2_humble/install/ros2cli:/home/waves/ros2_humble/install/quality_of_service_demo_py:/home/waves/ros2_humble/install/lifecycle_py:/home/waves/ros2_humble/install/launch_testing_ros:/home/waves/ros2_humble/install/launch_ros:/home/waves/ros2_humble/install/examples_rclpy_pointcloud_publisher:/home/waves/ros2_humble/install/examples_rclpy_minimal_subscriber:/home/waves/ros2_humble/install/examples_rclpy_minimal_service:/home/waves/ros2_humble/install/examples_rclpy_minimal_publisher:/home/waves/ros2_humble/install/examples_rclpy_minimal_client:/home/waves/ros2_humble/install/examples_rclpy_minimal_action_server:/home/waves/ros2_humble/install/examples_rclpy_minimal_action_client:/home/waves/ros2_humble/install/examples_rclpy_guard_conditions:/home/waves/ros2_humble/install/examples_rclpy_executors:/home/waves/ros2_humble/install/demo_nodes_py:/home/waves/ros2_humble/install/camera_info_manager_py:/home/waves/ros2_humble/install/action_tutorials_py:/home/waves/ros2_humble/install/ament_uncrustify:/home/waves/ros2_humble/install/tracetools_trace:/home/waves/ros2_humble/install/tracetools_read:/home/waves/ros2_humble/install/test_tracetools_launch:/home/waves/ros2_humble/install/test_launch_ros:/home/waves/ros2_humble/install/sensor_msgs_py:/home/waves/ros2_humble/install/rpyutils:/home/waves/ros2_humble/install/rosidl_runtime_py:/home/waves/ros2_humble/install/rosidl_cli:/home/waves/ros2_humble/install/launch_pytest:/home/waves/ros2_humble/install/launch_testing:/home/waves/ros2_humble/install/launch_yaml:/home/waves/ros2_humble/install/launch_xml:/home/waves/ros2_humble/install/launch:/home/waves/ros2_humble/install/osrf_pycommon:/home/waves/ros2_humble/install/domain_coordinator:/home/waves/ros2_humble/install/ament_xmllint:/home/waves/ros2_humble/install/ament_pyflakes:/home/waves/ros2_humble/install/ament_pycodestyle:/home/waves/ros2_humble/install/ament_pep257:/home/waves/ros2_humble/install/ament_pclint:/home/waves/ros2_humble/install/ament_package:/home/waves/ros2_humble/install/ament_mypy:/home/waves/ros2_humble/install/ament_lint_cmake:/home/waves/ros2_humble/install/ament_flake8:/home/waves/ros2_humble/install/ament_copyright:/home/waves/ros2_humble/install/ament_lint:/home/waves/ros2_humble/install/ament_index_python:/home/waves/ros2_humble/install/ament_cpplint:/home/waves/ros2_humble/install/ament_cppcheck:/home/waves/ros2_humble/install/ament_clang_tidy:/home/waves/ros2_humble/install/ament_clang_format:/home/waves/ros2_sim/install/hexapod_description:/home/waves/ros2_sim/install/hexapod:/home/waves/ros2_sim/install/franka:/home/waves/ros2_humble/install/rosbag2_storage_mcap:/home/waves/ros2_humble/install/rosbag2:/home/waves/ros2_humble/install/rosbag2_compression_zstd:/home/waves/ros2_humble/install/mcap_vendor:/home/waves/ros2_humble/install/zstd_vendor:/home/waves/ros2_humble/install/rviz_visual_testing_framework:/home/waves/ros2_humble/install/rviz2:/home/waves/ros2_humble/install/rviz_default_plugins:/home/waves/ros2_humble/install/rviz_common:/home/waves/ros2_humble/install/rosbag2_py:/home/waves/ros2_humble/install/rosbag2_transport:/home/waves/ros2_humble/install/rosbag2_storage_default_plugins:/home/waves/ros2_humble/install/rosbag2_performance_benchmarking:/home/waves/ros2_humble/install/rosbag2_compression:/home/waves/ros2_humble/install/rosbag2_cpp:/home/waves/ros2_humble/install/rosbag2_storage:/home/waves/ros2_humble/install/image_common:/home/waves/ros2_humble/install/camera_info_manager:/home/waves/ros2_humble/install/camera_calibration_parsers:/home/waves/ros2_humble/install/yaml_cpp_vendor:/home/waves/ros2_humble/install/interactive_markers:/home/waves/ros2_humble/install/common_interfaces:/home/waves/ros2_humble/install/visualization_msgs:/home/waves/ros2_humble/install/dummy_robot_bringup:/home/waves/ros2_humble/install/robot_state_publisher:/home/waves/ros2_humble/install/kdl_parser:/home/waves/ros2_humble/install/urdf:/home/waves/ros2_humble/install/urdfdom:/home/waves/ros2_humble/install/urdf_parser_plugin:/home/waves/ros2_humble/install/urdfdom_headers:/home/waves/ros2_humble/install/turtlesim:/home/waves/ros2_humble/install/geometry2:/home/waves/ros2_humble/install/tf2_sensor_msgs:/home/waves/ros2_humble/install/test_tf2:/home/waves/ros2_humble/install/tf2_kdl:/home/waves/ros2_humble/install/tf2_geometry_msgs:/home/waves/ros2_humble/install/tf2_eigen:/home/waves/ros2_humble/install/tf2_bullet:/home/waves/ros2_humble/install/tf2_ros:/home/waves/ros2_humble/install/tf2_py:/home/waves/ros2_humble/install/tf2_msgs:/home/waves/ros2_humble/install/test_msgs:/home/waves/ros2_humble/install/sros2_cmake:/home/waves/ros2_humble/install/ros2cli_common_extensions:/home/waves/ros2_humble/install/rqt_py_common:/home/waves/ros2_humble/install/rosbag2_storage_mcap_testdata:/home/waves/ros2_humble/install/ros_testing:/home/waves/ros2_humble/install/ros2cli_test_interfaces:/home/waves/ros2_humble/install/quality_of_service_demo_cpp:/home/waves/ros2_humble/install/image_transport:/home/waves/ros2_humble/install/message_filters:/home/waves/ros2_humble/install/demo_nodes_cpp:/home/waves/ros2_humble/install/composition:/home/waves/ros2_humble/install/laser_geometry:/home/waves/ros2_humble/install/rclpy:/home/waves/ros2_humble/install/examples_rclcpp_minimal_action_server:/home/waves/ros2_humble/install/examples_rclcpp_minimal_action_client:/home/waves/ros2_humble/install/action_tutorials_cpp:/home/waves/ros2_humble/install/rclcpp_action:/home/waves/ros2_humble/install/rcl_action:/home/waves/ros2_humble/install/examples_rclcpp_wait_set:/home/waves/ros2_humble/install/examples_rclcpp_minimal_service:/home/waves/ros2_humble/install/examples_rclcpp_minimal_client:/home/waves/ros2_humble/install/examples_rclcpp_async_client:/home/waves/ros2_humble/install/example_interfaces:/home/waves/ros2_humble/install/action_tutorials_interfaces:/home/waves/ros2_humble/install/action_msgs:/home/waves/ros2_humble/install/unique_identifier_msgs:/home/waves/ros2_humble/install/ament_lint_common:/home/waves/ros2_humble/install/ament_cmake_uncrustify:/home/waves/ros2_humble/install/uncrustify_vendor:/home/waves/ros2_humble/install/trajectory_msgs:/home/waves/ros2_humble/install/topic_statistics_demo:/home/waves/ros2_humble/install/pendulum_control:/home/waves/ros2_humble/install/tlsf_cpp:/home/waves/ros2_humble/install/test_tracetools:/home/waves/ros2_humble/install/rqt_gui_cpp:/home/waves/ros2_humble/install/rosbag2_test_common:/home/waves/ros2_humble/install/ros2lifecycle_test_fixtures:/home/waves/ros2_humble/install/lifecycle:/home/waves/ros2_humble/install/rclcpp_lifecycle:/home/waves/ros2_humble/install/logging_demo:/home/waves/ros2_humble/install/image_tools:/home/waves/ros2_humble/install/examples_rclcpp_minimal_subscriber:/home/waves/ros2_humble/install/examples_rclcpp_minimal_composition:/home/waves/ros2_humble/install/demo_nodes_cpp_native:/home/waves/ros2_humble/install/rclcpp_components:/home/waves/ros2_humble/install/intra_process_demo:/home/waves/ros2_humble/install/examples_rclcpp_multithreaded_executor:/home/waves/ros2_humble/install/examples_rclcpp_minimal_timer:/home/waves/ros2_humble/install/examples_rclcpp_minimal_publisher:/home/waves/ros2_humble/install/examples_rclcpp_cbg_executor:/home/waves/ros2_humble/install/dummy_sensors:/home/waves/ros2_humble/install/dummy_map_server:/home/waves/ros2_humble/install/rclcpp:/home/waves/ros2_humble/install/rcl_lifecycle:/home/waves/ros2_humble/install/libstatistics_collector:/home/waves/ros2_humble/install/rcl:/home/waves/ros2_humble/install/rmw_implementation:/home/waves/ros2_humble/install/rmw_fastrtps_dynamic_cpp:/home/waves/ros2_humble/install/rmw_fastrtps_cpp:/home/waves/ros2_humble/install/rmw_fastrtps_shared_cpp:/home/waves/ros2_humble/install/rmw_cyclonedds_cpp:/home/waves/ros2_humble/install/tracetools:/home/waves/ros2_humble/install/tlsf:/home/waves/ros2_humble/install/tinyxml_vendor:/home/waves/ros2_humble/install/qt_gui_core:/home/waves/ros2_humble/install/qt_gui_cpp:/home/waves/ros2_humble/install/pluginlib:/home/waves/ros2_humble/install/tinyxml2_vendor:/home/waves/ros2_humble/install/tf2_eigen_kdl:/home/waves/ros2_humble/install/tf2:/home/waves/ros2_humble/install/test_security:/home/waves/ros2_humble/install/test_rmw_implementation:/home/waves/ros2_humble/install/test_rclcpp:/home/waves/ros2_humble/install/test_quality_of_service:/home/waves/ros2_humble/install/test_launch_testing:/home/waves/ros2_humble/install/test_interface_files:/home/waves/ros2_humble/install/test_communication:/home/waves/ros2_humble/install/test_cli_remapping:/home/waves/ros2_humble/install/test_cli:/home/waves/ros2_humble/install/qt_gui_app:/home/waves/ros2_humble/install/qt_gui:/home/waves/ros2_humble/install/tango_icons_vendor:/home/waves/ros2_humble/install/stereo_msgs:/home/waves/ros2_humble/install/std_srvs:/home/waves/ros2_humble/install/shape_msgs:/home/waves/ros2_humble/install/map_msgs:/home/waves/ros2_humble/install/sensor_msgs:/home/waves/ros2_humble/install/nav_msgs:/home/waves/ros2_humble/install/diagnostic_msgs:/home/waves/ros2_humble/install/geometry_msgs:/home/waves/ros2_humble/install/actionlib_msgs:/home/waves/ros2_humble/install/std_msgs:/home/waves/ros2_humble/install/statistics_msgs:/home/waves/ros2_humble/install/sqlite3_vendor:/home/waves/ros2_humble/install/rcl_logging_spdlog:/home/waves/ros2_humble/install/spdlog_vendor:/home/waves/ros2_humble/install/shared_queues_vendor:/home/waves/ros2_humble/install/rviz_rendering_tests:/home/waves/ros2_humble/install/rviz_rendering:/home/waves/ros2_humble/install/rviz_ogre_vendor:/home/waves/ros2_humble/install/rviz_assimp_vendor:/home/waves/ros2_humble/install/rttest:/home/waves/ros2_humble/install/rmw_connextddsmicro:/home/waves/ros2_humble/install/rmw_connextdds:/home/waves/ros2_humble/install/rmw_connextdds_common:/home/waves/ros2_humble/install/rti_connext_dds_cmake_module:/home/waves/ros2_humble/install/rosgraph_msgs:/home/waves/ros2_humble/install/rosbag2_interfaces:/home/waves/ros2_humble/install/rmw_dds_common:/home/waves/ros2_humble/install/composition_interfaces:/home/waves/ros2_humble/install/rcl_interfaces:/home/waves/ros2_humble/install/pendulum_msgs:/home/waves/ros2_humble/install/lifecycle_msgs:/home/waves/ros2_humble/install/builtin_interfaces:/home/waves/ros2_humble/install/rosidl_default_runtime:/home/waves/ros2_humble/install/rosidl_default_generators:/home/waves/ros2_humble/install/rosidl_generator_py:/home/waves/ros2_humble/install/rosidl_typesupport_introspection_tests:/home/waves/ros2_humble/install/rosidl_typesupport_cpp:/home/waves/ros2_humble/install/rosidl_typesupport_introspection_cpp:/home/waves/ros2_humble/install/rosidl_typesupport_c:/home/waves/ros2_humble/install/rosidl_typesupport_introspection_c:/home/waves/ros2_humble/install/rosidl_typesupport_fastrtps_c:/home/waves/ros2_humble/install/rosidl_typesupport_fastrtps_cpp:/home/waves/ros2_humble/install/rosidl_generator_cpp:/home/waves/ros2_humble/install/rosidl_runtime_cpp:/home/waves/ros2_humble/install/rcl_yaml_param_parser:/home/waves/ros2_humble/install/rmw:/home/waves/ros2_humble/install/rosidl_runtime_c:/home/waves/ros2_humble/install/rosidl_generator_c:/home/waves/ros2_humble/install/rosidl_typesupport_interface:/home/waves/ros2_humble/install/rosidl_generator_dds_idl:/home/waves/ros2_humble/install/rosidl_cmake:/home/waves/ros2_humble/install/rosidl_parser:/home/waves/ros2_humble/install/rosidl_adapter:/home/waves/ros2_humble/install/rosbag2_tests:/home/waves/ros2_humble/install/ros_environment:/home/waves/ros2_humble/install/rmw_implementation_cmake:/home/waves/ros2_humble/install/resource_retriever:/home/waves/ros2_humble/install/class_loader:/home/waves/ros2_humble/install/rcpputils:/home/waves/ros2_humble/install/rcl_logging_noop:/home/waves/ros2_humble/install/rcl_logging_interface:/home/waves/ros2_humble/install/rcutils:/home/waves/ros2_humble/install/qt_gui_py_common:/home/waves/ros2_humble/install/qt_dotgraph:/home/waves/ros2_humble/install/python_qt_binding:/home/waves/ros2_humble/install/python_orocos_kdl_vendor:/home/waves/ros2_humble/install/launch_testing_ament_cmake:/home/waves/ros2_humble/install/python_cmake_module:/home/waves/ros2_humble/install/pybind11_vendor:/home/waves/ros2_humble/install/performance_test_fixture:/home/waves/ros2_humble/install/osrf_testing_tools_cpp:/home/waves/ros2_humble/install/orocos_kdl_vendor:/home/waves/ros2_humble/install/mimick_vendor:/home/waves/ros2_humble/install/libyaml_vendor:/home/waves/ros2_humble/install/libcurl_vendor:/home/waves/ros2_humble/install/keyboard_handler:/home/waves/ros2_humble/install/iceoryx_introspection:/home/waves/ros2_humble/install/cyclonedds:/home/waves/ros2_humble/install/iceoryx_posh:/home/waves/ros2_humble/install/iceoryx_hoofs:/home/waves/ros2_humble/install/iceoryx_binding_c:/home/waves/ros2_humble/install/ament_cmake_ros:/home/waves/ros2_humble/install/ament_cmake_auto:/home/waves/ros2_humble/install/ament_cmake_gmock:/home/waves/ros2_humble/install/gmock_vendor:/home/waves/ros2_humble/install/ament_cmake_gtest:/home/waves/ros2_humble/install/gtest_vendor:/home/waves/ros2_humble/install/ament_cmake_google_benchmark:/home/waves/ros2_humble/install/google_benchmark_vendor:/home/waves/ros2_humble/install/fastrtps:/home/waves/ros2_humble/install/foonathan_memory_vendor:/home/waves/ros2_humble/install/fastrtps_cmake_module:/home/waves/ros2_humble/install/fastcdr:/home/waves/ros2_humble/install/eigen3_cmake_module:/home/waves/ros2_humble/install/console_bridge_vendor:/home/waves/ros2_humble/install/ament_cmake_xmllint:/home/waves/ros2_humble/install/ament_cmake_pyflakes:/home/waves/ros2_humble/install/ament_cmake_pycodestyle:/home/waves/ros2_humble/install/ament_cmake_pep257:/home/waves/ros2_humble/install/ament_cmake_pclint:/home/waves/ros2_humble/install/ament_lint_auto:/home/waves/ros2_humble/install/ament_cmake:/home/waves/ros2_humble/install/ament_cmake_version:/home/waves/ros2_humble/install/ament_cmake_vendor_package:/home/waves/ros2_humble/install/ament_cmake_pytest:/home/waves/ros2_humble/install/ament_cmake_nose:/home/waves/ros2_humble/install/ament_cmake_mypy:/home/waves/ros2_humble/install/ament_cmake_lint_cmake:/home/waves/ros2_humble/install/ament_cmake_flake8:/home/waves/ros2_humble/install/ament_cmake_cpplint:/home/waves/ros2_humble/install/ament_cmake_cppcheck:/home/waves/ros2_humble/install/ament_cmake_copyright:/home/waves/ros2_humble/install/ament_cmake_clang_tidy:/home/waves/ros2_humble/install/ament_cmake_clang_format:/home/waves/ros2_humble/install/ament_cmake_test:/home/waves/ros2_humble/install/ament_cmake_target_dependencies:/home/waves/ros2_humble/install/ament_cmake_python:/home/waves/ros2_humble/install/ament_cmake_export_dependencies:/home/waves/ros2_humble/install/ament_cmake_libraries:/home/waves/ros2_humble/install/ament_cmake_include_directories:/home/waves/ros2_humble/install/ament_cmake_gen_version_h:/home/waves/ros2_humble/install/ament_cmake_export_targets:/home/waves/ros2_humble/install/ament_cmake_export_link_flags:/home/waves/ros2_humble/install/ament_cmake_export_interfaces:/home/waves/ros2_humble/install/ament_cmake_export_libraries:/home/waves/ros2_humble/install/ament_cmake_export_include_directories:/home/waves/ros2_humble/install/ament_cmake_export_definitions:/home/waves/ros2_humble/install/ament_cmake_core:/home/waves/ros2_humble/install/ament_index_cpp /usr/bin/cmake --build /home/waves/hexapod/build/hexapod_control -- -j4 -l4
[5.112s] DEBUG:colcon.colcon_core.event_handler.log_command:Invoking command in '/home/waves/hexapod/build/hexapod_services': CMAKE_PREFIX_PATH=/home/waves/hexapod/install/hexapod_interfaces:/home/waves/hexapod/install/hexapod_services:/home/waves/hexapod/install/hexapod_control:/home/waves/ros2_ws/install/video_runner:/home/waves/ros2_ws/install/robotics_class:/home/waves/ros2_ws/install/my_robot_bringup:/home/waves/ros2_ws/install/my_cpp_prac:/home/waves/ros2_ws/install/my_cpp_pkg:/home/waves/ros2_ws/install/act_5:/home/waves/ros2_ws/install/my_interface:/home/waves/ros2_ws/install/buffer:/home/waves/research/install/cobots:/home/waves/ros2_sim/install/ros2_control_demos:/home/waves/ros2_sim/install/ros2_control_demo_description:/home/waves/ros2_sim/install/my_robot_sim:/home/waves/ros2_sim/install/humanoid:/home/waves/ros2_sim/install/hopper_sim:/home/waves/ros2_sim/install/hopper_description:/home/waves/hexapod/install/hexapod_communication:/home/waves/ros2_ws/install/my_py_pkg:/opt/ros/humble:/home/waves/ros2_humble/install/rqt_bag_plugins:/home/waves/ros2_humble/install/rqt_bag:/home/waves/ros2_humble/install/launch_testing_examples:/home/waves/ros2_humble/install/ros2bag:/home/waves/ros2_humble/install/tracetools_test:/home/waves/ros2_humble/install/tracetools_launch:/home/waves/ros2_humble/install/topic_monitor:/home/waves/ros2_humble/install/tf2_tools:/home/waves/ros2_humble/install/examples_tf2_py:/home/waves/ros2_humble/install/tf2_ros_py:/home/waves/ros2_humble/install/sros2:/home/waves/ros2_humble/install/rqt_topic:/home/waves/ros2_humble/install/rqt_srv:/home/waves/ros2_humble/install/rqt_shell:/home/waves/ros2_humble/install/rqt_service_caller:/home/waves/ros2_humble/install/rqt_reconfigure:/home/waves/ros2_humble/install/rqt_py_console:/home/waves/ros2_humble/install/rqt_publisher:/home/waves/ros2_humble/install/rqt_plot:/home/waves/ros2_humble/install/rqt_action:/home/waves/ros2_humble/install/rqt_msg:/home/waves/ros2_humble/install/rqt_console:/home/waves/ros2_humble/install/rqt:/home/waves/ros2_humble/install/rqt_graph:/home/waves/ros2_humble/install/rqt_gui_py:/home/waves/ros2_humble/install/rqt_gui:/home/waves/ros2_humble/install/ros2trace:/home/waves/ros2_humble/install/ros2topic:/home/waves/ros2_humble/install/ros2test:/home/waves/ros2_humble/install/ros2component:/home/waves/ros2_humble/install/ros2param:/home/waves/ros2_humble/install/ros2lifecycle:/home/waves/ros2_humble/install/ros2service:/home/waves/ros2_humble/install/ros2run:/home/waves/ros2_humble/install/ros2launch:/home/waves/ros2_humble/install/ros2pkg:/home/waves/ros2_humble/install/ros2node:/home/waves/ros2_humble/install/ros2multicast:/home/waves/ros2_humble/install/ros2interface:/home/waves/ros2_humble/install/ros2doctor:/home/waves/ros2_humble/install/ros2action:/home/waves/ros2_humble/install/ros2cli:/home/waves/ros2_humble/install/quality_of_service_demo_py:/home/waves/ros2_humble/install/lifecycle_py:/home/waves/ros2_humble/install/launch_testing_ros:/home/waves/ros2_humble/install/launch_ros:/home/waves/ros2_humble/install/examples_rclpy_pointcloud_publisher:/home/waves/ros2_humble/install/examples_rclpy_minimal_subscriber:/home/waves/ros2_humble/install/examples_rclpy_minimal_service:/home/waves/ros2_humble/install/examples_rclpy_minimal_publisher:/home/waves/ros2_humble/install/examples_rclpy_minimal_client:/home/waves/ros2_humble/install/examples_rclpy_minimal_action_server:/home/waves/ros2_humble/install/examples_rclpy_minimal_action_client:/home/waves/ros2_humble/install/examples_rclpy_guard_conditions:/home/waves/ros2_humble/install/examples_rclpy_executors:/home/waves/ros2_humble/install/demo_nodes_py:/home/waves/ros2_humble/install/camera_info_manager_py:/home/waves/ros2_humble/install/action_tutorials_py:/home/waves/ros2_humble/install/ament_uncrustify:/home/waves/ros2_humble/install/tracetools_trace:/home/waves/ros2_humble/install/tracetools_read:/home/waves/ros2_humble/install/test_tracetools_launch:/home/waves/ros2_humble/install/test_launch_ros:/home/waves/ros2_humble/install/sensor_msgs_py:/home/waves/ros2_humble/install/rpyutils:/home/waves/ros2_humble/install/rosidl_runtime_py:/home/waves/ros2_humble/install/rosidl_cli:/home/waves/ros2_humble/install/launch_pytest:/home/waves/ros2_humble/install/launch_testing:/home/waves/ros2_humble/install/launch_yaml:/home/waves/ros2_humble/install/launch_xml:/home/waves/ros2_humble/install/launch:/home/waves/ros2_humble/install/osrf_pycommon:/home/waves/ros2_humble/install/domain_coordinator:/home/waves/ros2_humble/install/ament_xmllint:/home/waves/ros2_humble/install/ament_pyflakes:/home/waves/ros2_humble/install/ament_pycodestyle:/home/waves/ros2_humble/install/ament_pep257:/home/waves/ros2_humble/install/ament_pclint:/home/waves/ros2_humble/install/ament_package:/home/waves/ros2_humble/install/ament_mypy:/home/waves/ros2_humble/install/ament_lint_cmake:/home/waves/ros2_humble/install/ament_flake8:/home/waves/ros2_humble/install/ament_copyright:/home/waves/ros2_humble/install/ament_lint:/home/waves/ros2_humble/install/ament_index_python:/home/waves/ros2_humble/install/ament_cpplint:/home/waves/ros2_humble/install/ament_cppcheck:/home/waves/ros2_humble/install/ament_clang_tidy:/home/waves/ros2_humble/install/ament_clang_format:/home/waves/ros2_sim/install/hexapod_description:/home/waves/ros2_sim/install/hexapod:/home/waves/ros2_sim/install/franka:/home/waves/ros2_humble/install/rosbag2_storage_mcap:/home/waves/ros2_humble/install/rosbag2:/home/waves/ros2_humble/install/rosbag2_compression_zstd:/home/waves/ros2_humble/install/mcap_vendor:/home/waves/ros2_humble/install/zstd_vendor:/home/waves/ros2_humble/install/rviz_visual_testing_framework:/home/waves/ros2_humble/install/rviz2:/home/waves/ros2_humble/install/rviz_default_plugins:/home/waves/ros2_humble/install/rviz_common:/home/waves/ros2_humble/install/rosbag2_py:/home/waves/ros2_humble/install/rosbag2_transport:/home/waves/ros2_humble/install/rosbag2_storage_default_plugins:/home/waves/ros2_humble/install/rosbag2_performance_benchmarking:/home/waves/ros2_humble/install/rosbag2_compression:/home/waves/ros2_humble/install/rosbag2_cpp:/home/waves/ros2_humble/install/rosbag2_storage:/home/waves/ros2_humble/install/image_common:/home/waves/ros2_humble/install/camera_info_manager:/home/waves/ros2_humble/install/camera_calibration_parsers:/home/waves/ros2_humble/install/yaml_cpp_vendor:/home/waves/ros2_humble/install/interactive_markers:/home/waves/ros2_humble/install/common_interfaces:/home/waves/ros2_humble/install/visualization_msgs:/home/waves/ros2_humble/install/dummy_robot_bringup:/home/waves/ros2_humble/install/robot_state_publisher:/home/waves/ros2_humble/install/kdl_parser:/home/waves/ros2_humble/install/urdf:/home/waves/ros2_humble/install/urdfdom:/home/waves/ros2_humble/install/urdf_parser_plugin:/home/waves/ros2_humble/install/urdfdom_headers:/home/waves/ros2_humble/install/turtlesim:/home/waves/ros2_humble/install/geometry2:/home/waves/ros2_humble/install/tf2_sensor_msgs:/home/waves/ros2_humble/install/test_tf2:/home/waves/ros2_humble/install/tf2_kdl:/home/waves/ros2_humble/install/tf2_geometry_msgs:/home/waves/ros2_humble/install/tf2_eigen:/home/waves/ros2_humble/install/tf2_bullet:/home/waves/ros2_humble/install/tf2_ros:/home/waves/ros2_humble/install/tf2_py:/home/waves/ros2_humble/install/tf2_msgs:/home/waves/ros2_humble/install/test_msgs:/home/waves/ros2_humble/install/sros2_cmake:/home/waves/ros2_humble/install/ros2cli_common_extensions:/home/waves/ros2_humble/install/rqt_py_common:/home/waves/ros2_humble/install/rosbag2_storage_mcap_testdata:/home/waves/ros2_humble/install/ros_testing:/home/waves/ros2_humble/install/ros2cli_test_interfaces:/home/waves/ros2_humble/install/quality_of_service_demo_cpp:/home/waves/ros2_humble/install/image_transport:/home/waves/ros2_humble/install/message_filters:/home/waves/ros2_humble/install/demo_nodes_cpp:/home/waves/ros2_humble/install/composition:/home/waves/ros2_humble/install/laser_geometry:/home/waves/ros2_humble/install/rclpy:/home/waves/ros2_humble/install/examples_rclcpp_minimal_action_server:/home/waves/ros2_humble/install/examples_rclcpp_minimal_action_client:/home/waves/ros2_humble/install/action_tutorials_cpp:/home/waves/ros2_humble/install/rclcpp_action:/home/waves/ros2_humble/install/rcl_action:/home/waves/ros2_humble/install/examples_rclcpp_wait_set:/home/waves/ros2_humble/install/examples_rclcpp_minimal_service:/home/waves/ros2_humble/install/examples_rclcpp_minimal_client:/home/waves/ros2_humble/install/examples_rclcpp_async_client:/home/waves/ros2_humble/install/example_interfaces:/home/waves/ros2_humble/install/action_tutorials_interfaces:/home/waves/ros2_humble/install/action_msgs:/home/waves/ros2_humble/install/unique_identifier_msgs:/home/waves/ros2_humble/install/ament_lint_common:/home/waves/ros2_humble/install/ament_cmake_uncrustify:/home/waves/ros2_humble/install/uncrustify_vendor:/home/waves/ros2_humble/install/trajectory_msgs:/home/waves/ros2_humble/install/topic_statistics_demo:/home/waves/ros2_humble/install/pendulum_control:/home/waves/ros2_humble/install/tlsf_cpp:/home/waves/ros2_humble/install/test_tracetools:/home/waves/ros2_humble/install/rqt_gui_cpp:/home/waves/ros2_humble/install/rosbag2_test_common:/home/waves/ros2_humble/install/ros2lifecycle_test_fixtures:/home/waves/ros2_humble/install/lifecycle:/home/waves/ros2_humble/install/rclcpp_lifecycle:/home/waves/ros2_humble/install/logging_demo:/home/waves/ros2_humble/install/image_tools:/home/waves/ros2_humble/install/examples_rclcpp_minimal_subscriber:/home/waves/ros2_humble/install/examples_rclcpp_minimal_composition:/home/waves/ros2_humble/install/demo_nodes_cpp_native:/home/waves/ros2_humble/install/rclcpp_components:/home/waves/ros2_humble/install/intra_process_demo:/home/waves/ros2_humble/install/examples_rclcpp_multithreaded_executor:/home/waves/ros2_humble/install/examples_rclcpp_minimal_timer:/home/waves/ros2_humble/install/examples_rclcpp_minimal_publisher:/home/waves/ros2_humble/install/examples_rclcpp_cbg_executor:/home/waves/ros2_humble/install/dummy_sensors:/home/waves/ros2_humble/install/dummy_map_server:/home/waves/ros2_humble/install/rclcpp:/home/waves/ros2_humble/install/rcl_lifecycle:/home/waves/ros2_humble/install/libstatistics_collector:/home/waves/ros2_humble/install/rcl:/home/waves/ros2_humble/install/rmw_implementation:/home/waves/ros2_humble/install/rmw_fastrtps_dynamic_cpp:/home/waves/ros2_humble/install/rmw_fastrtps_cpp:/home/waves/ros2_humble/install/rmw_fastrtps_shared_cpp:/home/waves/ros2_humble/install/rmw_cyclonedds_cpp:/home/waves/ros2_humble/install/tracetools:/home/waves/ros2_humble/install/tlsf:/home/waves/ros2_humble/install/tinyxml_vendor:/home/waves/ros2_humble/install/qt_gui_core:/home/waves/ros2_humble/install/qt_gui_cpp:/home/waves/ros2_humble/install/pluginlib:/home/waves/ros2_humble/install/tinyxml2_vendor:/home/waves/ros2_humble/install/tf2_eigen_kdl:/home/waves/ros2_humble/install/tf2:/home/waves/ros2_humble/install/test_security:/home/waves/ros2_humble/install/test_rmw_implementation:/home/waves/ros2_humble/install/test_rclcpp:/home/waves/ros2_humble/install/test_quality_of_service:/home/waves/ros2_humble/install/test_launch_testing:/home/waves/ros2_humble/install/test_interface_files:/home/waves/ros2_humble/install/test_communication:/home/waves/ros2_humble/install/test_cli_remapping:/home/waves/ros2_humble/install/test_cli:/home/waves/ros2_humble/install/qt_gui_app:/home/waves/ros2_humble/install/qt_gui:/home/waves/ros2_humble/install/tango_icons_vendor:/home/waves/ros2_humble/install/stereo_msgs:/home/waves/ros2_humble/install/std_srvs:/home/waves/ros2_humble/install/shape_msgs:/home/waves/ros2_humble/install/map_msgs:/home/waves/ros2_humble/install/sensor_msgs:/home/waves/ros2_humble/install/nav_msgs:/home/waves/ros2_humble/install/diagnostic_msgs:/home/waves/ros2_humble/install/geometry_msgs:/home/waves/ros2_humble/install/actionlib_msgs:/home/waves/ros2_humble/install/std_msgs:/home/waves/ros2_humble/install/statistics_msgs:/home/waves/ros2_humble/install/sqlite3_vendor:/home/waves/ros2_humble/install/rcl_logging_spdlog:/home/waves/ros2_humble/install/spdlog_vendor:/home/waves/ros2_humble/install/shared_queues_vendor:/home/waves/ros2_humble/install/rviz_rendering_tests:/home/waves/ros2_humble/install/rviz_rendering:/home/waves/ros2_humble/install/rviz_ogre_vendor:/home/waves/ros2_humble/install/rviz_assimp_vendor:/home/waves/ros2_humble/install/rttest:/home/waves/ros2_humble/install/rmw_connextddsmicro:/home/waves/ros2_humble/install/rmw_connextdds:/home/waves/ros2_humble/install/rmw_connextdds_common:/home/waves/ros2_humble/install/rti_connext_dds_cmake_module:/home/waves/ros2_humble/install/rosgraph_msgs:/home/waves/ros2_humble/install/rosbag2_interfaces:/home/waves/ros2_humble/install/rmw_dds_common:/home/waves/ros2_humble/install/composition_interfaces:/home/waves/ros2_humble/install/rcl_interfaces:/home/waves/ros2_humble/install/pendulum_msgs:/home/waves/ros2_humble/install/lifecycle_msgs:/home/waves/ros2_humble/install/builtin_interfaces:/home/waves/ros2_humble/install/rosidl_default_runtime:/home/waves/ros2_humble/install/rosidl_default_generators:/home/waves/ros2_humble/install/rosidl_generator_py:/home/waves/ros2_humble/install/rosidl_typesupport_introspection_tests:/home/waves/ros2_humble/install/rosidl_typesupport_cpp:/home/waves/ros2_humble/install/rosidl_typesupport_introspection_cpp:/home/waves/ros2_humble/install/rosidl_typesupport_c:/home/waves/ros2_humble/install/rosidl_typesupport_introspection_c:/home/waves/ros2_humble/install/rosidl_typesupport_fastrtps_c:/home/waves/ros2_humble/install/rosidl_typesupport_fastrtps_cpp:/home/waves/ros2_humble/install/rosidl_generator_cpp:/home/waves/ros2_humble/install/rosidl_runtime_cpp:/home/waves/ros2_humble/install/rcl_yaml_param_parser:/home/waves/ros2_humble/install/rmw:/home/waves/ros2_humble/install/rosidl_runtime_c:/home/waves/ros2_humble/install/rosidl_generator_c:/home/waves/ros2_humble/install/rosidl_typesupport_interface:/home/waves/ros2_humble/install/rosidl_generator_dds_idl:/home/waves/ros2_humble/install/rosidl_cmake:/home/waves/ros2_humble/install/rosidl_parser:/home/waves/ros2_humble/install/rosidl_adapter:/home/waves/ros2_humble/install/rosbag2_tests:/home/waves/ros2_humble/install/ros_environment:/home/waves/ros2_humble/install/rmw_implementation_cmake:/home/waves/ros2_humble/install/resource_retriever:/home/waves/ros2_humble/install/class_loader:/home/waves/ros2_humble/install/rcpputils:/home/waves/ros2_humble/install/rcl_logging_noop:/home/waves/ros2_humble/install/rcl_logging_interface:/home/waves/ros2_humble/install/rcutils:/home/waves/ros2_humble/install/qt_gui_py_common:/home/waves/ros2_humble/install/qt_dotgraph:/home/waves/ros2_humble/install/python_qt_binding:/home/waves/ros2_humble/install/python_orocos_kdl_vendor:/home/waves/ros2_humble/install/launch_testing_ament_cmake:/home/waves/ros2_humble/install/python_cmake_module:/home/waves/ros2_humble/install/pybind11_vendor:/home/waves/ros2_humble/install/performance_test_fixture:/home/waves/ros2_humble/install/osrf_testing_tools_cpp:/home/waves/ros2_humble/install/orocos_kdl_vendor:/home/waves/ros2_humble/install/mimick_vendor:/home/waves/ros2_humble/install/libyaml_vendor:/home/waves/ros2_humble/install/libcurl_vendor:/home/waves/ros2_humble/install/keyboard_handler:/home/waves/ros2_humble/install/iceoryx_introspection:/home/waves/ros2_humble/install/cyclonedds:/home/waves/ros2_humble/install/iceoryx_posh:/home/waves/ros2_humble/install/iceoryx_hoofs:/home/waves/ros2_humble/install/iceoryx_binding_c:/home/waves/ros2_humble/install/ament_cmake_ros:/home/waves/ros2_humble/install/ament_cmake_auto:/home/waves/ros2_humble/install/ament_cmake_gmock:/home/waves/ros2_humble/install/gmock_vendor:/home/waves/ros2_humble/install/ament_cmake_gtest:/home/waves/ros2_humble/install/gtest_vendor:/home/waves/ros2_humble/install/ament_cmake_google_benchmark:/home/waves/ros2_humble/install/google_benchmark_vendor:/home/waves/ros2_humble/install/fastrtps:/home/waves/ros2_humble/install/foonathan_memory_vendor:/home/waves/ros2_humble/install/fastrtps_cmake_module:/home/waves/ros2_humble/install/fastcdr:/home/waves/ros2_humble/install/eigen3_cmake_module:/home/waves/ros2_humble/install/console_bridge_vendor:/home/waves/ros2_humble/install/ament_cmake_xmllint:/home/waves/ros2_humble/install/ament_cmake_pyflakes:/home/waves/ros2_humble/install/ament_cmake_pycodestyle:/home/waves/ros2_humble/install/ament_cmake_pep257:/home/waves/ros2_humble/install/ament_cmake_pclint:/home/waves/ros2_humble/install/ament_lint_auto:/home/waves/ros2_humble/install/ament_cmake:/home/waves/ros2_humble/install/ament_cmake_version:/home/waves/ros2_humble/install/ament_cmake_vendor_package:/home/waves/ros2_humble/install/ament_cmake_pytest:/home/waves/ros2_humble/install/ament_cmake_nose:/home/waves/ros2_humble/install/ament_cmake_mypy:/home/waves/ros2_humble/install/ament_cmake_lint_cmake:/home/waves/ros2_humble/install/ament_cmake_flake8:/home/waves/ros2_humble/install/ament_cmake_cpplint:/home/waves/ros2_humble/install/ament_cmake_cppcheck:/home/waves/ros2_humble/install/ament_cmake_copyright:/home/waves/ros2_humble/install/ament_cmake_clang_tidy:/home/waves/ros2_humble/install/ament_cmake_clang_format:/home/waves/ros2_humble/install/ament_cmake_test:/home/waves/ros2_humble/install/ament_cmake_target_dependencies:/home/waves/ros2_humble/install/ament_cmake_python:/home/waves/ros2_humble/install/ament_cmake_export_dependencies:/home/waves/ros2_humble/install/ament_cmake_libraries:/home/waves/ros2_humble/install/ament_cmake_include_directories:/home/waves/ros2_humble/install/ament_cmake_gen_version_h:/home/waves/ros2_humble/install/ament_cmake_export_targets:/home/waves/ros2_humble/install/ament_cmake_export_link_flags:/home/waves/ros2_humble/install/ament_cmake_export_interfaces:/home/waves/ros2_humble/install/ament_cmake_export_libraries:/home/waves/ros2_humble/install/ament_cmake_export_include_directories:/home/waves/ros2_humble/install/ament_cmake_export_definitions:/home/waves/ros2_humble/install/ament_cmake_core:/home/waves/ros2_humble/install/ament_index_cpp /usr/bin/cmake --build /home/waves/hexapod/build/hexapod_services -- -j4 -l4
[5.134s] DEBUG:colcon.colcon_core.event_handler.log_command:Invoking command in '/home/waves/hexapod/src/hexapod_communication': PYTHONPATH=/home/waves/hexapod/build/hexapod_communication/prefix_override:/usr/lib/python3/dist-packages/colcon_core/task/python/colcon_distutils_commands:/home/waves/hexapod/install/hexapod_communication/lib/python3.10/site-packages:${PYTHONPATH} /usr/bin/python3 -W ignore:setup.py install is deprecated -W ignore:easy_install command is deprecated setup.py egg_info --egg-base ../../build/hexapod_communication build --build-base /home/waves/hexapod/build/hexapod_communication/build install --record /home/waves/hexapod/build/hexapod_communication/install.log --single-version-externally-managed install_data
[5.600s] DEBUG:colcon.colcon_core.event_handler.log_command:Invoked command in '/home/waves/hexapod/build/hexapod_services' returned '0': CMAKE_PREFIX_PATH=/home/waves/hexapod/install/hexapod_interfaces:/home/waves/hexapod/install/hexapod_services:/home/waves/hexapod/install/hexapod_control:/home/waves/ros2_ws/install/video_runner:/home/waves/ros2_ws/install/robotics_class:/home/waves/ros2_ws/install/my_robot_bringup:/home/waves/ros2_ws/install/my_cpp_prac:/home/waves/ros2_ws/install/my_cpp_pkg:/home/waves/ros2_ws/install/act_5:/home/waves/ros2_ws/install/my_interface:/home/waves/ros2_ws/install/buffer:/home/waves/research/install/cobots:/home/waves/ros2_sim/install/ros2_control_demos:/home/waves/ros2_sim/install/ros2_control_demo_description:/home/waves/ros2_sim/install/my_robot_sim:/home/waves/ros2_sim/install/humanoid:/home/waves/ros2_sim/install/hopper_sim:/home/waves/ros2_sim/install/hopper_description:/home/waves/hexapod/install/hexapod_communication:/home/waves/ros2_ws/install/my_py_pkg:/opt/ros/humble:/home/waves/ros2_humble/install/rqt_bag_plugins:/home/waves/ros2_humble/install/rqt_bag:/home/waves/ros2_humble/install/launch_testing_examples:/home/waves/ros2_humble/install/ros2bag:/home/waves/ros2_humble/install/tracetools_test:/home/waves/ros2_humble/install/tracetools_launch:/home/waves/ros2_humble/install/topic_monitor:/home/waves/ros2_humble/install/tf2_tools:/home/waves/ros2_humble/install/examples_tf2_py:/home/waves/ros2_humble/install/tf2_ros_py:/home/waves/ros2_humble/install/sros2:/home/waves/ros2_humble/install/rqt_topic:/home/waves/ros2_humble/install/rqt_srv:/home/waves/ros2_humble/install/rqt_shell:/home/waves/ros2_humble/install/rqt_service_caller:/home/waves/ros2_humble/install/rqt_reconfigure:/home/waves/ros2_humble/install/rqt_py_console:/home/waves/ros2_humble/install/rqt_publisher:/home/waves/ros2_humble/install/rqt_plot:/home/waves/ros2_humble/install/rqt_action:/home/waves/ros2_humble/install/rqt_msg:/home/waves/ros2_humble/install/rqt_console:/home/waves/ros2_humble/install/rqt:/home/waves/ros2_humble/install/rqt_graph:/home/waves/ros2_humble/install/rqt_gui_py:/home/waves/ros2_humble/install/rqt_gui:/home/waves/ros2_humble/install/ros2trace:/home/waves/ros2_humble/install/ros2topic:/home/waves/ros2_humble/install/ros2test:/home/waves/ros2_humble/install/ros2component:/home/waves/ros2_humble/install/ros2param:/home/waves/ros2_humble/install/ros2lifecycle:/home/waves/ros2_humble/install/ros2service:/home/waves/ros2_humble/install/ros2run:/home/waves/ros2_humble/install/ros2launch:/home/waves/ros2_humble/install/ros2pkg:/home/waves/ros2_humble/install/ros2node:/home/waves/ros2_humble/install/ros2multicast:/home/waves/ros2_humble/install/ros2interface:/home/waves/ros2_humble/install/ros2doctor:/home/waves/ros2_humble/install/ros2action:/home/waves/ros2_humble/install/ros2cli:/home/waves/ros2_humble/install/quality_of_service_demo_py:/home/waves/ros2_humble/install/lifecycle_py:/home/waves/ros2_humble/install/launch_testing_ros:/home/waves/ros2_humble/install/launch_ros:/home/waves/ros2_humble/install/examples_rclpy_pointcloud_publisher:/home/waves/ros2_humble/install/examples_rclpy_minimal_subscriber:/home/waves/ros2_humble/install/examples_rclpy_minimal_service:/home/waves/ros2_humble/install/examples_rclpy_minimal_publisher:/home/waves/ros2_humble/install/examples_rclpy_minimal_client:/home/waves/ros2_humble/install/examples_rclpy_minimal_action_server:/home/waves/ros2_humble/install/examples_rclpy_minimal_action_client:/home/waves/ros2_humble/install/examples_rclpy_guard_conditions:/home/waves/ros2_humble/install/examples_rclpy_executors:/home/waves/ros2_humble/install/demo_nodes_py:/home/waves/ros2_humble/install/camera_info_manager_py:/home/waves/ros2_humble/install/action_tutorials_py:/home/waves/ros2_humble/install/ament_uncrustify:/home/waves/ros2_humble/install/tracetools_trace:/home/waves/ros2_humble/install/tracetools_read:/home/waves/ros2_humble/install/test_tracetools_launch:/home/waves/ros2_humble/install/test_launch_ros:/home/waves/ros2_humble/install/sensor_msgs_py:/home/waves/ros2_humble/install/rpyutils:/home/waves/ros2_humble/install/rosidl_runtime_py:/home/waves/ros2_humble/install/rosidl_cli:/home/waves/ros2_humble/install/launch_pytest:/home/waves/ros2_humble/install/launch_testing:/home/waves/ros2_humble/install/launch_yaml:/home/waves/ros2_humble/install/launch_xml:/home/waves/ros2_humble/install/launch:/home/waves/ros2_humble/install/osrf_pycommon:/home/waves/ros2_humble/install/domain_coordinator:/home/waves/ros2_humble/install/ament_xmllint:/home/waves/ros2_humble/install/ament_pyflakes:/home/waves/ros2_humble/install/ament_pycodestyle:/home/waves/ros2_humble/install/ament_pep257:/home/waves/ros2_humble/install/ament_pclint:/home/waves/ros2_humble/install/ament_package:/home/waves/ros2_humble/install/ament_mypy:/home/waves/ros2_humble/install/ament_lint_cmake:/home/waves/ros2_humble/install/ament_flake8:/home/waves/ros2_humble/install/ament_copyright:/home/waves/ros2_humble/install/ament_lint:/home/waves/ros2_humble/install/ament_index_python:/home/waves/ros2_humble/install/ament_cpplint:/home/waves/ros2_humble/install/ament_cppcheck:/home/waves/ros2_humble/install/ament_clang_tidy:/home/waves/ros2_humble/install/ament_clang_format:/home/waves/ros2_sim/install/hexapod_description:/home/waves/ros2_sim/install/hexapod:/home/waves/ros2_sim/install/franka:/home/waves/ros2_humble/install/rosbag2_storage_mcap:/home/waves/ros2_humble/install/rosbag2:/home/waves/ros2_humble/install/rosbag2_compression_zstd:/home/waves/ros2_humble/install/mcap_vendor:/home/waves/ros2_humble/install/zstd_vendor:/home/waves/ros2_humble/install/rviz_visual_testing_framework:/home/waves/ros2_humble/install/rviz2:/home/waves/ros2_humble/install/rviz_default_plugins:/home/waves/ros2_humble/install/rviz_common:/home/waves/ros2_humble/install/rosbag2_py:/home/waves/ros2_humble/install/rosbag2_transport:/home/waves/ros2_humble/install/rosbag2_storage_default_plugins:/home/waves/ros2_humble/install/rosbag2_performance_benchmarking:/home/waves/ros2_humble/install/rosbag2_compression:/home/waves/ros2_humble/install/rosbag2_cpp:/home/waves/ros2_humble/install/rosbag2_storage:/home/waves/ros2_humble/install/image_common:/home/waves/ros2_humble/install/camera_info_manager:/home/waves/ros2_humble/install/camera_calibration_parsers:/home/waves/ros2_humble/install/yaml_cpp_vendor:/home/waves/ros2_humble/install/interactive_markers:/home/waves/ros2_humble/install/common_interfaces:/home/waves/ros2_humble/install/visualization_msgs:/home/waves/ros2_humble/install/dummy_robot_bringup:/home/waves/ros2_humble/install/robot_state_publisher:/home/waves/ros2_humble/install/kdl_parser:/home/waves/ros2_humble/install/urdf:/home/waves/ros2_humble/install/urdfdom:/home/waves/ros2_humble/install/urdf_parser_plugin:/home/waves/ros2_humble/install/urdfdom_headers:/home/waves/ros2_humble/install/turtlesim:/home/waves/ros2_humble/install/geometry2:/home/waves/ros2_humble/install/tf2_sensor_msgs:/home/waves/ros2_humble/install/test_tf2:/home/waves/ros2_humble/install/tf2_kdl:/home/waves/ros2_humble/install/tf2_geometry_msgs:/home/waves/ros2_humble/install/tf2_eigen:/home/waves/ros2_humble/install/tf2_bullet:/home/waves/ros2_humble/install/tf2_ros:/home/waves/ros2_humble/install/tf2_py:/home/waves/ros2_humble/install/tf2_msgs:/home/waves/ros2_humble/install/test_msgs:/home/waves/ros2_humble/install/sros2_cmake:/home/waves/ros2_humble/install/ros2cli_common_extensions:/home/waves/ros2_humble/install/rqt_py_common:/home/waves/ros2_humble/install/rosbag2_storage_mcap_testdata:/home/waves/ros2_humble/install/ros_testing:/home/waves/ros2_humble/install/ros2cli_test_interfaces:/home/waves/ros2_humble/install/quality_of_service_demo_cpp:/home/waves/ros2_humble/install/image_transport:/home/waves/ros2_humble/install/message_filters:/home/waves/ros2_humble/install/demo_nodes_cpp:/home/waves/ros2_humble/install/composition:/home/waves/ros2_humble/install/laser_geometry:/home/waves/ros2_humble/install/rclpy:/home/waves/ros2_humble/install/examples_rclcpp_minimal_action_server:/home/waves/ros2_humble/install/examples_rclcpp_minimal_action_client:/home/waves/ros2_humble/install/action_tutorials_cpp:/home/waves/ros2_humble/install/rclcpp_action:/home/waves/ros2_humble/install/rcl_action:/home/waves/ros2_humble/install/examples_rclcpp_wait_set:/home/waves/ros2_humble/install/examples_rclcpp_minimal_service:/home/waves/ros2_humble/install/examples_rclcpp_minimal_client:/home/waves/ros2_humble/install/examples_rclcpp_async_client:/home/waves/ros2_humble/install/example_interfaces:/home/waves/ros2_humble/install/action_tutorials_interfaces:/home/waves/ros2_humble/install/action_msgs:/home/waves/ros2_humble/install/unique_identifier_msgs:/home/waves/ros2_humble/install/ament_lint_common:/home/waves/ros2_humble/install/ament_cmake_uncrustify:/home/waves/ros2_humble/install/uncrustify_vendor:/home/waves/ros2_humble/install/trajectory_msgs:/home/waves/ros2_humble/install/topic_statistics_demo:/home/waves/ros2_humble/install/pendulum_control:/home/waves/ros2_humble/install/tlsf_cpp:/home/waves/ros2_humble/install/test_tracetools:/home/waves/ros2_humble/install/rqt_gui_cpp:/home/waves/ros2_humble/install/rosbag2_test_common:/home/waves/ros2_humble/install/ros2lifecycle_test_fixtures:/home/waves/ros2_humble/install/lifecycle:/home/waves/ros2_humble/install/rclcpp_lifecycle:/home/waves/ros2_humble/install/logging_demo:/home/waves/ros2_humble/install/image_tools:/home/waves/ros2_humble/install/examples_rclcpp_minimal_subscriber:/home/waves/ros2_humble/install/examples_rclcpp_minimal_composition:/home/waves/ros2_humble/install/demo_nodes_cpp_native:/home/waves/ros2_humble/install/rclcpp_components:/home/waves/ros2_humble/install/intra_process_demo:/home/waves/ros2_humble/install/examples_rclcpp_multithreaded_executor:/home/waves/ros2_humble/install/examples_rclcpp_minimal_timer:/home/waves/ros2_humble/install/examples_rclcpp_minimal_publisher:/home/waves/ros2_humble/install/examples_rclcpp_cbg_executor:/home/waves/ros2_humble/install/dummy_sensors:/home/waves/ros2_humble/install/dummy_map_server:/home/waves/ros2_humble/install/rclcpp:/home/waves/ros2_humble/install/rcl_lifecycle:/home/waves/ros2_humble/install/libstatistics_collector:/home/waves/ros2_humble/install/rcl:/home/waves/ros2_humble/install/rmw_implementation:/home/waves/ros2_humble/install/rmw_fastrtps_dynamic_cpp:/home/waves/ros2_humble/install/rmw_fastrtps_cpp:/home/waves/ros2_humble/install/rmw_fastrtps_shared_cpp:/home/waves/ros2_humble/install/rmw_cyclonedds_cpp:/home/waves/ros2_humble/install/tracetools:/home/waves/ros2_humble/install/tlsf:/home/waves/ros2_humble/install/tinyxml_vendor:/home/waves/ros2_humble/install/qt_gui_core:/home/waves/ros2_humble/install/qt_gui_cpp:/home/waves/ros2_humble/install/pluginlib:/home/waves/ros2_humble/install/tinyxml2_vendor:/home/waves/ros2_humble/install/tf2_eigen_kdl:/home/waves/ros2_humble/install/tf2:/home/waves/ros2_humble/install/test_security:/home/waves/ros2_humble/install/test_rmw_implementation:/home/waves/ros2_humble/install/test_rclcpp:/home/waves/ros2_humble/install/test_quality_of_service:/home/waves/ros2_humble/install/test_launch_testing:/home/waves/ros2_humble/install/test_interface_files:/home/waves/ros2_humble/install/test_communication:/home/waves/ros2_humble/install/test_cli_remapping:/home/waves/ros2_humble/install/test_cli:/home/waves/ros2_humble/install/qt_gui_app:/home/waves/ros2_humble/install/qt_gui:/home/waves/ros2_humble/install/tango_icons_vendor:/home/waves/ros2_humble/install/stereo_msgs:/home/waves/ros2_humble/install/std_srvs:/home/waves/ros2_humble/install/shape_msgs:/home/waves/ros2_humble/install/map_msgs:/home/waves/ros2_humble/install/sensor_msgs:/home/waves/ros2_humble/install/nav_msgs:/home/waves/ros2_humble/install/diagnostic_msgs:/home/waves/ros2_humble/install/geometry_msgs:/home/waves/ros2_humble/install/actionlib_msgs:/home/waves/ros2_humble/install/std_msgs:/home/waves/ros2_humble/install/statistics_msgs:/home/waves/ros2_humble/install/sqlite3_vendor:/home/waves/ros2_humble/install/rcl_logging_spdlog:/home/waves/ros2_humble/install/spdlog_vendor:/home/waves/ros2_humble/install/shared_queues_vendor:/home/waves/ros2_humble/install/rviz_rendering_tests:/home/waves/ros2_humble/install/rviz_rendering:/home/waves/ros2_humble/install/rviz_ogre_vendor:/home/waves/ros2_humble/install/rviz_assimp_vendor:/home/waves/ros2_humble/install/rttest:/home/waves/ros2_humble/install/rmw_connextddsmicro:/home/waves/ros2_humble/install/rmw_connextdds:/home/waves/ros2_humble/install/rmw_connextdds_common:/home/waves/ros2_humble/install/rti_connext_dds_cmake_module:/home/waves/ros2_humble/install/rosgraph_msgs:/home/waves/ros2_humble/install/rosbag2_interfaces:/home/waves/ros2_humble/install/rmw_dds_common:/home/waves/ros2_humble/install/composition_interfaces:/home/waves/ros2_humble/install/rcl_interfaces:/home/waves/ros2_humble/install/pendulum_msgs:/home/waves/ros2_humble/install/lifecycle_msgs:/home/waves/ros2_humble/install/builtin_interfaces:/home/waves/ros2_humble/install/rosidl_default_runtime:/home/waves/ros2_humble/install/rosidl_default_generators:/home/waves/ros2_humble/install/rosidl_generator_py:/home/waves/ros2_humble/install/rosidl_typesupport_introspection_tests:/home/waves/ros2_humble/install/rosidl_typesupport_cpp:/home/waves/ros2_humble/install/rosidl_typesupport_introspection_cpp:/home/waves/ros2_humble/install/rosidl_typesupport_c:/home/waves/ros2_humble/install/rosidl_typesupport_introspection_c:/home/waves/ros2_humble/install/rosidl_typesupport_fastrtps_c:/home/waves/ros2_humble/install/rosidl_typesupport_fastrtps_cpp:/home/waves/ros2_humble/install/rosidl_generator_cpp:/home/waves/ros2_humble/install/rosidl_runtime_cpp:/home/waves/ros2_humble/install/rcl_yaml_param_parser:/home/waves/ros2_humble/install/rmw:/home/waves/ros2_humble/install/rosidl_runtime_c:/home/waves/ros2_humble/install/rosidl_generator_c:/home/waves/ros2_humble/install/rosidl_typesupport_interface:/home/waves/ros2_humble/install/rosidl_generator_dds_idl:/home/waves/ros2_humble/install/rosidl_cmake:/home/waves/ros2_humble/install/rosidl_parser:/home/waves/ros2_humble/install/rosidl_adapter:/home/waves/ros2_humble/install/rosbag2_tests:/home/waves/ros2_humble/install/ros_environment:/home/waves/ros2_humble/install/rmw_implementation_cmake:/home/waves/ros2_humble/install/resource_retriever:/home/waves/ros2_humble/install/class_loader:/home/waves/ros2_humble/install/rcpputils:/home/waves/ros2_humble/install/rcl_logging_noop:/home/waves/ros2_humble/install/rcl_logging_interface:/home/waves/ros2_humble/install/rcutils:/home/waves/ros2_humble/install/qt_gui_py_common:/home/waves/ros2_humble/install/qt_dotgraph:/home/waves/ros2_humble/install/python_qt_binding:/home/waves/ros2_humble/install/python_orocos_kdl_vendor:/home/waves/ros2_humble/install/launch_testing_ament_cmake:/home/waves/ros2_humble/install/python_cmake_module:/home/waves/ros2_humble/install/pybind11_vendor:/home/waves/ros2_humble/install/performance_test_fixture:/home/waves/ros2_humble/install/osrf_testing_tools_cpp:/home/waves/ros2_humble/install/orocos_kdl_vendor:/home/waves/ros2_humble/install/mimick_vendor:/home/waves/ros2_humble/install/libyaml_vendor:/home/waves/ros2_humble/install/libcurl_vendor:/home/waves/ros2_humble/install/keyboard_handler:/home/waves/ros2_humble/install/iceoryx_introspection:/home/waves/ros2_humble/install/cyclonedds:/home/waves/ros2_humble/install/iceoryx_posh:/home/waves/ros2_humble/install/iceoryx_hoofs:/home/waves/ros2_humble/install/iceoryx_binding_c:/home/waves/ros2_humble/install/ament_cmake_ros:/home/waves/ros2_humble/install/ament_cmake_auto:/home/waves/ros2_humble/install/ament_cmake_gmock:/home/waves/ros2_humble/install/gmock_vendor:/home/waves/ros2_humble/install/ament_cmake_gtest:/home/waves/ros2_humble/install/gtest_vendor:/home/waves/ros2_humble/install/ament_cmake_google_benchmark:/home/waves/ros2_humble/install/google_benchmark_vendor:/home/waves/ros2_humble/install/fastrtps:/home/waves/ros2_humble/install/foonathan_memory_vendor:/home/waves/ros2_humble/install/fastrtps_cmake_module:/home/waves/ros2_humble/install/fastcdr:/home/waves/ros2_humble/install/eigen3_cmake_module:/home/waves/ros2_humble/install/console_bridge_vendor:/home/waves/ros2_humble/install/ament_cmake_xmllint:/home/waves/ros2_humble/install/ament_cmake_pyflakes:/home/waves/ros2_humble/install/ament_cmake_pycodestyle:/home/waves/ros2_humble/install/ament_cmake_pep257:/home/waves/ros2_humble/install/ament_cmake_pclint:/home/waves/ros2_humble/install/ament_lint_auto:/home/waves/ros2_humble/install/ament_cmake:/home/waves/ros2_humble/install/ament_cmake_version:/home/waves/ros2_humble/install/ament_cmake_vendor_package:/home/waves/ros2_humble/install/ament_cmake_pytest:/home/waves/ros2_humble/install/ament_cmake_nose:/home/waves/ros2_humble/install/ament_cmake_mypy:/home/waves/ros2_humble/install/ament_cmake_lint_cmake:/home/waves/ros2_humble/install/ament_cmake_flake8:/home/waves/ros2_humble/install/ament_cmake_cpplint:/home/waves/ros2_humble/install/ament_cmake_cppcheck:/home/waves/ros2_humble/install/ament_cmake_copyright:/home/waves/ros2_humble/install/ament_cmake_clang_tidy:/home/waves/ros2_humble/install/ament_cmake_clang_format:/home/waves/ros2_humble/install/ament_cmake_test:/home/waves/ros2_humble/install/ament_cmake_target_dependencies:/home/waves/ros2_humble/install/ament_cmake_python:/home/waves/ros2_humble/install/ament_cmake_export_dependencies:/home/waves/ros2_humble/install/ament_cmake_libraries:/home/waves/ros2_humble/install/ament_cmake_include_directories:/home/waves/ros2_humble/install/ament_cmake_gen_version_h:/home/waves/ros2_humble/install/ament_cmake_export_targets:/home/waves/ros2_humble/install/ament_cmake_export_link_flags:/home/waves/ros2_humble/install/ament_cmake_export_interfaces:/home/waves/ros2_humble/install/ament_cmake_export_libraries:/home/waves/ros2_humble/install/ament_cmake_export_include_directories:/home/waves/ros2_humble/install/ament_cmake_export_definitions:/home/waves/ros2_humble/install/ament_cmake_core:/home/waves/ros2_humble/install/ament_index_cpp /usr/bin/cmake --build /home/waves/hexapod/build/hexapod_services -- -j4 -l4
[5.601s] DEBUG:colcon.colcon_core.event_handler.log_command:Invoking command in '/home/waves/hexapod/build/hexapod_services': CMAKE_PREFIX_PATH=/home/waves/hexapod/install/hexapod_interfaces:/home/waves/hexapod/install/hexapod_services:/home/waves/hexapod/install/hexapod_control:/home/waves/ros2_ws/install/video_runner:/home/waves/ros2_ws/install/robotics_class:/home/waves/ros2_ws/install/my_robot_bringup:/home/waves/ros2_ws/install/my_cpp_prac:/home/waves/ros2_ws/install/my_cpp_pkg:/home/waves/ros2_ws/install/act_5:/home/waves/ros2_ws/install/my_interface:/home/waves/ros2_ws/install/buffer:/home/waves/research/install/cobots:/home/waves/ros2_sim/install/ros2_control_demos:/home/waves/ros2_sim/install/ros2_control_demo_description:/home/waves/ros2_sim/install/my_robot_sim:/home/waves/ros2_sim/install/humanoid:/home/waves/ros2_sim/install/hopper_sim:/home/waves/ros2_sim/install/hopper_description:/home/waves/hexapod/install/hexapod_communication:/home/waves/ros2_ws/install/my_py_pkg:/opt/ros/humble:/home/waves/ros2_humble/install/rqt_bag_plugins:/home/waves/ros2_humble/install/rqt_bag:/home/waves/ros2_humble/install/launch_testing_examples:/home/waves/ros2_humble/install/ros2bag:/home/waves/ros2_humble/install/tracetools_test:/home/waves/ros2_humble/install/tracetools_launch:/home/waves/ros2_humble/install/topic_monitor:/home/waves/ros2_humble/install/tf2_tools:/home/waves/ros2_humble/install/examples_tf2_py:/home/waves/ros2_humble/install/tf2_ros_py:/home/waves/ros2_humble/install/sros2:/home/waves/ros2_humble/install/rqt_topic:/home/waves/ros2_humble/install/rqt_srv:/home/waves/ros2_humble/install/rqt_shell:/home/waves/ros2_humble/install/rqt_service_caller:/home/waves/ros2_humble/install/rqt_reconfigure:/home/waves/ros2_humble/install/rqt_py_console:/home/waves/ros2_humble/install/rqt_publisher:/home/waves/ros2_humble/install/rqt_plot:/home/waves/ros2_humble/install/rqt_action:/home/waves/ros2_humble/install/rqt_msg:/home/waves/ros2_humble/install/rqt_console:/home/waves/ros2_humble/install/rqt:/home/waves/ros2_humble/install/rqt_graph:/home/waves/ros2_humble/install/rqt_gui_py:/home/waves/ros2_humble/install/rqt_gui:/home/waves/ros2_humble/install/ros2trace:/home/waves/ros2_humble/install/ros2topic:/home/waves/ros2_humble/install/ros2test:/home/waves/ros2_humble/install/ros2component:/home/waves/ros2_humble/install/ros2param:/home/waves/ros2_humble/install/ros2lifecycle:/home/waves/ros2_humble/install/ros2service:/home/waves/ros2_humble/install/ros2run:/home/waves/ros2_humble/install/ros2launch:/home/waves/ros2_humble/install/ros2pkg:/home/waves/ros2_humble/install/ros2node:/home/waves/ros2_humble/install/ros2multicast:/home/waves/ros2_humble/install/ros2interface:/home/waves/ros2_humble/install/ros2doctor:/home/waves/ros2_humble/install/ros2action:/home/waves/ros2_humble/install/ros2cli:/home/waves/ros2_humble/install/quality_of_service_demo_py:/home/waves/ros2_humble/install/lifecycle_py:/home/waves/ros2_humble/install/launch_testing_ros:/home/waves/ros2_humble/install/launch_ros:/home/waves/ros2_humble/install/examples_rclpy_pointcloud_publisher:/home/waves/ros2_humble/install/examples_rclpy_minimal_subscriber:/home/waves/ros2_humble/install/examples_rclpy_minimal_service:/home/waves/ros2_humble/install/examples_rclpy_minimal_publisher:/home/waves/ros2_humble/install/examples_rclpy_minimal_client:/home/waves/ros2_humble/install/examples_rclpy_minimal_action_server:/home/waves/ros2_humble/install/examples_rclpy_minimal_action_client:/home/waves/ros2_humble/install/examples_rclpy_guard_conditions:/home/waves/ros2_humble/install/examples_rclpy_executors:/home/waves/ros2_humble/install/demo_nodes_py:/home/waves/ros2_humble/install/camera_info_manager_py:/home/waves/ros2_humble/install/action_tutorials_py:/home/waves/ros2_humble/install/ament_uncrustify:/home/waves/ros2_humble/install/tracetools_trace:/home/waves/ros2_humble/install/tracetools_read:/home/waves/ros2_humble/install/test_tracetools_launch:/home/waves/ros2_humble/install/test_launch_ros:/home/waves/ros2_humble/install/sensor_msgs_py:/home/waves/ros2_humble/install/rpyutils:/home/waves/ros2_humble/install/rosidl_runtime_py:/home/waves/ros2_humble/install/rosidl_cli:/home/waves/ros2_humble/install/launch_pytest:/home/waves/ros2_humble/install/launch_testing:/home/waves/ros2_humble/install/launch_yaml:/home/waves/ros2_humble/install/launch_xml:/home/waves/ros2_humble/install/launch:/home/waves/ros2_humble/install/osrf_pycommon:/home/waves/ros2_humble/install/domain_coordinator:/home/waves/ros2_humble/install/ament_xmllint:/home/waves/ros2_humble/install/ament_pyflakes:/home/waves/ros2_humble/install/ament_pycodestyle:/home/waves/ros2_humble/install/ament_pep257:/home/waves/ros2_humble/install/ament_pclint:/home/waves/ros2_humble/install/ament_package:/home/waves/ros2_humble/install/ament_mypy:/home/waves/ros2_humble/install/ament_lint_cmake:/home/waves/ros2_humble/install/ament_flake8:/home/waves/ros2_humble/install/ament_copyright:/home/waves/ros2_humble/install/ament_lint:/home/waves/ros2_humble/install/ament_index_python:/home/waves/ros2_humble/install/ament_cpplint:/home/waves/ros2_humble/install/ament_cppcheck:/home/waves/ros2_humble/install/ament_clang_tidy:/home/waves/ros2_humble/install/ament_clang_format:/home/waves/ros2_sim/install/hexapod_description:/home/waves/ros2_sim/install/hexapod:/home/waves/ros2_sim/install/franka:/home/waves/ros2_humble/install/rosbag2_storage_mcap:/home/waves/ros2_humble/install/rosbag2:/home/waves/ros2_humble/install/rosbag2_compression_zstd:/home/waves/ros2_humble/install/mcap_vendor:/home/waves/ros2_humble/install/zstd_vendor:/home/waves/ros2_humble/install/rviz_visual_testing_framework:/home/waves/ros2_humble/install/rviz2:/home/waves/ros2_humble/install/rviz_default_plugins:/home/waves/ros2_humble/install/rviz_common:/home/waves/ros2_humble/install/rosbag2_py:/home/waves/ros2_humble/install/rosbag2_transport:/home/waves/ros2_humble/install/rosbag2_storage_default_plugins:/home/waves/ros2_humble/install/rosbag2_performance_benchmarking:/home/waves/ros2_humble/install/rosbag2_compression:/home/waves/ros2_humble/install/rosbag2_cpp:/home/waves/ros2_humble/install/rosbag2_storage:/home/waves/ros2_humble/install/image_common:/home/waves/ros2_humble/install/camera_info_manager:/home/waves/ros2_humble/install/camera_calibration_parsers:/home/waves/ros2_humble/install/yaml_cpp_vendor:/home/waves/ros2_humble/install/interactive_markers:/home/waves/ros2_humble/install/common_interfaces:/home/waves/ros2_humble/install/visualization_msgs:/home/waves/ros2_humble/install/dummy_robot_bringup:/home/waves/ros2_humble/install/robot_state_publisher:/home/waves/ros2_humble/install/kdl_parser:/home/waves/ros2_humble/install/urdf:/home/waves/ros2_humble/install/urdfdom:/home/waves/ros2_humble/install/urdf_parser_plugin:/home/waves/ros2_humble/install/urdfdom_headers:/home/waves/ros2_humble/install/turtlesim:/home/waves/ros2_humble/install/geometry2:/home/waves/ros2_humble/install/tf2_sensor_msgs:/home/waves/ros2_humble/install/test_tf2:/home/waves/ros2_humble/install/tf2_kdl:/home/waves/ros2_humble/install/tf2_geometry_msgs:/home/waves/ros2_humble/install/tf2_eigen:/home/waves/ros2_humble/install/tf2_bullet:/home/waves/ros2_humble/install/tf2_ros:/home/waves/ros2_humble/install/tf2_py:/home/waves/ros2_humble/install/tf2_msgs:/home/waves/ros2_humble/install/test_msgs:/home/waves/ros2_humble/install/sros2_cmake:/home/waves/ros2_humble/install/ros2cli_common_extensions:/home/waves/ros2_humble/install/rqt_py_common:/home/waves/ros2_humble/install/rosbag2_storage_mcap_testdata:/home/waves/ros2_humble/install/ros_testing:/home/waves/ros2_humble/install/ros2cli_test_interfaces:/home/waves/ros2_humble/install/quality_of_service_demo_cpp:/home/waves/ros2_humble/install/image_transport:/home/waves/ros2_humble/install/message_filters:/home/waves/ros2_humble/install/demo_nodes_cpp:/home/waves/ros2_humble/install/composition:/home/waves/ros2_humble/install/laser_geometry:/home/waves/ros2_humble/install/rclpy:/home/waves/ros2_humble/install/examples_rclcpp_minimal_action_server:/home/waves/ros2_humble/install/examples_rclcpp_minimal_action_client:/home/waves/ros2_humble/install/action_tutorials_cpp:/home/waves/ros2_humble/install/rclcpp_action:/home/waves/ros2_humble/install/rcl_action:/home/waves/ros2_humble/install/examples_rclcpp_wait_set:/home/waves/ros2_humble/install/examples_rclcpp_minimal_service:/home/waves/ros2_humble/install/examples_rclcpp_minimal_client:/home/waves/ros2_humble/install/examples_rclcpp_async_client:/home/waves/ros2_humble/install/example_interfaces:/home/waves/ros2_humble/install/action_tutorials_interfaces:/home/waves/ros2_humble/install/action_msgs:/home/waves/ros2_humble/install/unique_identifier_msgs:/home/waves/ros2_humble/install/ament_lint_common:/home/waves/ros2_humble/install/ament_cmake_uncrustify:/home/waves/ros2_humble/install/uncrustify_vendor:/home/waves/ros2_humble/install/trajectory_msgs:/home/waves/ros2_humble/install/topic_statistics_demo:/home/waves/ros2_humble/install/pendulum_control:/home/waves/ros2_humble/install/tlsf_cpp:/home/waves/ros2_humble/install/test_tracetools:/home/waves/ros2_humble/install/rqt_gui_cpp:/home/waves/ros2_humble/install/rosbag2_test_common:/home/waves/ros2_humble/install/ros2lifecycle_test_fixtures:/home/waves/ros2_humble/install/lifecycle:/home/waves/ros2_humble/install/rclcpp_lifecycle:/home/waves/ros2_humble/install/logging_demo:/home/waves/ros2_humble/install/image_tools:/home/waves/ros2_humble/install/examples_rclcpp_minimal_subscriber:/home/waves/ros2_humble/install/examples_rclcpp_minimal_composition:/home/waves/ros2_humble/install/demo_nodes_cpp_native:/home/waves/ros2_humble/install/rclcpp_components:/home/waves/ros2_humble/install/intra_process_demo:/home/waves/ros2_humble/install/examples_rclcpp_multithreaded_executor:/home/waves/ros2_humble/install/examples_rclcpp_minimal_timer:/home/waves/ros2_humble/install/examples_rclcpp_minimal_publisher:/home/waves/ros2_humble/install/examples_rclcpp_cbg_executor:/home/waves/ros2_humble/install/dummy_sensors:/home/waves/ros2_humble/install/dummy_map_server:/home/waves/ros2_humble/install/rclcpp:/home/waves/ros2_humble/install/rcl_lifecycle:/home/waves/ros2_humble/install/libstatistics_collector:/home/waves/ros2_humble/install/rcl:/home/waves/ros2_humble/install/rmw_implementation:/home/waves/ros2_humble/install/rmw_fastrtps_dynamic_cpp:/home/waves/ros2_humble/install/rmw_fastrtps_cpp:/home/waves/ros2_humble/install/rmw_fastrtps_shared_cpp:/home/waves/ros2_humble/install/rmw_cyclonedds_cpp:/home/waves/ros2_humble/install/tracetools:/home/waves/ros2_humble/install/tlsf:/home/waves/ros2_humble/install/tinyxml_vendor:/home/waves/ros2_humble/install/qt_gui_core:/home/waves/ros2_humble/install/qt_gui_cpp:/home/waves/ros2_humble/install/pluginlib:/home/waves/ros2_humble/install/tinyxml2_vendor:/home/waves/ros2_humble/install/tf2_eigen_kdl:/home/waves/ros2_humble/install/tf2:/home/waves/ros2_humble/install/test_security:/home/waves/ros2_humble/install/test_rmw_implementation:/home/waves/ros2_humble/install/test_rclcpp:/home/waves/ros2_humble/install/test_quality_of_service:/home/waves/ros2_humble/install/test_launch_testing:/home/waves/ros2_humble/install/test_interface_files:/home/waves/ros2_humble/install/test_communication:/home/waves/ros2_humble/install/test_cli_remapping:/home/waves/ros2_humble/install/test_cli:/home/waves/ros2_humble/install/qt_gui_app:/home/waves/ros2_humble/install/qt_gui:/home/waves/ros2_humble/install/tango_icons_vendor:/home/waves/ros2_humble/install/stereo_msgs:/home/waves/ros2_humble/install/std_srvs:/home/waves/ros2_humble/install/shape_msgs:/home/waves/ros2_humble/install/map_msgs:/home/waves/ros2_humble/install/sensor_msgs:/home/waves/ros2_humble/install/nav_msgs:/home/waves/ros2_humble/install/diagnostic_msgs:/home/waves/ros2_humble/install/geometry_msgs:/home/waves/ros2_humble/install/actionlib_msgs:/home/waves/ros2_humble/install/std_msgs:/home/waves/ros2_humble/install/statistics_msgs:/home/waves/ros2_humble/install/sqlite3_vendor:/home/waves/ros2_humble/install/rcl_logging_spdlog:/home/waves/ros2_humble/install/spdlog_vendor:/home/waves/ros2_humble/install/shared_queues_vendor:/home/waves/ros2_humble/install/rviz_rendering_tests:/home/waves/ros2_humble/install/rviz_rendering:/home/waves/ros2_humble/install/rviz_ogre_vendor:/home/waves/ros2_humble/install/rviz_assimp_vendor:/home/waves/ros2_humble/install/rttest:/home/waves/ros2_humble/install/rmw_connextddsmicro:/home/waves/ros2_humble/install/rmw_connextdds:/home/waves/ros2_humble/install/rmw_connextdds_common:/home/waves/ros2_humble/install/rti_connext_dds_cmake_module:/home/waves/ros2_humble/install/rosgraph_msgs:/home/waves/ros2_humble/install/rosbag2_interfaces:/home/waves/ros2_humble/install/rmw_dds_common:/home/waves/ros2_humble/install/composition_interfaces:/home/waves/ros2_humble/install/rcl_interfaces:/home/waves/ros2_humble/install/pendulum_msgs:/home/waves/ros2_humble/install/lifecycle_msgs:/home/waves/ros2_humble/install/builtin_interfaces:/home/waves/ros2_humble/install/rosidl_default_runtime:/home/waves/ros2_humble/install/rosidl_default_generators:/home/waves/ros2_humble/install/rosidl_generator_py:/home/waves/ros2_humble/install/rosidl_typesupport_introspection_tests:/home/waves/ros2_humble/install/rosidl_typesupport_cpp:/home/waves/ros2_humble/install/rosidl_typesupport_introspection_cpp:/home/waves/ros2_humble/install/rosidl_typesupport_c:/home/waves/ros2_humble/install/rosidl_typesupport_introspection_c:/home/waves/ros2_humble/install/rosidl_typesupport_fastrtps_c:/home/waves/ros2_humble/install/rosidl_typesupport_fastrtps_cpp:/home/waves/ros2_humble/install/rosidl_generator_cpp:/home/waves/ros2_humble/install/rosidl_runtime_cpp:/home/waves/ros2_humble/install/rcl_yaml_param_parser:/home/waves/ros2_humble/install/rmw:/home/waves/ros2_humble/install/rosidl_runtime_c:/home/waves/ros2_humble/install/rosidl_generator_c:/home/waves/ros2_humble/install/rosidl_typesupport_interface:/home/waves/ros2_humble/install/rosidl_generator_dds_idl:/home/waves/ros2_humble/install/rosidl_cmake:/home/waves/ros2_humble/install/rosidl_parser:/home/waves/ros2_humble/install/rosidl_adapter:/home/waves/ros2_humble/install/rosbag2_tests:/home/waves/ros2_humble/install/ros_environment:/home/waves/ros2_humble/install/rmw_implementation_cmake:/home/waves/ros2_humble/install/resource_retriever:/home/waves/ros2_humble/install/class_loader:/home/waves/ros2_humble/install/rcpputils:/home/waves/ros2_humble/install/rcl_logging_noop:/home/waves/ros2_humble/install/rcl_logging_interface:/home/waves/ros2_humble/install/rcutils:/home/waves/ros2_humble/install/qt_gui_py_common:/home/waves/ros2_humble/install/qt_dotgraph:/home/waves/ros2_humble/install/python_qt_binding:/home/waves/ros2_humble/install/python_orocos_kdl_vendor:/home/waves/ros2_humble/install/launch_testing_ament_cmake:/home/waves/ros2_humble/install/python_cmake_module:/home/waves/ros2_humble/install/pybind11_vendor:/home/waves/ros2_humble/install/performance_test_fixture:/home/waves/ros2_humble/install/osrf_testing_tools_cpp:/home/waves/ros2_humble/install/orocos_kdl_vendor:/home/waves/ros2_humble/install/mimick_vendor:/home/waves/ros2_humble/install/libyaml_vendor:/home/waves/ros2_humble/install/libcurl_vendor:/home/waves/ros2_humble/install/keyboard_handler:/home/waves/ros2_humble/install/iceoryx_introspection:/home/waves/ros2_humble/install/cyclonedds:/home/waves/ros2_humble/install/iceoryx_posh:/home/waves/ros2_humble/install/iceoryx_hoofs:/home/waves/ros2_humble/install/iceoryx_binding_c:/home/waves/ros2_humble/install/ament_cmake_ros:/home/waves/ros2_humble/install/ament_cmake_auto:/home/waves/ros2_humble/install/ament_cmake_gmock:/home/waves/ros2_humble/install/gmock_vendor:/home/waves/ros2_humble/install/ament_cmake_gtest:/home/waves/ros2_humble/install/gtest_vendor:/home/waves/ros2_humble/install/ament_cmake_google_benchmark:/home/waves/ros2_humble/install/google_benchmark_vendor:/home/waves/ros2_humble/install/fastrtps:/home/waves/ros2_humble/install/foonathan_memory_vendor:/home/waves/ros2_humble/install/fastrtps_cmake_module:/home/waves/ros2_humble/install/fastcdr:/home/waves/ros2_humble/install/eigen3_cmake_module:/home/waves/ros2_humble/install/console_bridge_vendor:/home/waves/ros2_humble/install/ament_cmake_xmllint:/home/waves/ros2_humble/install/ament_cmake_pyflakes:/home/waves/ros2_humble/install/ament_cmake_pycodestyle:/home/waves/ros2_humble/install/ament_cmake_pep257:/home/waves/ros2_humble/install/ament_cmake_pclint:/home/waves/ros2_humble/install/ament_lint_auto:/home/waves/ros2_humble/install/ament_cmake:/home/waves/ros2_humble/install/ament_cmake_version:/home/waves/ros2_humble/install/ament_cmake_vendor_package:/home/waves/ros2_humble/install/ament_cmake_pytest:/home/waves/ros2_humble/install/ament_cmake_nose:/home/waves/ros2_humble/install/ament_cmake_mypy:/home/waves/ros2_humble/install/ament_cmake_lint_cmake:/home/waves/ros2_humble/install/ament_cmake_flake8:/home/waves/ros2_humble/install/ament_cmake_cpplint:/home/waves/ros2_humble/install/ament_cmake_cppcheck:/home/waves/ros2_humble/install/ament_cmake_copyright:/home/waves/ros2_humble/install/ament_cmake_clang_tidy:/home/waves/ros2_humble/install/ament_cmake_clang_format:/home/waves/ros2_humble/install/ament_cmake_test:/home/waves/ros2_humble/install/ament_cmake_target_dependencies:/home/waves/ros2_humble/install/ament_cmake_python:/home/waves/ros2_humble/install/ament_cmake_export_dependencies:/home/waves/ros2_humble/install/ament_cmake_libraries:/home/waves/ros2_humble/install/ament_cmake_include_directories:/home/waves/ros2_humble/install/ament_cmake_gen_version_h:/home/waves/ros2_humble/install/ament_cmake_export_targets:/home/waves/ros2_humble/install/ament_cmake_export_link_flags:/home/waves/ros2_humble/install/ament_cmake_export_interfaces:/home/waves/ros2_humble/install/ament_cmake_export_libraries:/home/waves/ros2_humble/install/ament_cmake_export_include_directories:/home/waves/ros2_humble/install/ament_cmake_export_definitions:/home/waves/ros2_humble/install/ament_cmake_core:/home/waves/ros2_humble/install/ament_index_cpp /usr/bin/cmake --install /home/waves/hexapod/build/hexapod_services
[5.605s] DEBUG:colcon.colcon_core.event_handler.log_command:Invoked command in '/home/waves/hexapod/build/hexapod_control' returned '0': CMAKE_PREFIX_PATH=/home/waves/hexapod/install/hexapod_interfaces:/home/waves/hexapod/install/hexapod_services:/home/waves/hexapod/install/hexapod_control:/home/waves/ros2_ws/install/video_runner:/home/waves/ros2_ws/install/robotics_class:/home/waves/ros2_ws/install/my_robot_bringup:/home/waves/ros2_ws/install/my_cpp_prac:/home/waves/ros2_ws/install/my_cpp_pkg:/home/waves/ros2_ws/install/act_5:/home/waves/ros2_ws/install/my_interface:/home/waves/ros2_ws/install/buffer:/home/waves/research/install/cobots:/home/waves/ros2_sim/install/ros2_control_demos:/home/waves/ros2_sim/install/ros2_control_demo_description:/home/waves/ros2_sim/install/my_robot_sim:/home/waves/ros2_sim/install/humanoid:/home/waves/ros2_sim/install/hopper_sim:/home/waves/ros2_sim/install/hopper_description:/home/waves/hexapod/install/hexapod_communication:/home/waves/ros2_ws/install/my_py_pkg:/opt/ros/humble:/home/waves/ros2_humble/install/rqt_bag_plugins:/home/waves/ros2_humble/install/rqt_bag:/home/waves/ros2_humble/install/launch_testing_examples:/home/waves/ros2_humble/install/ros2bag:/home/waves/ros2_humble/install/tracetools_test:/home/waves/ros2_humble/install/tracetools_launch:/home/waves/ros2_humble/install/topic_monitor:/home/waves/ros2_humble/install/tf2_tools:/home/waves/ros2_humble/install/examples_tf2_py:/home/waves/ros2_humble/install/tf2_ros_py:/home/waves/ros2_humble/install/sros2:/home/waves/ros2_humble/install/rqt_topic:/home/waves/ros2_humble/install/rqt_srv:/home/waves/ros2_humble/install/rqt_shell:/home/waves/ros2_humble/install/rqt_service_caller:/home/waves/ros2_humble/install/rqt_reconfigure:/home/waves/ros2_humble/install/rqt_py_console:/home/waves/ros2_humble/install/rqt_publisher:/home/waves/ros2_humble/install/rqt_plot:/home/waves/ros2_humble/install/rqt_action:/home/waves/ros2_humble/install/rqt_msg:/home/waves/ros2_humble/install/rqt_console:/home/waves/ros2_humble/install/rqt:/home/waves/ros2_humble/install/rqt_graph:/home/waves/ros2_humble/install/rqt_gui_py:/home/waves/ros2_humble/install/rqt_gui:/home/waves/ros2_humble/install/ros2trace:/home/waves/ros2_humble/install/ros2topic:/home/waves/ros2_humble/install/ros2test:/home/waves/ros2_humble/install/ros2component:/home/waves/ros2_humble/install/ros2param:/home/waves/ros2_humble/install/ros2lifecycle:/home/waves/ros2_humble/install/ros2service:/home/waves/ros2_humble/install/ros2run:/home/waves/ros2_humble/install/ros2launch:/home/waves/ros2_humble/install/ros2pkg:/home/waves/ros2_humble/install/ros2node:/home/waves/ros2_humble/install/ros2multicast:/home/waves/ros2_humble/install/ros2interface:/home/waves/ros2_humble/install/ros2doctor:/home/waves/ros2_humble/install/ros2action:/home/waves/ros2_humble/install/ros2cli:/home/waves/ros2_humble/install/quality_of_service_demo_py:/home/waves/ros2_humble/install/lifecycle_py:/home/waves/ros2_humble/install/launch_testing_ros:/home/waves/ros2_humble/install/launch_ros:/home/waves/ros2_humble/install/examples_rclpy_pointcloud_publisher:/home/waves/ros2_humble/install/examples_rclpy_minimal_subscriber:/home/waves/ros2_humble/install/examples_rclpy_minimal_service:/home/waves/ros2_humble/install/examples_rclpy_minimal_publisher:/home/waves/ros2_humble/install/examples_rclpy_minimal_client:/home/waves/ros2_humble/install/examples_rclpy_minimal_action_server:/home/waves/ros2_humble/install/examples_rclpy_minimal_action_client:/home/waves/ros2_humble/install/examples_rclpy_guard_conditions:/home/waves/ros2_humble/install/examples_rclpy_executors:/home/waves/ros2_humble/install/demo_nodes_py:/home/waves/ros2_humble/install/camera_info_manager_py:/home/waves/ros2_humble/install/action_tutorials_py:/home/waves/ros2_humble/install/ament_uncrustify:/home/waves/ros2_humble/install/tracetools_trace:/home/waves/ros2_humble/install/tracetools_read:/home/waves/ros2_humble/install/test_tracetools_launch:/home/waves/ros2_humble/install/test_launch_ros:/home/waves/ros2_humble/install/sensor_msgs_py:/home/waves/ros2_humble/install/rpyutils:/home/waves/ros2_humble/install/rosidl_runtime_py:/home/waves/ros2_humble/install/rosidl_cli:/home/waves/ros2_humble/install/launch_pytest:/home/waves/ros2_humble/install/launch_testing:/home/waves/ros2_humble/install/launch_yaml:/home/waves/ros2_humble/install/launch_xml:/home/waves/ros2_humble/install/launch:/home/waves/ros2_humble/install/osrf_pycommon:/home/waves/ros2_humble/install/domain_coordinator:/home/waves/ros2_humble/install/ament_xmllint:/home/waves/ros2_humble/install/ament_pyflakes:/home/waves/ros2_humble/install/ament_pycodestyle:/home/waves/ros2_humble/install/ament_pep257:/home/waves/ros2_humble/install/ament_pclint:/home/waves/ros2_humble/install/ament_package:/home/waves/ros2_humble/install/ament_mypy:/home/waves/ros2_humble/install/ament_lint_cmake:/home/waves/ros2_humble/install/ament_flake8:/home/waves/ros2_humble/install/ament_copyright:/home/waves/ros2_humble/install/ament_lint:/home/waves/ros2_humble/install/ament_index_python:/home/waves/ros2_humble/install/ament_cpplint:/home/waves/ros2_humble/install/ament_cppcheck:/home/waves/ros2_humble/install/ament_clang_tidy:/home/waves/ros2_humble/install/ament_clang_format:/home/waves/ros2_sim/install/hexapod_description:/home/waves/ros2_sim/install/hexapod:/home/waves/ros2_sim/install/franka:/home/waves/ros2_humble/install/rosbag2_storage_mcap:/home/waves/ros2_humble/install/rosbag2:/home/waves/ros2_humble/install/rosbag2_compression_zstd:/home/waves/ros2_humble/install/mcap_vendor:/home/waves/ros2_humble/install/zstd_vendor:/home/waves/ros2_humble/install/rviz_visual_testing_framework:/home/waves/ros2_humble/install/rviz2:/home/waves/ros2_humble/install/rviz_default_plugins:/home/waves/ros2_humble/install/rviz_common:/home/waves/ros2_humble/install/rosbag2_py:/home/waves/ros2_humble/install/rosbag2_transport:/home/waves/ros2_humble/install/rosbag2_storage_default_plugins:/home/waves/ros2_humble/install/rosbag2_performance_benchmarking:/home/waves/ros2_humble/install/rosbag2_compression:/home/waves/ros2_humble/install/rosbag2_cpp:/home/waves/ros2_humble/install/rosbag2_storage:/home/waves/ros2_humble/install/image_common:/home/waves/ros2_humble/install/camera_info_manager:/home/waves/ros2_humble/install/camera_calibration_parsers:/home/waves/ros2_humble/install/yaml_cpp_vendor:/home/waves/ros2_humble/install/interactive_markers:/home/waves/ros2_humble/install/common_interfaces:/home/waves/ros2_humble/install/visualization_msgs:/home/waves/ros2_humble/install/dummy_robot_bringup:/home/waves/ros2_humble/install/robot_state_publisher:/home/waves/ros2_humble/install/kdl_parser:/home/waves/ros2_humble/install/urdf:/home/waves/ros2_humble/install/urdfdom:/home/waves/ros2_humble/install/urdf_parser_plugin:/home/waves/ros2_humble/install/urdfdom_headers:/home/waves/ros2_humble/install/turtlesim:/home/waves/ros2_humble/install/geometry2:/home/waves/ros2_humble/install/tf2_sensor_msgs:/home/waves/ros2_humble/install/test_tf2:/home/waves/ros2_humble/install/tf2_kdl:/home/waves/ros2_humble/install/tf2_geometry_msgs:/home/waves/ros2_humble/install/tf2_eigen:/home/waves/ros2_humble/install/tf2_bullet:/home/waves/ros2_humble/install/tf2_ros:/home/waves/ros2_humble/install/tf2_py:/home/waves/ros2_humble/install/tf2_msgs:/home/waves/ros2_humble/install/test_msgs:/home/waves/ros2_humble/install/sros2_cmake:/home/waves/ros2_humble/install/ros2cli_common_extensions:/home/waves/ros2_humble/install/rqt_py_common:/home/waves/ros2_humble/install/rosbag2_storage_mcap_testdata:/home/waves/ros2_humble/install/ros_testing:/home/waves/ros2_humble/install/ros2cli_test_interfaces:/home/waves/ros2_humble/install/quality_of_service_demo_cpp:/home/waves/ros2_humble/install/image_transport:/home/waves/ros2_humble/install/message_filters:/home/waves/ros2_humble/install/demo_nodes_cpp:/home/waves/ros2_humble/install/composition:/home/waves/ros2_humble/install/laser_geometry:/home/waves/ros2_humble/install/rclpy:/home/waves/ros2_humble/install/examples_rclcpp_minimal_action_server:/home/waves/ros2_humble/install/examples_rclcpp_minimal_action_client:/home/waves/ros2_humble/install/action_tutorials_cpp:/home/waves/ros2_humble/install/rclcpp_action:/home/waves/ros2_humble/install/rcl_action:/home/waves/ros2_humble/install/examples_rclcpp_wait_set:/home/waves/ros2_humble/install/examples_rclcpp_minimal_service:/home/waves/ros2_humble/install/examples_rclcpp_minimal_client:/home/waves/ros2_humble/install/examples_rclcpp_async_client:/home/waves/ros2_humble/install/example_interfaces:/home/waves/ros2_humble/install/action_tutorials_interfaces:/home/waves/ros2_humble/install/action_msgs:/home/waves/ros2_humble/install/unique_identifier_msgs:/home/waves/ros2_humble/install/ament_lint_common:/home/waves/ros2_humble/install/ament_cmake_uncrustify:/home/waves/ros2_humble/install/uncrustify_vendor:/home/waves/ros2_humble/install/trajectory_msgs:/home/waves/ros2_humble/install/topic_statistics_demo:/home/waves/ros2_humble/install/pendulum_control:/home/waves/ros2_humble/install/tlsf_cpp:/home/waves/ros2_humble/install/test_tracetools:/home/waves/ros2_humble/install/rqt_gui_cpp:/home/waves/ros2_humble/install/rosbag2_test_common:/home/waves/ros2_humble/install/ros2lifecycle_test_fixtures:/home/waves/ros2_humble/install/lifecycle:/home/waves/ros2_humble/install/rclcpp_lifecycle:/home/waves/ros2_humble/install/logging_demo:/home/waves/ros2_humble/install/image_tools:/home/waves/ros2_humble/install/examples_rclcpp_minimal_subscriber:/home/waves/ros2_humble/install/examples_rclcpp_minimal_composition:/home/waves/ros2_humble/install/demo_nodes_cpp_native:/home/waves/ros2_humble/install/rclcpp_components:/home/waves/ros2_humble/install/intra_process_demo:/home/waves/ros2_humble/install/examples_rclcpp_multithreaded_executor:/home/waves/ros2_humble/install/examples_rclcpp_minimal_timer:/home/waves/ros2_humble/install/examples_rclcpp_minimal_publisher:/home/waves/ros2_humble/install/examples_rclcpp_cbg_executor:/home/waves/ros2_humble/install/dummy_sensors:/home/waves/ros2_humble/install/dummy_map_server:/home/waves/ros2_humble/install/rclcpp:/home/waves/ros2_humble/install/rcl_lifecycle:/home/waves/ros2_humble/install/libstatistics_collector:/home/waves/ros2_humble/install/rcl:/home/waves/ros2_humble/install/rmw_implementation:/home/waves/ros2_humble/install/rmw_fastrtps_dynamic_cpp:/home/waves/ros2_humble/install/rmw_fastrtps_cpp:/home/waves/ros2_humble/install/rmw_fastrtps_shared_cpp:/home/waves/ros2_humble/install/rmw_cyclonedds_cpp:/home/waves/ros2_humble/install/tracetools:/home/waves/ros2_humble/install/tlsf:/home/waves/ros2_humble/install/tinyxml_vendor:/home/waves/ros2_humble/install/qt_gui_core:/home/waves/ros2_humble/install/qt_gui_cpp:/home/waves/ros2_humble/install/pluginlib:/home/waves/ros2_humble/install/tinyxml2_vendor:/home/waves/ros2_humble/install/tf2_eigen_kdl:/home/waves/ros2_humble/install/tf2:/home/waves/ros2_humble/install/test_security:/home/waves/ros2_humble/install/test_rmw_implementation:/home/waves/ros2_humble/install/test_rclcpp:/home/waves/ros2_humble/install/test_quality_of_service:/home/waves/ros2_humble/install/test_launch_testing:/home/waves/ros2_humble/install/test_interface_files:/home/waves/ros2_humble/install/test_communication:/home/waves/ros2_humble/install/test_cli_remapping:/home/waves/ros2_humble/install/test_cli:/home/waves/ros2_humble/install/qt_gui_app:/home/waves/ros2_humble/install/qt_gui:/home/waves/ros2_humble/install/tango_icons_vendor:/home/waves/ros2_humble/install/stereo_msgs:/home/waves/ros2_humble/install/std_srvs:/home/waves/ros2_humble/install/shape_msgs:/home/waves/ros2_humble/install/map_msgs:/home/waves/ros2_humble/install/sensor_msgs:/home/waves/ros2_humble/install/nav_msgs:/home/waves/ros2_humble/install/diagnostic_msgs:/home/waves/ros2_humble/install/geometry_msgs:/home/waves/ros2_humble/install/actionlib_msgs:/home/waves/ros2_humble/install/std_msgs:/home/waves/ros2_humble/install/statistics_msgs:/home/waves/ros2_humble/install/sqlite3_vendor:/home/waves/ros2_humble/install/rcl_logging_spdlog:/home/waves/ros2_humble/install/spdlog_vendor:/home/waves/ros2_humble/install/shared_queues_vendor:/home/waves/ros2_humble/install/rviz_rendering_tests:/home/waves/ros2_humble/install/rviz_rendering:/home/waves/ros2_humble/install/rviz_ogre_vendor:/home/waves/ros2_humble/install/rviz_assimp_vendor:/home/waves/ros2_humble/install/rttest:/home/waves/ros2_humble/install/rmw_connextddsmicro:/home/waves/ros2_humble/install/rmw_connextdds:/home/waves/ros2_humble/install/rmw_connextdds_common:/home/waves/ros2_humble/install/rti_connext_dds_cmake_module:/home/waves/ros2_humble/install/rosgraph_msgs:/home/waves/ros2_humble/install/rosbag2_interfaces:/home/waves/ros2_humble/install/rmw_dds_common:/home/waves/ros2_humble/install/composition_interfaces:/home/waves/ros2_humble/install/rcl_interfaces:/home/waves/ros2_humble/install/pendulum_msgs:/home/waves/ros2_humble/install/lifecycle_msgs:/home/waves/ros2_humble/install/builtin_interfaces:/home/waves/ros2_humble/install/rosidl_default_runtime:/home/waves/ros2_humble/install/rosidl_default_generators:/home/waves/ros2_humble/install/rosidl_generator_py:/home/waves/ros2_humble/install/rosidl_typesupport_introspection_tests:/home/waves/ros2_humble/install/rosidl_typesupport_cpp:/home/waves/ros2_humble/install/rosidl_typesupport_introspection_cpp:/home/waves/ros2_humble/install/rosidl_typesupport_c:/home/waves/ros2_humble/install/rosidl_typesupport_introspection_c:/home/waves/ros2_humble/install/rosidl_typesupport_fastrtps_c:/home/waves/ros2_humble/install/rosidl_typesupport_fastrtps_cpp:/home/waves/ros2_humble/install/rosidl_generator_cpp:/home/waves/ros2_humble/install/rosidl_runtime_cpp:/home/waves/ros2_humble/install/rcl_yaml_param_parser:/home/waves/ros2_humble/install/rmw:/home/waves/ros2_humble/install/rosidl_runtime_c:/home/waves/ros2_humble/install/rosidl_generator_c:/home/waves/ros2_humble/install/rosidl_typesupport_interface:/home/waves/ros2_humble/install/rosidl_generator_dds_idl:/home/waves/ros2_humble/install/rosidl_cmake:/home/waves/ros2_humble/install/rosidl_parser:/home/waves/ros2_humble/install/rosidl_adapter:/home/waves/ros2_humble/install/rosbag2_tests:/home/waves/ros2_humble/install/ros_environment:/home/waves/ros2_humble/install/rmw_implementation_cmake:/home/waves/ros2_humble/install/resource_retriever:/home/waves/ros2_humble/install/class_loader:/home/waves/ros2_humble/install/rcpputils:/home/waves/ros2_humble/install/rcl_logging_noop:/home/waves/ros2_humble/install/rcl_logging_interface:/home/waves/ros2_humble/install/rcutils:/home/waves/ros2_humble/install/qt_gui_py_common:/home/waves/ros2_humble/install/qt_dotgraph:/home/waves/ros2_humble/install/python_qt_binding:/home/waves/ros2_humble/install/python_orocos_kdl_vendor:/home/waves/ros2_humble/install/launch_testing_ament_cmake:/home/waves/ros2_humble/install/python_cmake_module:/home/waves/ros2_humble/install/pybind11_vendor:/home/waves/ros2_humble/install/performance_test_fixture:/home/waves/ros2_humble/install/osrf_testing_tools_cpp:/home/waves/ros2_humble/install/orocos_kdl_vendor:/home/waves/ros2_humble/install/mimick_vendor:/home/waves/ros2_humble/install/libyaml_vendor:/home/waves/ros2_humble/install/libcurl_vendor:/home/waves/ros2_humble/install/keyboard_handler:/home/waves/ros2_humble/install/iceoryx_introspection:/home/waves/ros2_humble/install/cyclonedds:/home/waves/ros2_humble/install/iceoryx_posh:/home/waves/ros2_humble/install/iceoryx_hoofs:/home/waves/ros2_humble/install/iceoryx_binding_c:/home/waves/ros2_humble/install/ament_cmake_ros:/home/waves/ros2_humble/install/ament_cmake_auto:/home/waves/ros2_humble/install/ament_cmake_gmock:/home/waves/ros2_humble/install/gmock_vendor:/home/waves/ros2_humble/install/ament_cmake_gtest:/home/waves/ros2_humble/install/gtest_vendor:/home/waves/ros2_humble/install/ament_cmake_google_benchmark:/home/waves/ros2_humble/install/google_benchmark_vendor:/home/waves/ros2_humble/install/fastrtps:/home/waves/ros2_humble/install/foonathan_memory_vendor:/home/waves/ros2_humble/install/fastrtps_cmake_module:/home/waves/ros2_humble/install/fastcdr:/home/waves/ros2_humble/install/eigen3_cmake_module:/home/waves/ros2_humble/install/console_bridge_vendor:/home/waves/ros2_humble/install/ament_cmake_xmllint:/home/waves/ros2_humble/install/ament_cmake_pyflakes:/home/waves/ros2_humble/install/ament_cmake_pycodestyle:/home/waves/ros2_humble/install/ament_cmake_pep257:/home/waves/ros2_humble/install/ament_cmake_pclint:/home/waves/ros2_humble/install/ament_lint_auto:/home/waves/ros2_humble/install/ament_cmake:/home/waves/ros2_humble/install/ament_cmake_version:/home/waves/ros2_humble/install/ament_cmake_vendor_package:/home/waves/ros2_humble/install/ament_cmake_pytest:/home/waves/ros2_humble/install/ament_cmake_nose:/home/waves/ros2_humble/install/ament_cmake_mypy:/home/waves/ros2_humble/install/ament_cmake_lint_cmake:/home/waves/ros2_humble/install/ament_cmake_flake8:/home/waves/ros2_humble/install/ament_cmake_cpplint:/home/waves/ros2_humble/install/ament_cmake_cppcheck:/home/waves/ros2_humble/install/ament_cmake_copyright:/home/waves/ros2_humble/install/ament_cmake_clang_tidy:/home/waves/ros2_humble/install/ament_cmake_clang_format:/home/waves/ros2_humble/install/ament_cmake_test:/home/waves/ros2_humble/install/ament_cmake_target_dependencies:/home/waves/ros2_humble/install/ament_cmake_python:/home/waves/ros2_humble/install/ament_cmake_export_dependencies:/home/waves/ros2_humble/install/ament_cmake_libraries:/home/waves/ros2_humble/install/ament_cmake_include_directories:/home/waves/ros2_humble/install/ament_cmake_gen_version_h:/home/waves/ros2_humble/install/ament_cmake_export_targets:/home/waves/ros2_humble/install/ament_cmake_export_link_flags:/home/waves/ros2_humble/install/ament_cmake_export_interfaces:/home/waves/ros2_humble/install/ament_cmake_export_libraries:/home/waves/ros2_humble/install/ament_cmake_export_include_directories:/home/waves/ros2_humble/install/ament_cmake_export_definitions:/home/waves/ros2_humble/install/ament_cmake_core:/home/waves/ros2_humble/install/ament_index_cpp /usr/bin/cmake --build /home/waves/hexapod/build/hexapod_control -- -j4 -l4
[5.607s] DEBUG:colcon.colcon_core.event_handler.log_command:Invoking command in '/home/waves/hexapod/build/hexapod_control': CMAKE_PREFIX_PATH=/home/waves/hexapod/install/hexapod_interfaces:/home/waves/hexapod/install/hexapod_services:/home/waves/hexapod/install/hexapod_control:/home/waves/ros2_ws/install/video_runner:/home/waves/ros2_ws/install/robotics_class:/home/waves/ros2_ws/install/my_robot_bringup:/home/waves/ros2_ws/install/my_cpp_prac:/home/waves/ros2_ws/install/my_cpp_pkg:/home/waves/ros2_ws/install/act_5:/home/waves/ros2_ws/install/my_interface:/home/waves/ros2_ws/install/buffer:/home/waves/research/install/cobots:/home/waves/ros2_sim/install/ros2_control_demos:/home/waves/ros2_sim/install/ros2_control_demo_description:/home/waves/ros2_sim/install/my_robot_sim:/home/waves/ros2_sim/install/humanoid:/home/waves/ros2_sim/install/hopper_sim:/home/waves/ros2_sim/install/hopper_description:/home/waves/hexapod/install/hexapod_communication:/home/waves/ros2_ws/install/my_py_pkg:/opt/ros/humble:/home/waves/ros2_humble/install/rqt_bag_plugins:/home/waves/ros2_humble/install/rqt_bag:/home/waves/ros2_humble/install/launch_testing_examples:/home/waves/ros2_humble/install/ros2bag:/home/waves/ros2_humble/install/tracetools_test:/home/waves/ros2_humble/install/tracetools_launch:/home/waves/ros2_humble/install/topic_monitor:/home/waves/ros2_humble/install/tf2_tools:/home/waves/ros2_humble/install/examples_tf2_py:/home/waves/ros2_humble/install/tf2_ros_py:/home/waves/ros2_humble/install/sros2:/home/waves/ros2_humble/install/rqt_topic:/home/waves/ros2_humble/install/rqt_srv:/home/waves/ros2_humble/install/rqt_shell:/home/waves/ros2_humble/install/rqt_service_caller:/home/waves/ros2_humble/install/rqt_reconfigure:/home/waves/ros2_humble/install/rqt_py_console:/home/waves/ros2_humble/install/rqt_publisher:/home/waves/ros2_humble/install/rqt_plot:/home/waves/ros2_humble/install/rqt_action:/home/waves/ros2_humble/install/rqt_msg:/home/waves/ros2_humble/install/rqt_console:/home/waves/ros2_humble/install/rqt:/home/waves/ros2_humble/install/rqt_graph:/home/waves/ros2_humble/install/rqt_gui_py:/home/waves/ros2_humble/install/rqt_gui:/home/waves/ros2_humble/install/ros2trace:/home/waves/ros2_humble/install/ros2topic:/home/waves/ros2_humble/install/ros2test:/home/waves/ros2_humble/install/ros2component:/home/waves/ros2_humble/install/ros2param:/home/waves/ros2_humble/install/ros2lifecycle:/home/waves/ros2_humble/install/ros2service:/home/waves/ros2_humble/install/ros2run:/home/waves/ros2_humble/install/ros2launch:/home/waves/ros2_humble/install/ros2pkg:/home/waves/ros2_humble/install/ros2node:/home/waves/ros2_humble/install/ros2multicast:/home/waves/ros2_humble/install/ros2interface:/home/waves/ros2_humble/install/ros2doctor:/home/waves/ros2_humble/install/ros2action:/home/waves/ros2_humble/install/ros2cli:/home/waves/ros2_humble/install/quality_of_service_demo_py:/home/waves/ros2_humble/install/lifecycle_py:/home/waves/ros2_humble/install/launch_testing_ros:/home/waves/ros2_humble/install/launch_ros:/home/waves/ros2_humble/install/examples_rclpy_pointcloud_publisher:/home/waves/ros2_humble/install/examples_rclpy_minimal_subscriber:/home/waves/ros2_humble/install/examples_rclpy_minimal_service:/home/waves/ros2_humble/install/examples_rclpy_minimal_publisher:/home/waves/ros2_humble/install/examples_rclpy_minimal_client:/home/waves/ros2_humble/install/examples_rclpy_minimal_action_server:/home/waves/ros2_humble/install/examples_rclpy_minimal_action_client:/home/waves/ros2_humble/install/examples_rclpy_guard_conditions:/home/waves/ros2_humble/install/examples_rclpy_executors:/home/waves/ros2_humble/install/demo_nodes_py:/home/waves/ros2_humble/install/camera_info_manager_py:/home/waves/ros2_humble/install/action_tutorials_py:/home/waves/ros2_humble/install/ament_uncrustify:/home/waves/ros2_humble/install/tracetools_trace:/home/waves/ros2_humble/install/tracetools_read:/home/waves/ros2_humble/install/test_tracetools_launch:/home/waves/ros2_humble/install/test_launch_ros:/home/waves/ros2_humble/install/sensor_msgs_py:/home/waves/ros2_humble/install/rpyutils:/home/waves/ros2_humble/install/rosidl_runtime_py:/home/waves/ros2_humble/install/rosidl_cli:/home/waves/ros2_humble/install/launch_pytest:/home/waves/ros2_humble/install/launch_testing:/home/waves/ros2_humble/install/launch_yaml:/home/waves/ros2_humble/install/launch_xml:/home/waves/ros2_humble/install/launch:/home/waves/ros2_humble/install/osrf_pycommon:/home/waves/ros2_humble/install/domain_coordinator:/home/waves/ros2_humble/install/ament_xmllint:/home/waves/ros2_humble/install/ament_pyflakes:/home/waves/ros2_humble/install/ament_pycodestyle:/home/waves/ros2_humble/install/ament_pep257:/home/waves/ros2_humble/install/ament_pclint:/home/waves/ros2_humble/install/ament_package:/home/waves/ros2_humble/install/ament_mypy:/home/waves/ros2_humble/install/ament_lint_cmake:/home/waves/ros2_humble/install/ament_flake8:/home/waves/ros2_humble/install/ament_copyright:/home/waves/ros2_humble/install/ament_lint:/home/waves/ros2_humble/install/ament_index_python:/home/waves/ros2_humble/install/ament_cpplint:/home/waves/ros2_humble/install/ament_cppcheck:/home/waves/ros2_humble/install/ament_clang_tidy:/home/waves/ros2_humble/install/ament_clang_format:/home/waves/ros2_sim/install/hexapod_description:/home/waves/ros2_sim/install/hexapod:/home/waves/ros2_sim/install/franka:/home/waves/ros2_humble/install/rosbag2_storage_mcap:/home/waves/ros2_humble/install/rosbag2:/home/waves/ros2_humble/install/rosbag2_compression_zstd:/home/waves/ros2_humble/install/mcap_vendor:/home/waves/ros2_humble/install/zstd_vendor:/home/waves/ros2_humble/install/rviz_visual_testing_framework:/home/waves/ros2_humble/install/rviz2:/home/waves/ros2_humble/install/rviz_default_plugins:/home/waves/ros2_humble/install/rviz_common:/home/waves/ros2_humble/install/rosbag2_py:/home/waves/ros2_humble/install/rosbag2_transport:/home/waves/ros2_humble/install/rosbag2_storage_default_plugins:/home/waves/ros2_humble/install/rosbag2_performance_benchmarking:/home/waves/ros2_humble/install/rosbag2_compression:/home/waves/ros2_humble/install/rosbag2_cpp:/home/waves/ros2_humble/install/rosbag2_storage:/home/waves/ros2_humble/install/image_common:/home/waves/ros2_humble/install/camera_info_manager:/home/waves/ros2_humble/install/camera_calibration_parsers:/home/waves/ros2_humble/install/yaml_cpp_vendor:/home/waves/ros2_humble/install/interactive_markers:/home/waves/ros2_humble/install/common_interfaces:/home/waves/ros2_humble/install/visualization_msgs:/home/waves/ros2_humble/install/dummy_robot_bringup:/home/waves/ros2_humble/install/robot_state_publisher:/home/waves/ros2_humble/install/kdl_parser:/home/waves/ros2_humble/install/urdf:/home/waves/ros2_humble/install/urdfdom:/home/waves/ros2_humble/install/urdf_parser_plugin:/home/waves/ros2_humble/install/urdfdom_headers:/home/waves/ros2_humble/install/turtlesim:/home/waves/ros2_humble/install/geometry2:/home/waves/ros2_humble/install/tf2_sensor_msgs:/home/waves/ros2_humble/install/test_tf2:/home/waves/ros2_humble/install/tf2_kdl:/home/waves/ros2_humble/install/tf2_geometry_msgs:/home/waves/ros2_humble/install/tf2_eigen:/home/waves/ros2_humble/install/tf2_bullet:/home/waves/ros2_humble/install/tf2_ros:/home/waves/ros2_humble/install/tf2_py:/home/waves/ros2_humble/install/tf2_msgs:/home/waves/ros2_humble/install/test_msgs:/home/waves/ros2_humble/install/sros2_cmake:/home/waves/ros2_humble/install/ros2cli_common_extensions:/home/waves/ros2_humble/install/rqt_py_common:/home/waves/ros2_humble/install/rosbag2_storage_mcap_testdata:/home/waves/ros2_humble/install/ros_testing:/home/waves/ros2_humble/install/ros2cli_test_interfaces:/home/waves/ros2_humble/install/quality_of_service_demo_cpp:/home/waves/ros2_humble/install/image_transport:/home/waves/ros2_humble/install/message_filters:/home/waves/ros2_humble/install/demo_nodes_cpp:/home/waves/ros2_humble/install/composition:/home/waves/ros2_humble/install/laser_geometry:/home/waves/ros2_humble/install/rclpy:/home/waves/ros2_humble/install/examples_rclcpp_minimal_action_server:/home/waves/ros2_humble/install/examples_rclcpp_minimal_action_client:/home/waves/ros2_humble/install/action_tutorials_cpp:/home/waves/ros2_humble/install/rclcpp_action:/home/waves/ros2_humble/install/rcl_action:/home/waves/ros2_humble/install/examples_rclcpp_wait_set:/home/waves/ros2_humble/install/examples_rclcpp_minimal_service:/home/waves/ros2_humble/install/examples_rclcpp_minimal_client:/home/waves/ros2_humble/install/examples_rclcpp_async_client:/home/waves/ros2_humble/install/example_interfaces:/home/waves/ros2_humble/install/action_tutorials_interfaces:/home/waves/ros2_humble/install/action_msgs:/home/waves/ros2_humble/install/unique_identifier_msgs:/home/waves/ros2_humble/install/ament_lint_common:/home/waves/ros2_humble/install/ament_cmake_uncrustify:/home/waves/ros2_humble/install/uncrustify_vendor:/home/waves/ros2_humble/install/trajectory_msgs:/home/waves/ros2_humble/install/topic_statistics_demo:/home/waves/ros2_humble/install/pendulum_control:/home/waves/ros2_humble/install/tlsf_cpp:/home/waves/ros2_humble/install/test_tracetools:/home/waves/ros2_humble/install/rqt_gui_cpp:/home/waves/ros2_humble/install/rosbag2_test_common:/home/waves/ros2_humble/install/ros2lifecycle_test_fixtures:/home/waves/ros2_humble/install/lifecycle:/home/waves/ros2_humble/install/rclcpp_lifecycle:/home/waves/ros2_humble/install/logging_demo:/home/waves/ros2_humble/install/image_tools:/home/waves/ros2_humble/install/examples_rclcpp_minimal_subscriber:/home/waves/ros2_humble/install/examples_rclcpp_minimal_composition:/home/waves/ros2_humble/install/demo_nodes_cpp_native:/home/waves/ros2_humble/install/rclcpp_components:/home/waves/ros2_humble/install/intra_process_demo:/home/waves/ros2_humble/install/examples_rclcpp_multithreaded_executor:/home/waves/ros2_humble/install/examples_rclcpp_minimal_timer:/home/waves/ros2_humble/install/examples_rclcpp_minimal_publisher:/home/waves/ros2_humble/install/examples_rclcpp_cbg_executor:/home/waves/ros2_humble/install/dummy_sensors:/home/waves/ros2_humble/install/dummy_map_server:/home/waves/ros2_humble/install/rclcpp:/home/waves/ros2_humble/install/rcl_lifecycle:/home/waves/ros2_humble/install/libstatistics_collector:/home/waves/ros2_humble/install/rcl:/home/waves/ros2_humble/install/rmw_implementation:/home/waves/ros2_humble/install/rmw_fastrtps_dynamic_cpp:/home/waves/ros2_humble/install/rmw_fastrtps_cpp:/home/waves/ros2_humble/install/rmw_fastrtps_shared_cpp:/home/waves/ros2_humble/install/rmw_cyclonedds_cpp:/home/waves/ros2_humble/install/tracetools:/home/waves/ros2_humble/install/tlsf:/home/waves/ros2_humble/install/tinyxml_vendor:/home/waves/ros2_humble/install/qt_gui_core:/home/waves/ros2_humble/install/qt_gui_cpp:/home/waves/ros2_humble/install/pluginlib:/home/waves/ros2_humble/install/tinyxml2_vendor:/home/waves/ros2_humble/install/tf2_eigen_kdl:/home/waves/ros2_humble/install/tf2:/home/waves/ros2_humble/install/test_security:/home/waves/ros2_humble/install/test_rmw_implementation:/home/waves/ros2_humble/install/test_rclcpp:/home/waves/ros2_humble/install/test_quality_of_service:/home/waves/ros2_humble/install/test_launch_testing:/home/waves/ros2_humble/install/test_interface_files:/home/waves/ros2_humble/install/test_communication:/home/waves/ros2_humble/install/test_cli_remapping:/home/waves/ros2_humble/install/test_cli:/home/waves/ros2_humble/install/qt_gui_app:/home/waves/ros2_humble/install/qt_gui:/home/waves/ros2_humble/install/tango_icons_vendor:/home/waves/ros2_humble/install/stereo_msgs:/home/waves/ros2_humble/install/std_srvs:/home/waves/ros2_humble/install/shape_msgs:/home/waves/ros2_humble/install/map_msgs:/home/waves/ros2_humble/install/sensor_msgs:/home/waves/ros2_humble/install/nav_msgs:/home/waves/ros2_humble/install/diagnostic_msgs:/home/waves/ros2_humble/install/geometry_msgs:/home/waves/ros2_humble/install/actionlib_msgs:/home/waves/ros2_humble/install/std_msgs:/home/waves/ros2_humble/install/statistics_msgs:/home/waves/ros2_humble/install/sqlite3_vendor:/home/waves/ros2_humble/install/rcl_logging_spdlog:/home/waves/ros2_humble/install/spdlog_vendor:/home/waves/ros2_humble/install/shared_queues_vendor:/home/waves/ros2_humble/install/rviz_rendering_tests:/home/waves/ros2_humble/install/rviz_rendering:/home/waves/ros2_humble/install/rviz_ogre_vendor:/home/waves/ros2_humble/install/rviz_assimp_vendor:/home/waves/ros2_humble/install/rttest:/home/waves/ros2_humble/install/rmw_connextddsmicro:/home/waves/ros2_humble/install/rmw_connextdds:/home/waves/ros2_humble/install/rmw_connextdds_common:/home/waves/ros2_humble/install/rti_connext_dds_cmake_module:/home/waves/ros2_humble/install/rosgraph_msgs:/home/waves/ros2_humble/install/rosbag2_interfaces:/home/waves/ros2_humble/install/rmw_dds_common:/home/waves/ros2_humble/install/composition_interfaces:/home/waves/ros2_humble/install/rcl_interfaces:/home/waves/ros2_humble/install/pendulum_msgs:/home/waves/ros2_humble/install/lifecycle_msgs:/home/waves/ros2_humble/install/builtin_interfaces:/home/waves/ros2_humble/install/rosidl_default_runtime:/home/waves/ros2_humble/install/rosidl_default_generators:/home/waves/ros2_humble/install/rosidl_generator_py:/home/waves/ros2_humble/install/rosidl_typesupport_introspection_tests:/home/waves/ros2_humble/install/rosidl_typesupport_cpp:/home/waves/ros2_humble/install/rosidl_typesupport_introspection_cpp:/home/waves/ros2_humble/install/rosidl_typesupport_c:/home/waves/ros2_humble/install/rosidl_typesupport_introspection_c:/home/waves/ros2_humble/install/rosidl_typesupport_fastrtps_c:/home/waves/ros2_humble/install/rosidl_typesupport_fastrtps_cpp:/home/waves/ros2_humble/install/rosidl_generator_cpp:/home/waves/ros2_humble/install/rosidl_runtime_cpp:/home/waves/ros2_humble/install/rcl_yaml_param_parser:/home/waves/ros2_humble/install/rmw:/home/waves/ros2_humble/install/rosidl_runtime_c:/home/waves/ros2_humble/install/rosidl_generator_c:/home/waves/ros2_humble/install/rosidl_typesupport_interface:/home/waves/ros2_humble/install/rosidl_generator_dds_idl:/home/waves/ros2_humble/install/rosidl_cmake:/home/waves/ros2_humble/install/rosidl_parser:/home/waves/ros2_humble/install/rosidl_adapter:/home/waves/ros2_humble/install/rosbag2_tests:/home/waves/ros2_humble/install/ros_environment:/home/waves/ros2_humble/install/rmw_implementation_cmake:/home/waves/ros2_humble/install/resource_retriever:/home/waves/ros2_humble/install/class_loader:/home/waves/ros2_humble/install/rcpputils:/home/waves/ros2_humble/install/rcl_logging_noop:/home/waves/ros2_humble/install/rcl_logging_interface:/home/waves/ros2_humble/install/rcutils:/home/waves/ros2_humble/install/qt_gui_py_common:/home/waves/ros2_humble/install/qt_dotgraph:/home/waves/ros2_humble/install/python_qt_binding:/home/waves/ros2_humble/install/python_orocos_kdl_vendor:/home/waves/ros2_humble/install/launch_testing_ament_cmake:/home/waves/ros2_humble/install/python_cmake_module:/home/waves/ros2_humble/install/pybind11_vendor:/home/waves/ros2_humble/install/performance_test_fixture:/home/waves/ros2_humble/install/osrf_testing_tools_cpp:/home/waves/ros2_humble/install/orocos_kdl_vendor:/home/waves/ros2_humble/install/mimick_vendor:/home/waves/ros2_humble/install/libyaml_vendor:/home/waves/ros2_humble/install/libcurl_vendor:/home/waves/ros2_humble/install/keyboard_handler:/home/waves/ros2_humble/install/iceoryx_introspection:/home/waves/ros2_humble/install/cyclonedds:/home/waves/ros2_humble/install/iceoryx_posh:/home/waves/ros2_humble/install/iceoryx_hoofs:/home/waves/ros2_humble/install/iceoryx_binding_c:/home/waves/ros2_humble/install/ament_cmake_ros:/home/waves/ros2_humble/install/ament_cmake_auto:/home/waves/ros2_humble/install/ament_cmake_gmock:/home/waves/ros2_humble/install/gmock_vendor:/home/waves/ros2_humble/install/ament_cmake_gtest:/home/waves/ros2_humble/install/gtest_vendor:/home/waves/ros2_humble/install/ament_cmake_google_benchmark:/home/waves/ros2_humble/install/google_benchmark_vendor:/home/waves/ros2_humble/install/fastrtps:/home/waves/ros2_humble/install/foonathan_memory_vendor:/home/waves/ros2_humble/install/fastrtps_cmake_module:/home/waves/ros2_humble/install/fastcdr:/home/waves/ros2_humble/install/eigen3_cmake_module:/home/waves/ros2_humble/install/console_bridge_vendor:/home/waves/ros2_humble/install/ament_cmake_xmllint:/home/waves/ros2_humble/install/ament_cmake_pyflakes:/home/waves/ros2_humble/install/ament_cmake_pycodestyle:/home/waves/ros2_humble/install/ament_cmake_pep257:/home/waves/ros2_humble/install/ament_cmake_pclint:/home/waves/ros2_humble/install/ament_lint_auto:/home/waves/ros2_humble/install/ament_cmake:/home/waves/ros2_humble/install/ament_cmake_version:/home/waves/ros2_humble/install/ament_cmake_vendor_package:/home/waves/ros2_humble/install/ament_cmake_pytest:/home/waves/ros2_humble/install/ament_cmake_nose:/home/waves/ros2_humble/install/ament_cmake_mypy:/home/waves/ros2_humble/install/ament_cmake_lint_cmake:/home/waves/ros2_humble/install/ament_cmake_flake8:/home/waves/ros2_humble/install/ament_cmake_cpplint:/home/waves/ros2_humble/install/ament_cmake_cppcheck:/home/waves/ros2_humble/install/ament_cmake_copyright:/home/waves/ros2_humble/install/ament_cmake_clang_tidy:/home/waves/ros2_humble/install/ament_cmake_clang_format:/home/waves/ros2_humble/install/ament_cmake_test:/home/waves/ros2_humble/install/ament_cmake_target_dependencies:/home/waves/ros2_humble/install/ament_cmake_python:/home/waves/ros2_humble/install/ament_cmake_export_dependencies:/home/waves/ros2_humble/install/ament_cmake_libraries:/home/waves/ros2_humble/install/ament_cmake_include_directories:/home/waves/ros2_humble/install/ament_cmake_gen_version_h:/home/waves/ros2_humble/install/ament_cmake_export_targets:/home/waves/ros2_humble/install/ament_cmake_export_link_flags:/home/waves/ros2_humble/install/ament_cmake_export_interfaces:/home/waves/ros2_humble/install/ament_cmake_export_libraries:/home/waves/ros2_humble/install/ament_cmake_export_include_directories:/home/waves/ros2_humble/install/ament_cmake_export_definitions:/home/waves/ros2_humble/install/ament_cmake_core:/home/waves/ros2_humble/install/ament_index_cpp /usr/bin/cmake --install /home/waves/hexapod/build/hexapod_control
[5.654s] Level 1:colcon.colcon_core.environment:create_environment_scripts_only(hexapod_services)
[5.655s] Level 1:colcon.colcon_core.environment:checking '/home/waves/hexapod/install/hexapod_services' for CMake module files
[5.655s] Level 1:colcon.colcon_core.environment:checking '/home/waves/hexapod/install/hexapod_services' for CMake config files
[5.656s] Level 1:colcon.colcon_core.shell:create_environment_hook('hexapod_services', 'cmake_prefix_path')
[5.656s] INFO:colcon.colcon_core.shell:Creating environment hook '/home/waves/hexapod/install/hexapod_services/share/hexapod_services/hook/cmake_prefix_path.ps1'
[5.658s] INFO:colcon.colcon_core.shell:Creating environment descriptor '/home/waves/hexapod/install/hexapod_services/share/hexapod_services/hook/cmake_prefix_path.dsv'
[5.659s] INFO:colcon.colcon_core.shell:Creating environment hook '/home/waves/hexapod/install/hexapod_services/share/hexapod_services/hook/cmake_prefix_path.sh'
[5.661s] Level 1:colcon.colcon_core.environment:checking '/home/waves/hexapod/install/hexapod_services/lib'
[5.661s] Level 1:colcon.colcon_core.environment:checking '/home/waves/hexapod/install/hexapod_services/bin'
[5.661s] Level 1:colcon.colcon_core.environment:checking '/home/waves/hexapod/install/hexapod_services/lib/pkgconfig/hexapod_services.pc'
[5.661s] Level 1:colcon.colcon_core.environment:checking '/home/waves/hexapod/install/hexapod_services/lib/python3.10/site-packages'
[5.662s] Level 1:colcon.colcon_core.environment:checking '/home/waves/hexapod/install/hexapod_services/bin'
[5.662s] INFO:colcon.colcon_core.shell:Creating package script '/home/waves/hexapod/install/hexapod_services/share/hexapod_services/package.ps1'
[5.663s] INFO:colcon.colcon_core.shell:Creating package descriptor '/home/waves/hexapod/install/hexapod_services/share/hexapod_services/package.dsv'
[5.664s] INFO:colcon.colcon_core.shell:Creating package script '/home/waves/hexapod/install/hexapod_services/share/hexapod_services/package.sh'
[5.665s] INFO:colcon.colcon_core.shell:Creating package script '/home/waves/hexapod/install/hexapod_services/share/hexapod_services/package.bash'
[5.666s] INFO:colcon.colcon_core.shell:Creating package script '/home/waves/hexapod/install/hexapod_services/share/hexapod_services/package.zsh'
[5.666s] Level 1:colcon.colcon_core.environment:create_file_with_runtime_dependencies(/home/waves/hexapod/install/hexapod_services/share/colcon-core/packages/hexapod_services)
[5.668s] Level 1:colcon.colcon_core.environment:create_environment_scripts_only(hexapod_services)
[5.668s] Level 1:colcon.colcon_core.environment:checking '/home/waves/hexapod/install/hexapod_services' for CMake module files
[5.668s] Level 1:colcon.colcon_core.environment:checking '/home/waves/hexapod/install/hexapod_services' for CMake config files
[5.669s] Level 1:colcon.colcon_core.shell:create_environment_hook('hexapod_services', 'cmake_prefix_path')
[5.669s] INFO:colcon.colcon_core.shell:Creating environment hook '/home/waves/hexapod/install/hexapod_services/share/hexapod_services/hook/cmake_prefix_path.ps1'
[5.670s] INFO:colcon.colcon_core.shell:Creating environment descriptor '/home/waves/hexapod/install/hexapod_services/share/hexapod_services/hook/cmake_prefix_path.dsv'
[5.670s] INFO:colcon.colcon_core.shell:Creating environment hook '/home/waves/hexapod/install/hexapod_services/share/hexapod_services/hook/cmake_prefix_path.sh'
[5.671s] Level 1:colcon.colcon_core.environment:checking '/home/waves/hexapod/install/hexapod_services/lib'
[5.672s] Level 1:colcon.colcon_core.environment:checking '/home/waves/hexapod/install/hexapod_services/bin'
[5.672s] Level 1:colcon.colcon_core.environment:checking '/home/waves/hexapod/install/hexapod_services/lib/pkgconfig/hexapod_services.pc'
[5.672s] Level 1:colcon.colcon_core.environment:checking '/home/waves/hexapod/install/hexapod_services/lib/python3.10/site-packages'
[5.672s] Level 1:colcon.colcon_core.environment:checking '/home/waves/hexapod/install/hexapod_services/bin'
[5.673s] INFO:colcon.colcon_core.shell:Creating package script '/home/waves/hexapod/install/hexapod_services/share/hexapod_services/package.ps1'
[5.674s] INFO:colcon.colcon_core.shell:Creating package descriptor '/home/waves/hexapod/install/hexapod_services/share/hexapod_services/package.dsv'
[5.675s] INFO:colcon.colcon_core.shell:Creating package script '/home/waves/hexapod/install/hexapod_services/share/hexapod_services/package.sh'
[5.675s] INFO:colcon.colcon_core.shell:Creating package script '/home/waves/hexapod/install/hexapod_services/share/hexapod_services/package.bash'
[5.676s] INFO:colcon.colcon_core.shell:Creating package script '/home/waves/hexapod/install/hexapod_services/share/hexapod_services/package.zsh'
[5.678s] Level 1:colcon.colcon_core.environment:create_file_with_runtime_dependencies(/home/waves/hexapod/install/hexapod_services/share/colcon-core/packages/hexapod_services)
[5.657s] DEBUG:colcon.colcon_core.event_handler.log_command:Invoked command in '/home/waves/hexapod/build/hexapod_services' returned '0': CMAKE_PREFIX_PATH=/home/waves/hexapod/install/hexapod_interfaces:/home/waves/hexapod/install/hexapod_services:/home/waves/hexapod/install/hexapod_control:/home/waves/ros2_ws/install/video_runner:/home/waves/ros2_ws/install/robotics_class:/home/waves/ros2_ws/install/my_robot_bringup:/home/waves/ros2_ws/install/my_cpp_prac:/home/waves/ros2_ws/install/my_cpp_pkg:/home/waves/ros2_ws/install/act_5:/home/waves/ros2_ws/install/my_interface:/home/waves/ros2_ws/install/buffer:/home/waves/research/install/cobots:/home/waves/ros2_sim/install/ros2_control_demos:/home/waves/ros2_sim/install/ros2_control_demo_description:/home/waves/ros2_sim/install/my_robot_sim:/home/waves/ros2_sim/install/humanoid:/home/waves/ros2_sim/install/hopper_sim:/home/waves/ros2_sim/install/hopper_description:/home/waves/hexapod/install/hexapod_communication:/home/waves/ros2_ws/install/my_py_pkg:/opt/ros/humble:/home/waves/ros2_humble/install/rqt_bag_plugins:/home/waves/ros2_humble/install/rqt_bag:/home/waves/ros2_humble/install/launch_testing_examples:/home/waves/ros2_humble/install/ros2bag:/home/waves/ros2_humble/install/tracetools_test:/home/waves/ros2_humble/install/tracetools_launch:/home/waves/ros2_humble/install/topic_monitor:/home/waves/ros2_humble/install/tf2_tools:/home/waves/ros2_humble/install/examples_tf2_py:/home/waves/ros2_humble/install/tf2_ros_py:/home/waves/ros2_humble/install/sros2:/home/waves/ros2_humble/install/rqt_topic:/home/waves/ros2_humble/install/rqt_srv:/home/waves/ros2_humble/install/rqt_shell:/home/waves/ros2_humble/install/rqt_service_caller:/home/waves/ros2_humble/install/rqt_reconfigure:/home/waves/ros2_humble/install/rqt_py_console:/home/waves/ros2_humble/install/rqt_publisher:/home/waves/ros2_humble/install/rqt_plot:/home/waves/ros2_humble/install/rqt_action:/home/waves/ros2_humble/install/rqt_msg:/home/waves/ros2_humble/install/rqt_console:/home/waves/ros2_humble/install/rqt:/home/waves/ros2_humble/install/rqt_graph:/home/waves/ros2_humble/install/rqt_gui_py:/home/waves/ros2_humble/install/rqt_gui:/home/waves/ros2_humble/install/ros2trace:/home/waves/ros2_humble/install/ros2topic:/home/waves/ros2_humble/install/ros2test:/home/waves/ros2_humble/install/ros2component:/home/waves/ros2_humble/install/ros2param:/home/waves/ros2_humble/install/ros2lifecycle:/home/waves/ros2_humble/install/ros2service:/home/waves/ros2_humble/install/ros2run:/home/waves/ros2_humble/install/ros2launch:/home/waves/ros2_humble/install/ros2pkg:/home/waves/ros2_humble/install/ros2node:/home/waves/ros2_humble/install/ros2multicast:/home/waves/ros2_humble/install/ros2interface:/home/waves/ros2_humble/install/ros2doctor:/home/waves/ros2_humble/install/ros2action:/home/waves/ros2_humble/install/ros2cli:/home/waves/ros2_humble/install/quality_of_service_demo_py:/home/waves/ros2_humble/install/lifecycle_py:/home/waves/ros2_humble/install/launch_testing_ros:/home/waves/ros2_humble/install/launch_ros:/home/waves/ros2_humble/install/examples_rclpy_pointcloud_publisher:/home/waves/ros2_humble/install/examples_rclpy_minimal_subscriber:/home/waves/ros2_humble/install/examples_rclpy_minimal_service:/home/waves/ros2_humble/install/examples_rclpy_minimal_publisher:/home/waves/ros2_humble/install/examples_rclpy_minimal_client:/home/waves/ros2_humble/install/examples_rclpy_minimal_action_server:/home/waves/ros2_humble/install/examples_rclpy_minimal_action_client:/home/waves/ros2_humble/install/examples_rclpy_guard_conditions:/home/waves/ros2_humble/install/examples_rclpy_executors:/home/waves/ros2_humble/install/demo_nodes_py:/home/waves/ros2_humble/install/camera_info_manager_py:/home/waves/ros2_humble/install/action_tutorials_py:/home/waves/ros2_humble/install/ament_uncrustify:/home/waves/ros2_humble/install/tracetools_trace:/home/waves/ros2_humble/install/tracetools_read:/home/waves/ros2_humble/install/test_tracetools_launch:/home/waves/ros2_humble/install/test_launch_ros:/home/waves/ros2_humble/install/sensor_msgs_py:/home/waves/ros2_humble/install/rpyutils:/home/waves/ros2_humble/install/rosidl_runtime_py:/home/waves/ros2_humble/install/rosidl_cli:/home/waves/ros2_humble/install/launch_pytest:/home/waves/ros2_humble/install/launch_testing:/home/waves/ros2_humble/install/launch_yaml:/home/waves/ros2_humble/install/launch_xml:/home/waves/ros2_humble/install/launch:/home/waves/ros2_humble/install/osrf_pycommon:/home/waves/ros2_humble/install/domain_coordinator:/home/waves/ros2_humble/install/ament_xmllint:/home/waves/ros2_humble/install/ament_pyflakes:/home/waves/ros2_humble/install/ament_pycodestyle:/home/waves/ros2_humble/install/ament_pep257:/home/waves/ros2_humble/install/ament_pclint:/home/waves/ros2_humble/install/ament_package:/home/waves/ros2_humble/install/ament_mypy:/home/waves/ros2_humble/install/ament_lint_cmake:/home/waves/ros2_humble/install/ament_flake8:/home/waves/ros2_humble/install/ament_copyright:/home/waves/ros2_humble/install/ament_lint:/home/waves/ros2_humble/install/ament_index_python:/home/waves/ros2_humble/install/ament_cpplint:/home/waves/ros2_humble/install/ament_cppcheck:/home/waves/ros2_humble/install/ament_clang_tidy:/home/waves/ros2_humble/install/ament_clang_format:/home/waves/ros2_sim/install/hexapod_description:/home/waves/ros2_sim/install/hexapod:/home/waves/ros2_sim/install/franka:/home/waves/ros2_humble/install/rosbag2_storage_mcap:/home/waves/ros2_humble/install/rosbag2:/home/waves/ros2_humble/install/rosbag2_compression_zstd:/home/waves/ros2_humble/install/mcap_vendor:/home/waves/ros2_humble/install/zstd_vendor:/home/waves/ros2_humble/install/rviz_visual_testing_framework:/home/waves/ros2_humble/install/rviz2:/home/waves/ros2_humble/install/rviz_default_plugins:/home/waves/ros2_humble/install/rviz_common:/home/waves/ros2_humble/install/rosbag2_py:/home/waves/ros2_humble/install/rosbag2_transport:/home/waves/ros2_humble/install/rosbag2_storage_default_plugins:/home/waves/ros2_humble/install/rosbag2_performance_benchmarking:/home/waves/ros2_humble/install/rosbag2_compression:/home/waves/ros2_humble/install/rosbag2_cpp:/home/waves/ros2_humble/install/rosbag2_storage:/home/waves/ros2_humble/install/image_common:/home/waves/ros2_humble/install/camera_info_manager:/home/waves/ros2_humble/install/camera_calibration_parsers:/home/waves/ros2_humble/install/yaml_cpp_vendor:/home/waves/ros2_humble/install/interactive_markers:/home/waves/ros2_humble/install/common_interfaces:/home/waves/ros2_humble/install/visualization_msgs:/home/waves/ros2_humble/install/dummy_robot_bringup:/home/waves/ros2_humble/install/robot_state_publisher:/home/waves/ros2_humble/install/kdl_parser:/home/waves/ros2_humble/install/urdf:/home/waves/ros2_humble/install/urdfdom:/home/waves/ros2_humble/install/urdf_parser_plugin:/home/waves/ros2_humble/install/urdfdom_headers:/home/waves/ros2_humble/install/turtlesim:/home/waves/ros2_humble/install/geometry2:/home/waves/ros2_humble/install/tf2_sensor_msgs:/home/waves/ros2_humble/install/test_tf2:/home/waves/ros2_humble/install/tf2_kdl:/home/waves/ros2_humble/install/tf2_geometry_msgs:/home/waves/ros2_humble/install/tf2_eigen:/home/waves/ros2_humble/install/tf2_bullet:/home/waves/ros2_humble/install/tf2_ros:/home/waves/ros2_humble/install/tf2_py:/home/waves/ros2_humble/install/tf2_msgs:/home/waves/ros2_humble/install/test_msgs:/home/waves/ros2_humble/install/sros2_cmake:/home/waves/ros2_humble/install/ros2cli_common_extensions:/home/waves/ros2_humble/install/rqt_py_common:/home/waves/ros2_humble/install/rosbag2_storage_mcap_testdata:/home/waves/ros2_humble/install/ros_testing:/home/waves/ros2_humble/install/ros2cli_test_interfaces:/home/waves/ros2_humble/install/quality_of_service_demo_cpp:/home/waves/ros2_humble/install/image_transport:/home/waves/ros2_humble/install/message_filters:/home/waves/ros2_humble/install/demo_nodes_cpp:/home/waves/ros2_humble/install/composition:/home/waves/ros2_humble/install/laser_geometry:/home/waves/ros2_humble/install/rclpy:/home/waves/ros2_humble/install/examples_rclcpp_minimal_action_server:/home/waves/ros2_humble/install/examples_rclcpp_minimal_action_client:/home/waves/ros2_humble/install/action_tutorials_cpp:/home/waves/ros2_humble/install/rclcpp_action:/home/waves/ros2_humble/install/rcl_action:/home/waves/ros2_humble/install/examples_rclcpp_wait_set:/home/waves/ros2_humble/install/examples_rclcpp_minimal_service:/home/waves/ros2_humble/install/examples_rclcpp_minimal_client:/home/waves/ros2_humble/install/examples_rclcpp_async_client:/home/waves/ros2_humble/install/example_interfaces:/home/waves/ros2_humble/install/action_tutorials_interfaces:/home/waves/ros2_humble/install/action_msgs:/home/waves/ros2_humble/install/unique_identifier_msgs:/home/waves/ros2_humble/install/ament_lint_common:/home/waves/ros2_humble/install/ament_cmake_uncrustify:/home/waves/ros2_humble/install/uncrustify_vendor:/home/waves/ros2_humble/install/trajectory_msgs:/home/waves/ros2_humble/install/topic_statistics_demo:/home/waves/ros2_humble/install/pendulum_control:/home/waves/ros2_humble/install/tlsf_cpp:/home/waves/ros2_humble/install/test_tracetools:/home/waves/ros2_humble/install/rqt_gui_cpp:/home/waves/ros2_humble/install/rosbag2_test_common:/home/waves/ros2_humble/install/ros2lifecycle_test_fixtures:/home/waves/ros2_humble/install/lifecycle:/home/waves/ros2_humble/install/rclcpp_lifecycle:/home/waves/ros2_humble/install/logging_demo:/home/waves/ros2_humble/install/image_tools:/home/waves/ros2_humble/install/examples_rclcpp_minimal_subscriber:/home/waves/ros2_humble/install/examples_rclcpp_minimal_composition:/home/waves/ros2_humble/install/demo_nodes_cpp_native:/home/waves/ros2_humble/install/rclcpp_components:/home/waves/ros2_humble/install/intra_process_demo:/home/waves/ros2_humble/install/examples_rclcpp_multithreaded_executor:/home/waves/ros2_humble/install/examples_rclcpp_minimal_timer:/home/waves/ros2_humble/install/examples_rclcpp_minimal_publisher:/home/waves/ros2_humble/install/examples_rclcpp_cbg_executor:/home/waves/ros2_humble/install/dummy_sensors:/home/waves/ros2_humble/install/dummy_map_server:/home/waves/ros2_humble/install/rclcpp:/home/waves/ros2_humble/install/rcl_lifecycle:/home/waves/ros2_humble/install/libstatistics_collector:/home/waves/ros2_humble/install/rcl:/home/waves/ros2_humble/install/rmw_implementation:/home/waves/ros2_humble/install/rmw_fastrtps_dynamic_cpp:/home/waves/ros2_humble/install/rmw_fastrtps_cpp:/home/waves/ros2_humble/install/rmw_fastrtps_shared_cpp:/home/waves/ros2_humble/install/rmw_cyclonedds_cpp:/home/waves/ros2_humble/install/tracetools:/home/waves/ros2_humble/install/tlsf:/home/waves/ros2_humble/install/tinyxml_vendor:/home/waves/ros2_humble/install/qt_gui_core:/home/waves/ros2_humble/install/qt_gui_cpp:/home/waves/ros2_humble/install/pluginlib:/home/waves/ros2_humble/install/tinyxml2_vendor:/home/waves/ros2_humble/install/tf2_eigen_kdl:/home/waves/ros2_humble/install/tf2:/home/waves/ros2_humble/install/test_security:/home/waves/ros2_humble/install/test_rmw_implementation:/home/waves/ros2_humble/install/test_rclcpp:/home/waves/ros2_humble/install/test_quality_of_service:/home/waves/ros2_humble/install/test_launch_testing:/home/waves/ros2_humble/install/test_interface_files:/home/waves/ros2_humble/install/test_communication:/home/waves/ros2_humble/install/test_cli_remapping:/home/waves/ros2_humble/install/test_cli:/home/waves/ros2_humble/install/qt_gui_app:/home/waves/ros2_humble/install/qt_gui:/home/waves/ros2_humble/install/tango_icons_vendor:/home/waves/ros2_humble/install/stereo_msgs:/home/waves/ros2_humble/install/std_srvs:/home/waves/ros2_humble/install/shape_msgs:/home/waves/ros2_humble/install/map_msgs:/home/waves/ros2_humble/install/sensor_msgs:/home/waves/ros2_humble/install/nav_msgs:/home/waves/ros2_humble/install/diagnostic_msgs:/home/waves/ros2_humble/install/geometry_msgs:/home/waves/ros2_humble/install/actionlib_msgs:/home/waves/ros2_humble/install/std_msgs:/home/waves/ros2_humble/install/statistics_msgs:/home/waves/ros2_humble/install/sqlite3_vendor:/home/waves/ros2_humble/install/rcl_logging_spdlog:/home/waves/ros2_humble/install/spdlog_vendor:/home/waves/ros2_humble/install/shared_queues_vendor:/home/waves/ros2_humble/install/rviz_rendering_tests:/home/waves/ros2_humble/install/rviz_rendering:/home/waves/ros2_humble/install/rviz_ogre_vendor:/home/waves/ros2_humble/install/rviz_assimp_vendor:/home/waves/ros2_humble/install/rttest:/home/waves/ros2_humble/install/rmw_connextddsmicro:/home/waves/ros2_humble/install/rmw_connextdds:/home/waves/ros2_humble/install/rmw_connextdds_common:/home/waves/ros2_humble/install/rti_connext_dds_cmake_module:/home/waves/ros2_humble/install/rosgraph_msgs:/home/waves/ros2_humble/install/rosbag2_interfaces:/home/waves/ros2_humble/install/rmw_dds_common:/home/waves/ros2_humble/install/composition_interfaces:/home/waves/ros2_humble/install/rcl_interfaces:/home/waves/ros2_humble/install/pendulum_msgs:/home/waves/ros2_humble/install/lifecycle_msgs:/home/waves/ros2_humble/install/builtin_interfaces:/home/waves/ros2_humble/install/rosidl_default_runtime:/home/waves/ros2_humble/install/rosidl_default_generators:/home/waves/ros2_humble/install/rosidl_generator_py:/home/waves/ros2_humble/install/rosidl_typesupport_introspection_tests:/home/waves/ros2_humble/install/rosidl_typesupport_cpp:/home/waves/ros2_humble/install/rosidl_typesupport_introspection_cpp:/home/waves/ros2_humble/install/rosidl_typesupport_c:/home/waves/ros2_humble/install/rosidl_typesupport_introspection_c:/home/waves/ros2_humble/install/rosidl_typesupport_fastrtps_c:/home/waves/ros2_humble/install/rosidl_typesupport_fastrtps_cpp:/home/waves/ros2_humble/install/rosidl_generator_cpp:/home/waves/ros2_humble/install/rosidl_runtime_cpp:/home/waves/ros2_humble/install/rcl_yaml_param_parser:/home/waves/ros2_humble/install/rmw:/home/waves/ros2_humble/install/rosidl_runtime_c:/home/waves/ros2_humble/install/rosidl_generator_c:/home/waves/ros2_humble/install/rosidl_typesupport_interface:/home/waves/ros2_humble/install/rosidl_generator_dds_idl:/home/waves/ros2_humble/install/rosidl_cmake:/home/waves/ros2_humble/install/rosidl_parser:/home/waves/ros2_humble/install/rosidl_adapter:/home/waves/ros2_humble/install/rosbag2_tests:/home/waves/ros2_humble/install/ros_environment:/home/waves/ros2_humble/install/rmw_implementation_cmake:/home/waves/ros2_humble/install/resource_retriever:/home/waves/ros2_humble/install/class_loader:/home/waves/ros2_humble/install/rcpputils:/home/waves/ros2_humble/install/rcl_logging_noop:/home/waves/ros2_humble/install/rcl_logging_interface:/home/waves/ros2_humble/install/rcutils:/home/waves/ros2_humble/install/qt_gui_py_common:/home/waves/ros2_humble/install/qt_dotgraph:/home/waves/ros2_humble/install/python_qt_binding:/home/waves/ros2_humble/install/python_orocos_kdl_vendor:/home/waves/ros2_humble/install/launch_testing_ament_cmake:/home/waves/ros2_humble/install/python_cmake_module:/home/waves/ros2_humble/install/pybind11_vendor:/home/waves/ros2_humble/install/performance_test_fixture:/home/waves/ros2_humble/install/osrf_testing_tools_cpp:/home/waves/ros2_humble/install/orocos_kdl_vendor:/home/waves/ros2_humble/install/mimick_vendor:/home/waves/ros2_humble/install/libyaml_vendor:/home/waves/ros2_humble/install/libcurl_vendor:/home/waves/ros2_humble/install/keyboard_handler:/home/waves/ros2_humble/install/iceoryx_introspection:/home/waves/ros2_humble/install/cyclonedds:/home/waves/ros2_humble/install/iceoryx_posh:/home/waves/ros2_humble/install/iceoryx_hoofs:/home/waves/ros2_humble/install/iceoryx_binding_c:/home/waves/ros2_humble/install/ament_cmake_ros:/home/waves/ros2_humble/install/ament_cmake_auto:/home/waves/ros2_humble/install/ament_cmake_gmock:/home/waves/ros2_humble/install/gmock_vendor:/home/waves/ros2_humble/install/ament_cmake_gtest:/home/waves/ros2_humble/install/gtest_vendor:/home/waves/ros2_humble/install/ament_cmake_google_benchmark:/home/waves/ros2_humble/install/google_benchmark_vendor:/home/waves/ros2_humble/install/fastrtps:/home/waves/ros2_humble/install/foonathan_memory_vendor:/home/waves/ros2_humble/install/fastrtps_cmake_module:/home/waves/ros2_humble/install/fastcdr:/home/waves/ros2_humble/install/eigen3_cmake_module:/home/waves/ros2_humble/install/console_bridge_vendor:/home/waves/ros2_humble/install/ament_cmake_xmllint:/home/waves/ros2_humble/install/ament_cmake_pyflakes:/home/waves/ros2_humble/install/ament_cmake_pycodestyle:/home/waves/ros2_humble/install/ament_cmake_pep257:/home/waves/ros2_humble/install/ament_cmake_pclint:/home/waves/ros2_humble/install/ament_lint_auto:/home/waves/ros2_humble/install/ament_cmake:/home/waves/ros2_humble/install/ament_cmake_version:/home/waves/ros2_humble/install/ament_cmake_vendor_package:/home/waves/ros2_humble/install/ament_cmake_pytest:/home/waves/ros2_humble/install/ament_cmake_nose:/home/waves/ros2_humble/install/ament_cmake_mypy:/home/waves/ros2_humble/install/ament_cmake_lint_cmake:/home/waves/ros2_humble/install/ament_cmake_flake8:/home/waves/ros2_humble/install/ament_cmake_cpplint:/home/waves/ros2_humble/install/ament_cmake_cppcheck:/home/waves/ros2_humble/install/ament_cmake_copyright:/home/waves/ros2_humble/install/ament_cmake_clang_tidy:/home/waves/ros2_humble/install/ament_cmake_clang_format:/home/waves/ros2_humble/install/ament_cmake_test:/home/waves/ros2_humble/install/ament_cmake_target_dependencies:/home/waves/ros2_humble/install/ament_cmake_python:/home/waves/ros2_humble/install/ament_cmake_export_dependencies:/home/waves/ros2_humble/install/ament_cmake_libraries:/home/waves/ros2_humble/install/ament_cmake_include_directories:/home/waves/ros2_humble/install/ament_cmake_gen_version_h:/home/waves/ros2_humble/install/ament_cmake_export_targets:/home/waves/ros2_humble/install/ament_cmake_export_link_flags:/home/waves/ros2_humble/install/ament_cmake_export_interfaces:/home/waves/ros2_humble/install/ament_cmake_export_libraries:/home/waves/ros2_humble/install/ament_cmake_export_include_directories:/home/waves/ros2_humble/install/ament_cmake_export_definitions:/home/waves/ros2_humble/install/ament_cmake_core:/home/waves/ros2_humble/install/ament_index_cpp /usr/bin/cmake --install /home/waves/hexapod/build/hexapod_services
[5.681s] Level 1:colcon.colcon_core.environment:create_environment_scripts_only(hexapod_control)
[5.681s] DEBUG:colcon.colcon_core.event_handler.log_command:Invoked command in '/home/waves/hexapod/build/hexapod_control' returned '0': CMAKE_PREFIX_PATH=/home/waves/hexapod/install/hexapod_interfaces:/home/waves/hexapod/install/hexapod_services:/home/waves/hexapod/install/hexapod_control:/home/waves/ros2_ws/install/video_runner:/home/waves/ros2_ws/install/robotics_class:/home/waves/ros2_ws/install/my_robot_bringup:/home/waves/ros2_ws/install/my_cpp_prac:/home/waves/ros2_ws/install/my_cpp_pkg:/home/waves/ros2_ws/install/act_5:/home/waves/ros2_ws/install/my_interface:/home/waves/ros2_ws/install/buffer:/home/waves/research/install/cobots:/home/waves/ros2_sim/install/ros2_control_demos:/home/waves/ros2_sim/install/ros2_control_demo_description:/home/waves/ros2_sim/install/my_robot_sim:/home/waves/ros2_sim/install/humanoid:/home/waves/ros2_sim/install/hopper_sim:/home/waves/ros2_sim/install/hopper_description:/home/waves/hexapod/install/hexapod_communication:/home/waves/ros2_ws/install/my_py_pkg:/opt/ros/humble:/home/waves/ros2_humble/install/rqt_bag_plugins:/home/waves/ros2_humble/install/rqt_bag:/home/waves/ros2_humble/install/launch_testing_examples:/home/waves/ros2_humble/install/ros2bag:/home/waves/ros2_humble/install/tracetools_test:/home/waves/ros2_humble/install/tracetools_launch:/home/waves/ros2_humble/install/topic_monitor:/home/waves/ros2_humble/install/tf2_tools:/home/waves/ros2_humble/install/examples_tf2_py:/home/waves/ros2_humble/install/tf2_ros_py:/home/waves/ros2_humble/install/sros2:/home/waves/ros2_humble/install/rqt_topic:/home/waves/ros2_humble/install/rqt_srv:/home/waves/ros2_humble/install/rqt_shell:/home/waves/ros2_humble/install/rqt_service_caller:/home/waves/ros2_humble/install/rqt_reconfigure:/home/waves/ros2_humble/install/rqt_py_console:/home/waves/ros2_humble/install/rqt_publisher:/home/waves/ros2_humble/install/rqt_plot:/home/waves/ros2_humble/install/rqt_action:/home/waves/ros2_humble/install/rqt_msg:/home/waves/ros2_humble/install/rqt_console:/home/waves/ros2_humble/install/rqt:/home/waves/ros2_humble/install/rqt_graph:/home/waves/ros2_humble/install/rqt_gui_py:/home/waves/ros2_humble/install/rqt_gui:/home/waves/ros2_humble/install/ros2trace:/home/waves/ros2_humble/install/ros2topic:/home/waves/ros2_humble/install/ros2test:/home/waves/ros2_humble/install/ros2component:/home/waves/ros2_humble/install/ros2param:/home/waves/ros2_humble/install/ros2lifecycle:/home/waves/ros2_humble/install/ros2service:/home/waves/ros2_humble/install/ros2run:/home/waves/ros2_humble/install/ros2launch:/home/waves/ros2_humble/install/ros2pkg:/home/waves/ros2_humble/install/ros2node:/home/waves/ros2_humble/install/ros2multicast:/home/waves/ros2_humble/install/ros2interface:/home/waves/ros2_humble/install/ros2doctor:/home/waves/ros2_humble/install/ros2action:/home/waves/ros2_humble/install/ros2cli:/home/waves/ros2_humble/install/quality_of_service_demo_py:/home/waves/ros2_humble/install/lifecycle_py:/home/waves/ros2_humble/install/launch_testing_ros:/home/waves/ros2_humble/install/launch_ros:/home/waves/ros2_humble/install/examples_rclpy_pointcloud_publisher:/home/waves/ros2_humble/install/examples_rclpy_minimal_subscriber:/home/waves/ros2_humble/install/examples_rclpy_minimal_service:/home/waves/ros2_humble/install/examples_rclpy_minimal_publisher:/home/waves/ros2_humble/install/examples_rclpy_minimal_client:/home/waves/ros2_humble/install/examples_rclpy_minimal_action_server:/home/waves/ros2_humble/install/examples_rclpy_minimal_action_client:/home/waves/ros2_humble/install/examples_rclpy_guard_conditions:/home/waves/ros2_humble/install/examples_rclpy_executors:/home/waves/ros2_humble/install/demo_nodes_py:/home/waves/ros2_humble/install/camera_info_manager_py:/home/waves/ros2_humble/install/action_tutorials_py:/home/waves/ros2_humble/install/ament_uncrustify:/home/waves/ros2_humble/install/tracetools_trace:/home/waves/ros2_humble/install/tracetools_read:/home/waves/ros2_humble/install/test_tracetools_launch:/home/waves/ros2_humble/install/test_launch_ros:/home/waves/ros2_humble/install/sensor_msgs_py:/home/waves/ros2_humble/install/rpyutils:/home/waves/ros2_humble/install/rosidl_runtime_py:/home/waves/ros2_humble/install/rosidl_cli:/home/waves/ros2_humble/install/launch_pytest:/home/waves/ros2_humble/install/launch_testing:/home/waves/ros2_humble/install/launch_yaml:/home/waves/ros2_humble/install/launch_xml:/home/waves/ros2_humble/install/launch:/home/waves/ros2_humble/install/osrf_pycommon:/home/waves/ros2_humble/install/domain_coordinator:/home/waves/ros2_humble/install/ament_xmllint:/home/waves/ros2_humble/install/ament_pyflakes:/home/waves/ros2_humble/install/ament_pycodestyle:/home/waves/ros2_humble/install/ament_pep257:/home/waves/ros2_humble/install/ament_pclint:/home/waves/ros2_humble/install/ament_package:/home/waves/ros2_humble/install/ament_mypy:/home/waves/ros2_humble/install/ament_lint_cmake:/home/waves/ros2_humble/install/ament_flake8:/home/waves/ros2_humble/install/ament_copyright:/home/waves/ros2_humble/install/ament_lint:/home/waves/ros2_humble/install/ament_index_python:/home/waves/ros2_humble/install/ament_cpplint:/home/waves/ros2_humble/install/ament_cppcheck:/home/waves/ros2_humble/install/ament_clang_tidy:/home/waves/ros2_humble/install/ament_clang_format:/home/waves/ros2_sim/install/hexapod_description:/home/waves/ros2_sim/install/hexapod:/home/waves/ros2_sim/install/franka:/home/waves/ros2_humble/install/rosbag2_storage_mcap:/home/waves/ros2_humble/install/rosbag2:/home/waves/ros2_humble/install/rosbag2_compression_zstd:/home/waves/ros2_humble/install/mcap_vendor:/home/waves/ros2_humble/install/zstd_vendor:/home/waves/ros2_humble/install/rviz_visual_testing_framework:/home/waves/ros2_humble/install/rviz2:/home/waves/ros2_humble/install/rviz_default_plugins:/home/waves/ros2_humble/install/rviz_common:/home/waves/ros2_humble/install/rosbag2_py:/home/waves/ros2_humble/install/rosbag2_transport:/home/waves/ros2_humble/install/rosbag2_storage_default_plugins:/home/waves/ros2_humble/install/rosbag2_performance_benchmarking:/home/waves/ros2_humble/install/rosbag2_compression:/home/waves/ros2_humble/install/rosbag2_cpp:/home/waves/ros2_humble/install/rosbag2_storage:/home/waves/ros2_humble/install/image_common:/home/waves/ros2_humble/install/camera_info_manager:/home/waves/ros2_humble/install/camera_calibration_parsers:/home/waves/ros2_humble/install/yaml_cpp_vendor:/home/waves/ros2_humble/install/interactive_markers:/home/waves/ros2_humble/install/common_interfaces:/home/waves/ros2_humble/install/visualization_msgs:/home/waves/ros2_humble/install/dummy_robot_bringup:/home/waves/ros2_humble/install/robot_state_publisher:/home/waves/ros2_humble/install/kdl_parser:/home/waves/ros2_humble/install/urdf:/home/waves/ros2_humble/install/urdfdom:/home/waves/ros2_humble/install/urdf_parser_plugin:/home/waves/ros2_humble/install/urdfdom_headers:/home/waves/ros2_humble/install/turtlesim:/home/waves/ros2_humble/install/geometry2:/home/waves/ros2_humble/install/tf2_sensor_msgs:/home/waves/ros2_humble/install/test_tf2:/home/waves/ros2_humble/install/tf2_kdl:/home/waves/ros2_humble/install/tf2_geometry_msgs:/home/waves/ros2_humble/install/tf2_eigen:/home/waves/ros2_humble/install/tf2_bullet:/home/waves/ros2_humble/install/tf2_ros:/home/waves/ros2_humble/install/tf2_py:/home/waves/ros2_humble/install/tf2_msgs:/home/waves/ros2_humble/install/test_msgs:/home/waves/ros2_humble/install/sros2_cmake:/home/waves/ros2_humble/install/ros2cli_common_extensions:/home/waves/ros2_humble/install/rqt_py_common:/home/waves/ros2_humble/install/rosbag2_storage_mcap_testdata:/home/waves/ros2_humble/install/ros_testing:/home/waves/ros2_humble/install/ros2cli_test_interfaces:/home/waves/ros2_humble/install/quality_of_service_demo_cpp:/home/waves/ros2_humble/install/image_transport:/home/waves/ros2_humble/install/message_filters:/home/waves/ros2_humble/install/demo_nodes_cpp:/home/waves/ros2_humble/install/composition:/home/waves/ros2_humble/install/laser_geometry:/home/waves/ros2_humble/install/rclpy:/home/waves/ros2_humble/install/examples_rclcpp_minimal_action_server:/home/waves/ros2_humble/install/examples_rclcpp_minimal_action_client:/home/waves/ros2_humble/install/action_tutorials_cpp:/home/waves/ros2_humble/install/rclcpp_action:/home/waves/ros2_humble/install/rcl_action:/home/waves/ros2_humble/install/examples_rclcpp_wait_set:/home/waves/ros2_humble/install/examples_rclcpp_minimal_service:/home/waves/ros2_humble/install/examples_rclcpp_minimal_client:/home/waves/ros2_humble/install/examples_rclcpp_async_client:/home/waves/ros2_humble/install/example_interfaces:/home/waves/ros2_humble/install/action_tutorials_interfaces:/home/waves/ros2_humble/install/action_msgs:/home/waves/ros2_humble/install/unique_identifier_msgs:/home/waves/ros2_humble/install/ament_lint_common:/home/waves/ros2_humble/install/ament_cmake_uncrustify:/home/waves/ros2_humble/install/uncrustify_vendor:/home/waves/ros2_humble/install/trajectory_msgs:/home/waves/ros2_humble/install/topic_statistics_demo:/home/waves/ros2_humble/install/pendulum_control:/home/waves/ros2_humble/install/tlsf_cpp:/home/waves/ros2_humble/install/test_tracetools:/home/waves/ros2_humble/install/rqt_gui_cpp:/home/waves/ros2_humble/install/rosbag2_test_common:/home/waves/ros2_humble/install/ros2lifecycle_test_fixtures:/home/waves/ros2_humble/install/lifecycle:/home/waves/ros2_humble/install/rclcpp_lifecycle:/home/waves/ros2_humble/install/logging_demo:/home/waves/ros2_humble/install/image_tools:/home/waves/ros2_humble/install/examples_rclcpp_minimal_subscriber:/home/waves/ros2_humble/install/examples_rclcpp_minimal_composition:/home/waves/ros2_humble/install/demo_nodes_cpp_native:/home/waves/ros2_humble/install/rclcpp_components:/home/waves/ros2_humble/install/intra_process_demo:/home/waves/ros2_humble/install/examples_rclcpp_multithreaded_executor:/home/waves/ros2_humble/install/examples_rclcpp_minimal_timer:/home/waves/ros2_humble/install/examples_rclcpp_minimal_publisher:/home/waves/ros2_humble/install/examples_rclcpp_cbg_executor:/home/waves/ros2_humble/install/dummy_sensors:/home/waves/ros2_humble/install/dummy_map_server:/home/waves/ros2_humble/install/rclcpp:/home/waves/ros2_humble/install/rcl_lifecycle:/home/waves/ros2_humble/install/libstatistics_collector:/home/waves/ros2_humble/install/rcl:/home/waves/ros2_humble/install/rmw_implementation:/home/waves/ros2_humble/install/rmw_fastrtps_dynamic_cpp:/home/waves/ros2_humble/install/rmw_fastrtps_cpp:/home/waves/ros2_humble/install/rmw_fastrtps_shared_cpp:/home/waves/ros2_humble/install/rmw_cyclonedds_cpp:/home/waves/ros2_humble/install/tracetools:/home/waves/ros2_humble/install/tlsf:/home/waves/ros2_humble/install/tinyxml_vendor:/home/waves/ros2_humble/install/qt_gui_core:/home/waves/ros2_humble/install/qt_gui_cpp:/home/waves/ros2_humble/install/pluginlib:/home/waves/ros2_humble/install/tinyxml2_vendor:/home/waves/ros2_humble/install/tf2_eigen_kdl:/home/waves/ros2_humble/install/tf2:/home/waves/ros2_humble/install/test_security:/home/waves/ros2_humble/install/test_rmw_implementation:/home/waves/ros2_humble/install/test_rclcpp:/home/waves/ros2_humble/install/test_quality_of_service:/home/waves/ros2_humble/install/test_launch_testing:/home/waves/ros2_humble/install/test_interface_files:/home/waves/ros2_humble/install/test_communication:/home/waves/ros2_humble/install/test_cli_remapping:/home/waves/ros2_humble/install/test_cli:/home/waves/ros2_humble/install/qt_gui_app:/home/waves/ros2_humble/install/qt_gui:/home/waves/ros2_humble/install/tango_icons_vendor:/home/waves/ros2_humble/install/stereo_msgs:/home/waves/ros2_humble/install/std_srvs:/home/waves/ros2_humble/install/shape_msgs:/home/waves/ros2_humble/install/map_msgs:/home/waves/ros2_humble/install/sensor_msgs:/home/waves/ros2_humble/install/nav_msgs:/home/waves/ros2_humble/install/diagnostic_msgs:/home/waves/ros2_humble/install/geometry_msgs:/home/waves/ros2_humble/install/actionlib_msgs:/home/waves/ros2_humble/install/std_msgs:/home/waves/ros2_humble/install/statistics_msgs:/home/waves/ros2_humble/install/sqlite3_vendor:/home/waves/ros2_humble/install/rcl_logging_spdlog:/home/waves/ros2_humble/install/spdlog_vendor:/home/waves/ros2_humble/install/shared_queues_vendor:/home/waves/ros2_humble/install/rviz_rendering_tests:/home/waves/ros2_humble/install/rviz_rendering:/home/waves/ros2_humble/install/rviz_ogre_vendor:/home/waves/ros2_humble/install/rviz_assimp_vendor:/home/waves/ros2_humble/install/rttest:/home/waves/ros2_humble/install/rmw_connextddsmicro:/home/waves/ros2_humble/install/rmw_connextdds:/home/waves/ros2_humble/install/rmw_connextdds_common:/home/waves/ros2_humble/install/rti_connext_dds_cmake_module:/home/waves/ros2_humble/install/rosgraph_msgs:/home/waves/ros2_humble/install/rosbag2_interfaces:/home/waves/ros2_humble/install/rmw_dds_common:/home/waves/ros2_humble/install/composition_interfaces:/home/waves/ros2_humble/install/rcl_interfaces:/home/waves/ros2_humble/install/pendulum_msgs:/home/waves/ros2_humble/install/lifecycle_msgs:/home/waves/ros2_humble/install/builtin_interfaces:/home/waves/ros2_humble/install/rosidl_default_runtime:/home/waves/ros2_humble/install/rosidl_default_generators:/home/waves/ros2_humble/install/rosidl_generator_py:/home/waves/ros2_humble/install/rosidl_typesupport_introspection_tests:/home/waves/ros2_humble/install/rosidl_typesupport_cpp:/home/waves/ros2_humble/install/rosidl_typesupport_introspection_cpp:/home/waves/ros2_humble/install/rosidl_typesupport_c:/home/waves/ros2_humble/install/rosidl_typesupport_introspection_c:/home/waves/ros2_humble/install/rosidl_typesupport_fastrtps_c:/home/waves/ros2_humble/install/rosidl_typesupport_fastrtps_cpp:/home/waves/ros2_humble/install/rosidl_generator_cpp:/home/waves/ros2_humble/install/rosidl_runtime_cpp:/home/waves/ros2_humble/install/rcl_yaml_param_parser:/home/waves/ros2_humble/install/rmw:/home/waves/ros2_humble/install/rosidl_runtime_c:/home/waves/ros2_humble/install/rosidl_generator_c:/home/waves/ros2_humble/install/rosidl_typesupport_interface:/home/waves/ros2_humble/install/rosidl_generator_dds_idl:/home/waves/ros2_humble/install/rosidl_cmake:/home/waves/ros2_humble/install/rosidl_parser:/home/waves/ros2_humble/install/rosidl_adapter:/home/waves/ros2_humble/install/rosbag2_tests:/home/waves/ros2_humble/install/ros_environment:/home/waves/ros2_humble/install/rmw_implementation_cmake:/home/waves/ros2_humble/install/resource_retriever:/home/waves/ros2_humble/install/class_loader:/home/waves/ros2_humble/install/rcpputils:/home/waves/ros2_humble/install/rcl_logging_noop:/home/waves/ros2_humble/install/rcl_logging_interface:/home/waves/ros2_humble/install/rcutils:/home/waves/ros2_humble/install/qt_gui_py_common:/home/waves/ros2_humble/install/qt_dotgraph:/home/waves/ros2_humble/install/python_qt_binding:/home/waves/ros2_humble/install/python_orocos_kdl_vendor:/home/waves/ros2_humble/install/launch_testing_ament_cmake:/home/waves/ros2_humble/install/python_cmake_module:/home/waves/ros2_humble/install/pybind11_vendor:/home/waves/ros2_humble/install/performance_test_fixture:/home/waves/ros2_humble/install/osrf_testing_tools_cpp:/home/waves/ros2_humble/install/orocos_kdl_vendor:/home/waves/ros2_humble/install/mimick_vendor:/home/waves/ros2_humble/install/libyaml_vendor:/home/waves/ros2_humble/install/libcurl_vendor:/home/waves/ros2_humble/install/keyboard_handler:/home/waves/ros2_humble/install/iceoryx_introspection:/home/waves/ros2_humble/install/cyclonedds:/home/waves/ros2_humble/install/iceoryx_posh:/home/waves/ros2_humble/install/iceoryx_hoofs:/home/waves/ros2_humble/install/iceoryx_binding_c:/home/waves/ros2_humble/install/ament_cmake_ros:/home/waves/ros2_humble/install/ament_cmake_auto:/home/waves/ros2_humble/install/ament_cmake_gmock:/home/waves/ros2_humble/install/gmock_vendor:/home/waves/ros2_humble/install/ament_cmake_gtest:/home/waves/ros2_humble/install/gtest_vendor:/home/waves/ros2_humble/install/ament_cmake_google_benchmark:/home/waves/ros2_humble/install/google_benchmark_vendor:/home/waves/ros2_humble/install/fastrtps:/home/waves/ros2_humble/install/foonathan_memory_vendor:/home/waves/ros2_humble/install/fastrtps_cmake_module:/home/waves/ros2_humble/install/fastcdr:/home/waves/ros2_humble/install/eigen3_cmake_module:/home/waves/ros2_humble/install/console_bridge_vendor:/home/waves/ros2_humble/install/ament_cmake_xmllint:/home/waves/ros2_humble/install/ament_cmake_pyflakes:/home/waves/ros2_humble/install/ament_cmake_pycodestyle:/home/waves/ros2_humble/install/ament_cmake_pep257:/home/waves/ros2_humble/install/ament_cmake_pclint:/home/waves/ros2_humble/install/ament_lint_auto:/home/waves/ros2_humble/install/ament_cmake:/home/waves/ros2_humble/install/ament_cmake_version:/home/waves/ros2_humble/install/ament_cmake_vendor_package:/home/waves/ros2_humble/install/ament_cmake_pytest:/home/waves/ros2_humble/install/ament_cmake_nose:/home/waves/ros2_humble/install/ament_cmake_mypy:/home/waves/ros2_humble/install/ament_cmake_lint_cmake:/home/waves/ros2_humble/install/ament_cmake_flake8:/home/waves/ros2_humble/install/ament_cmake_cpplint:/home/waves/ros2_humble/install/ament_cmake_cppcheck:/home/waves/ros2_humble/install/ament_cmake_copyright:/home/waves/ros2_humble/install/ament_cmake_clang_tidy:/home/waves/ros2_humble/install/ament_cmake_clang_format:/home/waves/ros2_humble/install/ament_cmake_test:/home/waves/ros2_humble/install/ament_cmake_target_dependencies:/home/waves/ros2_humble/install/ament_cmake_python:/home/waves/ros2_humble/install/ament_cmake_export_dependencies:/home/waves/ros2_humble/install/ament_cmake_libraries:/home/waves/ros2_humble/install/ament_cmake_include_directories:/home/waves/ros2_humble/install/ament_cmake_gen_version_h:/home/waves/ros2_humble/install/ament_cmake_export_targets:/home/waves/ros2_humble/install/ament_cmake_export_link_flags:/home/waves/ros2_humble/install/ament_cmake_export_interfaces:/home/waves/ros2_humble/install/ament_cmake_export_libraries:/home/waves/ros2_humble/install/ament_cmake_export_include_directories:/home/waves/ros2_humble/install/ament_cmake_export_definitions:/home/waves/ros2_humble/install/ament_cmake_core:/home/waves/ros2_humble/install/ament_index_cpp /usr/bin/cmake --install /home/waves/hexapod/build/hexapod_control
[5.682s] Level 1:colcon.colcon_core.environment:checking '/home/waves/hexapod/install/hexapod_control' for CMake module files
[5.683s] Level 1:colcon.colcon_core.environment:checking '/home/waves/hexapod/install/hexapod_control' for CMake config files
[5.684s] Level 1:colcon.colcon_core.shell:create_environment_hook('hexapod_control', 'cmake_prefix_path')
[5.685s] INFO:colcon.colcon_core.shell:Creating environment hook '/home/waves/hexapod/install/hexapod_control/share/hexapod_control/hook/cmake_prefix_path.ps1'
[5.686s] INFO:colcon.colcon_core.shell:Creating environment descriptor '/home/waves/hexapod/install/hexapod_control/share/hexapod_control/hook/cmake_prefix_path.dsv'
[5.690s] INFO:colcon.colcon_core.shell:Creating environment hook '/home/waves/hexapod/install/hexapod_control/share/hexapod_control/hook/cmake_prefix_path.sh'
[5.692s] Level 1:colcon.colcon_core.environment:checking '/home/waves/hexapod/install/hexapod_control/lib'
[5.692s] Level 1:colcon.colcon_core.environment:checking '/home/waves/hexapod/install/hexapod_control/bin'
[5.692s] Level 1:colcon.colcon_core.environment:checking '/home/waves/hexapod/install/hexapod_control/lib/pkgconfig/hexapod_control.pc'
[5.693s] Level 1:colcon.colcon_core.environment:checking '/home/waves/hexapod/install/hexapod_control/lib/python3.10/site-packages'
[5.694s] Level 1:colcon.colcon_core.environment:checking '/home/waves/hexapod/install/hexapod_control/bin'
[5.694s] INFO:colcon.colcon_core.shell:Creating package script '/home/waves/hexapod/install/hexapod_control/share/hexapod_control/package.ps1'
[5.697s] INFO:colcon.colcon_core.shell:Creating package descriptor '/home/waves/hexapod/install/hexapod_control/share/hexapod_control/package.dsv'
[5.700s] INFO:colcon.colcon_core.shell:Creating package script '/home/waves/hexapod/install/hexapod_control/share/hexapod_control/package.sh'
[5.701s] INFO:colcon.colcon_core.shell:Creating package script '/home/waves/hexapod/install/hexapod_control/share/hexapod_control/package.bash'
[5.703s] INFO:colcon.colcon_core.shell:Creating package script '/home/waves/hexapod/install/hexapod_control/share/hexapod_control/package.zsh'
[5.704s] Level 1:colcon.colcon_core.environment:create_file_with_runtime_dependencies(/home/waves/hexapod/install/hexapod_control/share/colcon-core/packages/hexapod_control)
[5.705s] Level 1:colcon.colcon_core.environment:create_environment_scripts_only(hexapod_control)
[5.705s] Level 1:colcon.colcon_core.environment:checking '/home/waves/hexapod/install/hexapod_control' for CMake module files
[5.706s] Level 1:colcon.colcon_core.environment:checking '/home/waves/hexapod/install/hexapod_control' for CMake config files
[5.707s] Level 1:colcon.colcon_core.shell:create_environment_hook('hexapod_control', 'cmake_prefix_path')
[5.707s] INFO:colcon.colcon_core.shell:Creating environment hook '/home/waves/hexapod/install/hexapod_control/share/hexapod_control/hook/cmake_prefix_path.ps1'
[5.709s] INFO:colcon.colcon_core.shell:Creating environment descriptor '/home/waves/hexapod/install/hexapod_control/share/hexapod_control/hook/cmake_prefix_path.dsv'
[5.710s] INFO:colcon.colcon_core.shell:Creating environment hook '/home/waves/hexapod/install/hexapod_control/share/hexapod_control/hook/cmake_prefix_path.sh'
[5.712s] Level 1:colcon.colcon_core.environment:checking '/home/waves/hexapod/install/hexapod_control/lib'
[5.712s] Level 1:colcon.colcon_core.environment:checking '/home/waves/hexapod/install/hexapod_control/bin'
[5.712s] Level 1:colcon.colcon_core.environment:checking '/home/waves/hexapod/install/hexapod_control/lib/pkgconfig/hexapod_control.pc'
[5.713s] Level 1:colcon.colcon_core.environment:checking '/home/waves/hexapod/install/hexapod_control/lib/python3.10/site-packages'
[5.713s] Level 1:colcon.colcon_core.environment:checking '/home/waves/hexapod/install/hexapod_control/bin'
[5.714s] INFO:colcon.colcon_core.shell:Creating package script '/home/waves/hexapod/install/hexapod_control/share/hexapod_control/package.ps1'
[5.717s] INFO:colcon.colcon_core.shell:Creating package descriptor '/home/waves/hexapod/install/hexapod_control/share/hexapod_control/package.dsv'
[5.719s] INFO:colcon.colcon_core.shell:Creating package script '/home/waves/hexapod/install/hexapod_control/share/hexapod_control/package.sh'
[5.721s] INFO:colcon.colcon_core.shell:Creating package script '/home/waves/hexapod/install/hexapod_control/share/hexapod_control/package.bash'
[5.722s] INFO:colcon.colcon_core.shell:Creating package script '/home/waves/hexapod/install/hexapod_control/share/hexapod_control/package.zsh'
[5.723s] Level 1:colcon.colcon_core.environment:create_file_with_runtime_dependencies(/home/waves/hexapod/install/hexapod_control/share/colcon-core/packages/hexapod_control)
[6.249s] Level 1:colcon.colcon_core.environment:checking '/home/waves/hexapod/install/hexapod_communication' for CMake module files
[6.252s] DEBUG:colcon.colcon_core.event_handler.log_command:Invoked command in '/home/waves/hexapod/src/hexapod_communication' returned '0': PYTHONPATH=/home/waves/hexapod/build/hexapod_communication/prefix_override:/usr/lib/python3/dist-packages/colcon_core/task/python/colcon_distutils_commands:/home/waves/hexapod/install/hexapod_communication/lib/python3.10/site-packages:${PYTHONPATH} /usr/bin/python3 -W ignore:setup.py install is deprecated -W ignore:easy_install command is deprecated setup.py egg_info --egg-base ../../build/hexapod_communication build --build-base /home/waves/hexapod/build/hexapod_communication/build install --record /home/waves/hexapod/build/hexapod_communication/install.log --single-version-externally-managed install_data
[6.255s] Level 1:colcon.colcon_core.environment:checking '/home/waves/hexapod/install/hexapod_communication' for CMake config files
[6.257s] Level 1:colcon.colcon_core.environment:checking '/home/waves/hexapod/install/hexapod_communication/lib'
[6.257s] Level 1:colcon.colcon_core.environment:checking '/home/waves/hexapod/install/hexapod_communication/bin'
[6.257s] Level 1:colcon.colcon_core.environment:checking '/home/waves/hexapod/install/hexapod_communication/lib/pkgconfig/hexapod_communication.pc'
[6.258s] Level 1:colcon.colcon_core.environment:checking '/home/waves/hexapod/install/hexapod_communication/lib/python3.10/site-packages'
[6.258s] Level 1:colcon.colcon_core.shell:create_environment_hook('hexapod_communication', 'pythonpath')
[6.259s] INFO:colcon.colcon_core.shell:Creating environment hook '/home/waves/hexapod/install/hexapod_communication/share/hexapod_communication/hook/pythonpath.ps1'
[6.262s] INFO:colcon.colcon_core.shell:Creating environment descriptor '/home/waves/hexapod/install/hexapod_communication/share/hexapod_communication/hook/pythonpath.dsv'
[6.264s] INFO:colcon.colcon_core.shell:Creating environment hook '/home/waves/hexapod/install/hexapod_communication/share/hexapod_communication/hook/pythonpath.sh'
[6.266s] Level 1:colcon.colcon_core.environment:checking '/home/waves/hexapod/install/hexapod_communication/bin'
[6.267s] Level 1:colcon.colcon_core.environment:create_environment_scripts_only(hexapod_communication)
[6.268s] INFO:colcon.colcon_core.shell:Creating package script '/home/waves/hexapod/install/hexapod_communication/share/hexapod_communication/package.ps1'
[6.270s] INFO:colcon.colcon_core.shell:Creating package descriptor '/home/waves/hexapod/install/hexapod_communication/share/hexapod_communication/package.dsv'
[6.271s] INFO:colcon.colcon_core.shell:Creating package script '/home/waves/hexapod/install/hexapod_communication/share/hexapod_communication/package.sh'
[6.272s] INFO:colcon.colcon_core.shell:Creating package script '/home/waves/hexapod/install/hexapod_communication/share/hexapod_communication/package.bash'
[6.272s] INFO:colcon.colcon_core.shell:Creating package script '/home/waves/hexapod/install/hexapod_communication/share/hexapod_communication/package.zsh'
[6.274s] Level 1:colcon.colcon_core.environment:create_file_with_runtime_dependencies(/home/waves/hexapod/install/hexapod_communication/share/colcon-core/packages/hexapod_communication)
[6.275s] DEBUG:colcon.colcon_parallel_executor.executor.parallel:closing loop
[6.275s] DEBUG:colcon.colcon_parallel_executor.executor.parallel:loop closed
[6.275s] DEBUG:colcon.colcon_parallel_executor.executor.parallel:run_until_complete finished with '0'
[6.277s] DEBUG:colcon.colcon_core.event_reactor:joining thread
[6.309s] INFO:colcon.colcon_core.plugin_system:Skipping extension 'colcon_notification.desktop_notification.terminal_notifier': Not used on non-Darwin systems
[6.309s] INFO:colcon.colcon_core.plugin_system:Skipping extension 'colcon_notification.desktop_notification.win32': Not used on non-Windows systems
[6.309s] INFO:colcon.colcon_notification.desktop_notification:Sending desktop notification using 'notify2'
[6.343s] DEBUG:colcon.colcon_core.event_reactor:joined thread
[6.344s] INFO:colcon.colcon_core.shell:Creating prefix script '/home/waves/hexapod/install/local_setup.ps1'
[6.345s] INFO:colcon.colcon_core.shell:Creating prefix util module '/home/waves/hexapod/install/_local_setup_util_ps1.py'
[6.348s] INFO:colcon.colcon_core.shell:Creating prefix chain script '/home/waves/hexapod/install/setup.ps1'
[6.391s] INFO:colcon.colcon_core.shell:Creating prefix script '/home/waves/hexapod/install/local_setup.sh'
[6.397s] INFO:colcon.colcon_core.shell:Creating prefix util module '/home/waves/hexapod/install/_local_setup_util_sh.py'
[6.401s] INFO:colcon.colcon_core.shell:Creating prefix chain script '/home/waves/hexapod/install/setup.sh'
[6.444s] INFO:colcon.colcon_core.shell:Creating prefix script '/home/waves/hexapod/install/local_setup.bash'
[6.450s] INFO:colcon.colcon_core.shell:Creating prefix chain script '/home/waves/hexapod/install/setup.bash'
[6.492s] INFO:colcon.colcon_core.shell:Creating prefix script '/home/waves/hexapod/install/local_setup.zsh'
[6.496s] INFO:colcon.colcon_core.shell:Creating prefix chain script '/home/waves/hexapod/install/setup.zsh'
