[0.622s] DEBUG:colcon:Command line arguments: ['/usr/bin/colcon', 'build']
[0.622s] DEBUG:colcon:Parsed command line arguments: Namespace(log_base=None, log_level=None, verb_name='build', build_base='build', install_base='install', merge_install=False, symlink_install=False, test_result_base=None, continue_on_error=False, executor='parallel', parallel_workers=4, event_handlers=None, ignore_user_meta=False, metas=['./colcon.meta'], base_paths=['.'], packages_ignore=None, packages_ignore_regex=None, paths=None, packages_up_to=None, packages_up_to_regex=None, packages_above=None, packages_above_and_dependencies=None, packages_above_depth=None, packages_select_by_dep=None, packages_skip_by_dep=None, packages_skip_up_to=None, packages_select_build_failed=False, packages_skip_build_finished=False, packages_select_test_failures=False, packages_skip_test_passed=False, packages_select=None, packages_skip=None, packages_select_regex=None, packages_skip_regex=None, packages_start=None, packages_end=None, allow_overriding=[], cmake_args=None, cmake_target=None, cmake_target_skip_unavailable=False, cmake_clean_cache=False, cmake_clean_first=False, cmake_force_configure=False, ament_cmake_args=None, catkin_cmake_args=None, catkin_skip_building_tests=False, mixin_files=None, mixin=None, verb_parser=<colcon_mixin.mixin.mixin_argument.MixinArgumentDecorator object at 0x79b8861afa00>, verb_extension=<colcon_core.verb.build.BuildVerb object at 0x79b8861af520>, main=<bound method BuildVerb.main of <colcon_core.verb.build.BuildVerb object at 0x79b8861af520>>, mixin_verb=('build',))
[1.295s] Level 1:colcon.colcon_core.package_discovery:discover_packages(colcon_meta) check parameters
[1.296s] Level 1:colcon.colcon_core.package_discovery:discover_packages(recursive) check parameters
[1.296s] Level 1:colcon.colcon_core.package_discovery:discover_packages(ignore) check parameters
[1.296s] Level 1:colcon.colcon_core.package_discovery:discover_packages(path) check parameters
[1.296s] Level 1:colcon.colcon_core.package_discovery:discover_packages(colcon_meta) discover
[1.296s] Level 1:colcon.colcon_core.package_discovery:discover_packages(recursive) discover
[1.296s] INFO:colcon.colcon_core.package_discovery:Crawling recursively for packages in '/home/waves/hexapod'
[1.296s] Level 1:colcon.colcon_core.package_identification:_identify(.) by extensions ['ignore', 'ignore_ament_install']
[1.297s] Level 1:colcon.colcon_core.package_identification:_identify(.) by extension 'ignore'
[1.297s] Level 1:colcon.colcon_core.package_identification:_identify(.) by extension 'ignore_ament_install'
[1.297s] Level 1:colcon.colcon_core.package_identification:_identify(.) by extensions ['colcon_pkg']
[1.297s] Level 1:colcon.colcon_core.package_identification:_identify(.) by extension 'colcon_pkg'
[1.297s] Level 1:colcon.colcon_core.package_identification:_identify(.) by extensions ['colcon_meta']
[1.297s] Level 1:colcon.colcon_core.package_identification:_identify(.) by extension 'colcon_meta'
[1.297s] Level 1:colcon.colcon_core.package_identification:_identify(.) by extensions ['ros']
[1.297s] Level 1:colcon.colcon_core.package_identification:_identify(.) by extension 'ros'
[1.317s] Level 1:colcon.colcon_core.package_identification:_identify(.) by extensions ['cmake', 'python']
[1.317s] Level 1:colcon.colcon_core.package_identification:_identify(.) by extension 'cmake'
[1.317s] Level 1:colcon.colcon_core.package_identification:_identify(.) by extension 'python'
[1.317s] Level 1:colcon.colcon_core.package_identification:_identify(.) by extensions ['python_setup_py']
[1.317s] Level 1:colcon.colcon_core.package_identification:_identify(.) by extension 'python_setup_py'
[1.317s] Level 1:colcon.colcon_core.package_identification:_identify(build) by extensions ['ignore', 'ignore_ament_install']
[1.318s] Level 1:colcon.colcon_core.package_identification:_identify(build) by extension 'ignore'
[1.318s] Level 1:colcon.colcon_core.package_identification:_identify(build) ignored
[1.318s] Level 1:colcon.colcon_core.package_identification:_identify(install) by extensions ['ignore', 'ignore_ament_install']
[1.318s] Level 1:colcon.colcon_core.package_identification:_identify(install) by extension 'ignore'
[1.318s] Level 1:colcon.colcon_core.package_identification:_identify(install) ignored
[1.318s] Level 1:colcon.colcon_core.package_identification:_identify(log) by extensions ['ignore', 'ignore_ament_install']
[1.318s] Level 1:colcon.colcon_core.package_identification:_identify(log) by extension 'ignore'
[1.318s] Level 1:colcon.colcon_core.package_identification:_identify(log) ignored
[1.318s] Level 1:colcon.colcon_core.package_identification:_identify(src) by extensions ['ignore', 'ignore_ament_install']
[1.319s] Level 1:colcon.colcon_core.package_identification:_identify(src) by extension 'ignore'
[1.319s] Level 1:colcon.colcon_core.package_identification:_identify(src) by extension 'ignore_ament_install'
[1.319s] Level 1:colcon.colcon_core.package_identification:_identify(src) by extensions ['colcon_pkg']
[1.319s] Level 1:colcon.colcon_core.package_identification:_identify(src) by extension 'colcon_pkg'
[1.319s] Level 1:colcon.colcon_core.package_identification:_identify(src) by extensions ['colcon_meta']
[1.319s] Level 1:colcon.colcon_core.package_identification:_identify(src) by extension 'colcon_meta'
[1.319s] Level 1:colcon.colcon_core.package_identification:_identify(src) by extensions ['ros']
[1.319s] Level 1:colcon.colcon_core.package_identification:_identify(src) by extension 'ros'
[1.319s] Level 1:colcon.colcon_core.package_identification:_identify(src) by extensions ['cmake', 'python']
[1.319s] Level 1:colcon.colcon_core.package_identification:_identify(src) by extension 'cmake'
[1.319s] Level 1:colcon.colcon_core.package_identification:_identify(src) by extension 'python'
[1.319s] Level 1:colcon.colcon_core.package_identification:_identify(src) by extensions ['python_setup_py']
[1.319s] Level 1:colcon.colcon_core.package_identification:_identify(src) by extension 'python_setup_py'
[1.319s] Level 1:colcon.colcon_core.package_identification:_identify(src/hexapod_communication) by extensions ['ignore', 'ignore_ament_install']
[1.319s] Level 1:colcon.colcon_core.package_identification:_identify(src/hexapod_communication) by extension 'ignore'
[1.319s] Level 1:colcon.colcon_core.package_identification:_identify(src/hexapod_communication) by extension 'ignore_ament_install'
[1.319s] Level 1:colcon.colcon_core.package_identification:_identify(src/hexapod_communication) by extensions ['colcon_pkg']
[1.319s] Level 1:colcon.colcon_core.package_identification:_identify(src/hexapod_communication) by extension 'colcon_pkg'
[1.319s] Level 1:colcon.colcon_core.package_identification:_identify(src/hexapod_communication) by extensions ['colcon_meta']
[1.320s] Level 1:colcon.colcon_core.package_identification:_identify(src/hexapod_communication) by extension 'colcon_meta'
[1.320s] Level 1:colcon.colcon_core.package_identification:_identify(src/hexapod_communication) by extensions ['ros']
[1.320s] Level 1:colcon.colcon_core.package_identification:_identify(src/hexapod_communication) by extension 'ros'
[1.324s] DEBUG:colcon.colcon_core.package_identification:Package 'src/hexapod_communication' with type 'ros.ament_python' and name 'hexapod_communication'
[1.325s] Level 1:colcon.colcon_core.package_identification:_identify(src/hexapod_control) by extensions ['ignore', 'ignore_ament_install']
[1.325s] Level 1:colcon.colcon_core.package_identification:_identify(src/hexapod_control) by extension 'ignore'
[1.325s] Level 1:colcon.colcon_core.package_identification:_identify(src/hexapod_control) by extension 'ignore_ament_install'
[1.325s] Level 1:colcon.colcon_core.package_identification:_identify(src/hexapod_control) by extensions ['colcon_pkg']
[1.325s] Level 1:colcon.colcon_core.package_identification:_identify(src/hexapod_control) by extension 'colcon_pkg'
[1.325s] Level 1:colcon.colcon_core.package_identification:_identify(src/hexapod_control) by extensions ['colcon_meta']
[1.325s] Level 1:colcon.colcon_core.package_identification:_identify(src/hexapod_control) by extension 'colcon_meta'
[1.325s] Level 1:colcon.colcon_core.package_identification:_identify(src/hexapod_control) by extensions ['ros']
[1.325s] Level 1:colcon.colcon_core.package_identification:_identify(src/hexapod_control) by extension 'ros'
[1.326s] DEBUG:colcon.colcon_core.package_identification:Package 'src/hexapod_control' with type 'ros.ament_cmake' and name 'hexapod_control'
[1.326s] Level 1:colcon.colcon_core.package_identification:_identify(src/hexapod_interfaces) by extensions ['ignore', 'ignore_ament_install']
[1.326s] Level 1:colcon.colcon_core.package_identification:_identify(src/hexapod_interfaces) by extension 'ignore'
[1.326s] Level 1:colcon.colcon_core.package_identification:_identify(src/hexapod_interfaces) by extension 'ignore_ament_install'
[1.326s] Level 1:colcon.colcon_core.package_identification:_identify(src/hexapod_interfaces) by extensions ['colcon_pkg']
[1.326s] Level 1:colcon.colcon_core.package_identification:_identify(src/hexapod_interfaces) by extension 'colcon_pkg'
[1.327s] Level 1:colcon.colcon_core.package_identification:_identify(src/hexapod_interfaces) by extensions ['colcon_meta']
[1.327s] Level 1:colcon.colcon_core.package_identification:_identify(src/hexapod_interfaces) by extension 'colcon_meta'
[1.327s] Level 1:colcon.colcon_core.package_identification:_identify(src/hexapod_interfaces) by extensions ['ros']
[1.327s] Level 1:colcon.colcon_core.package_identification:_identify(src/hexapod_interfaces) by extension 'ros'
[1.327s] DEBUG:colcon.colcon_core.package_identification:Package 'src/hexapod_interfaces' with type 'ros.ament_cmake' and name 'hexapod_interfaces'
[1.327s] Level 1:colcon.colcon_core.package_identification:_identify(src/hexapod_services) by extensions ['ignore', 'ignore_ament_install']
[1.327s] Level 1:colcon.colcon_core.package_identification:_identify(src/hexapod_services) by extension 'ignore'
[1.327s] Level 1:colcon.colcon_core.package_identification:_identify(src/hexapod_services) by extension 'ignore_ament_install'
[1.328s] Level 1:colcon.colcon_core.package_identification:_identify(src/hexapod_services) by extensions ['colcon_pkg']
[1.328s] Level 1:colcon.colcon_core.package_identification:_identify(src/hexapod_services) by extension 'colcon_pkg'
[1.328s] Level 1:colcon.colcon_core.package_identification:_identify(src/hexapod_services) by extensions ['colcon_meta']
[1.328s] Level 1:colcon.colcon_core.package_identification:_identify(src/hexapod_services) by extension 'colcon_meta'
[1.328s] Level 1:colcon.colcon_core.package_identification:_identify(src/hexapod_services) by extensions ['ros']
[1.328s] Level 1:colcon.colcon_core.package_identification:_identify(src/hexapod_services) by extension 'ros'
[1.329s] DEBUG:colcon.colcon_core.package_identification:Package 'src/hexapod_services' with type 'ros.ament_cmake' and name 'hexapod_services'
[1.329s] Level 1:colcon.colcon_core.package_discovery:discover_packages(recursive) using defaults
[1.329s] Level 1:colcon.colcon_core.package_discovery:discover_packages(ignore) discover
[1.329s] Level 1:colcon.colcon_core.package_discovery:discover_packages(ignore) using defaults
[1.329s] Level 1:colcon.colcon_core.package_discovery:discover_packages(path) discover
[1.329s] Level 1:colcon.colcon_core.package_discovery:discover_packages(path) using defaults
[1.438s] Level 1:colcon.colcon_core.package_discovery:discover_packages(prefix_path) check parameters
[1.438s] Level 1:colcon.colcon_core.package_discovery:discover_packages(prefix_path) discover
[1.440s] WARNING:colcon.colcon_ros.prefix_path.ament:The path '/home/waves/hexapod/install/hexapod_services' in the environment variable AMENT_PREFIX_PATH doesn't exist
[1.440s] WARNING:colcon.colcon_ros.prefix_path.ament:The path '/home/waves/hexapod/install/hexapod_interfaces' in the environment variable AMENT_PREFIX_PATH doesn't exist
[1.440s] WARNING:colcon.colcon_ros.prefix_path.ament:The path '/home/waves/hexapod/install/hexapod_communication' in the environment variable AMENT_PREFIX_PATH doesn't exist
[1.469s] WARNING:colcon.colcon_ros.prefix_path.catkin:The path '/home/waves/hexapod/install/hexapod_services' in the environment variable CMAKE_PREFIX_PATH doesn't exist
[1.470s] WARNING:colcon.colcon_ros.prefix_path.catkin:The path '/home/waves/hexapod/install/hexapod_interfaces' in the environment variable CMAKE_PREFIX_PATH doesn't exist
[1.480s] DEBUG:colcon.colcon_installed_package_information.package_discovery:Found 1 installed packages in /home/waves/hexapod/install
[1.486s] DEBUG:colcon.colcon_installed_package_information.package_discovery:Found 1 installed packages in /home/waves/research/install
[1.492s] DEBUG:colcon.colcon_installed_package_information.package_discovery:Found 11 installed packages in /home/waves/ros2_sim/install
[1.496s] DEBUG:colcon.colcon_installed_package_information.package_discovery:Found 10 installed packages in /home/waves/ros2_ws/install
[1.533s] DEBUG:colcon.colcon_installed_package_information.package_discovery:Found 346 installed packages in /home/waves/ros2_humble/install
[1.539s] DEBUG:colcon.colcon_installed_package_information.package_discovery:Found 0 installed packages in /home/waves/ros2_ws/src/my_py_pkg/my_py_pkg/install
[1.543s] DEBUG:colcon.colcon_installed_package_information.package_discovery:Found 299 installed packages in /opt/ros/humble
[1.565s] Level 1:colcon.colcon_core.package_discovery:discover_packages(prefix_path) using defaults
[1.709s] Level 5:colcon.colcon_core.verb:set package 'hexapod_communication' build argument 'cmake_args' from command line to 'None'
[1.709s] Level 5:colcon.colcon_core.verb:set package 'hexapod_communication' build argument 'cmake_target' from command line to 'None'
[1.709s] Level 5:colcon.colcon_core.verb:set package 'hexapod_communication' build argument 'cmake_target_skip_unavailable' from command line to 'False'
[1.709s] Level 5:colcon.colcon_core.verb:set package 'hexapod_communication' build argument 'cmake_clean_cache' from command line to 'False'
[1.709s] Level 5:colcon.colcon_core.verb:set package 'hexapod_communication' build argument 'cmake_clean_first' from command line to 'False'
[1.709s] Level 5:colcon.colcon_core.verb:set package 'hexapod_communication' build argument 'cmake_force_configure' from command line to 'False'
[1.709s] Level 5:colcon.colcon_core.verb:set package 'hexapod_communication' build argument 'ament_cmake_args' from command line to 'None'
[1.709s] Level 5:colcon.colcon_core.verb:set package 'hexapod_communication' build argument 'catkin_cmake_args' from command line to 'None'
[1.709s] Level 5:colcon.colcon_core.verb:set package 'hexapod_communication' build argument 'catkin_skip_building_tests' from command line to 'False'
[1.710s] DEBUG:colcon.colcon_core.verb:Building package 'hexapod_communication' with the following arguments: {'ament_cmake_args': None, 'build_base': '/home/waves/hexapod/build/hexapod_communication', 'catkin_cmake_args': None, 'catkin_skip_building_tests': False, 'cmake_args': None, 'cmake_clean_cache': False, 'cmake_clean_first': False, 'cmake_force_configure': False, 'cmake_target': None, 'cmake_target_skip_unavailable': False, 'install_base': '/home/waves/hexapod/install/hexapod_communication', 'merge_install': False, 'path': '/home/waves/hexapod/src/hexapod_communication', 'symlink_install': False, 'test_result_base': None}
[1.710s] Level 5:colcon.colcon_core.verb:set package 'hexapod_interfaces' build argument 'cmake_args' from command line to 'None'
[1.710s] Level 5:colcon.colcon_core.verb:set package 'hexapod_interfaces' build argument 'cmake_target' from command line to 'None'
[1.710s] Level 5:colcon.colcon_core.verb:set package 'hexapod_interfaces' build argument 'cmake_target_skip_unavailable' from command line to 'False'
[1.710s] Level 5:colcon.colcon_core.verb:set package 'hexapod_interfaces' build argument 'cmake_clean_cache' from command line to 'False'
[1.710s] Level 5:colcon.colcon_core.verb:set package 'hexapod_interfaces' build argument 'cmake_clean_first' from command line to 'False'
[1.710s] Level 5:colcon.colcon_core.verb:set package 'hexapod_interfaces' build argument 'cmake_force_configure' from command line to 'False'
[1.710s] Level 5:colcon.colcon_core.verb:set package 'hexapod_interfaces' build argument 'ament_cmake_args' from command line to 'None'
[1.710s] Level 5:colcon.colcon_core.verb:set package 'hexapod_interfaces' build argument 'catkin_cmake_args' from command line to 'None'
[1.711s] Level 5:colcon.colcon_core.verb:set package 'hexapod_interfaces' build argument 'catkin_skip_building_tests' from command line to 'False'
[1.711s] DEBUG:colcon.colcon_core.verb:Building package 'hexapod_interfaces' with the following arguments: {'ament_cmake_args': None, 'build_base': '/home/waves/hexapod/build/hexapod_interfaces', 'catkin_cmake_args': None, 'catkin_skip_building_tests': False, 'cmake_args': None, 'cmake_clean_cache': False, 'cmake_clean_first': False, 'cmake_force_configure': False, 'cmake_target': None, 'cmake_target_skip_unavailable': False, 'install_base': '/home/waves/hexapod/install/hexapod_interfaces', 'merge_install': False, 'path': '/home/waves/hexapod/src/hexapod_interfaces', 'symlink_install': False, 'test_result_base': None}
[1.713s] Level 5:colcon.colcon_core.verb:set package 'hexapod_control' build argument 'cmake_args' from command line to 'None'
[1.713s] Level 5:colcon.colcon_core.verb:set package 'hexapod_control' build argument 'cmake_target' from command line to 'None'
[1.713s] Level 5:colcon.colcon_core.verb:set package 'hexapod_control' build argument 'cmake_target_skip_unavailable' from command line to 'False'
[1.713s] Level 5:colcon.colcon_core.verb:set package 'hexapod_control' build argument 'cmake_clean_cache' from command line to 'False'
[1.713s] Level 5:colcon.colcon_core.verb:set package 'hexapod_control' build argument 'cmake_clean_first' from command line to 'False'
[1.713s] Level 5:colcon.colcon_core.verb:set package 'hexapod_control' build argument 'cmake_force_configure' from command line to 'False'
[1.713s] Level 5:colcon.colcon_core.verb:set package 'hexapod_control' build argument 'ament_cmake_args' from command line to 'None'
[1.713s] Level 5:colcon.colcon_core.verb:set package 'hexapod_control' build argument 'catkin_cmake_args' from command line to 'None'
[1.713s] Level 5:colcon.colcon_core.verb:set package 'hexapod_control' build argument 'catkin_skip_building_tests' from command line to 'False'
[1.713s] DEBUG:colcon.colcon_core.verb:Building package 'hexapod_control' with the following arguments: {'ament_cmake_args': None, 'build_base': '/home/waves/hexapod/build/hexapod_control', 'catkin_cmake_args': None, 'catkin_skip_building_tests': False, 'cmake_args': None, 'cmake_clean_cache': False, 'cmake_clean_first': False, 'cmake_force_configure': False, 'cmake_target': None, 'cmake_target_skip_unavailable': False, 'install_base': '/home/waves/hexapod/install/hexapod_control', 'merge_install': False, 'path': '/home/waves/hexapod/src/hexapod_control', 'symlink_install': False, 'test_result_base': None}
[1.714s] Level 5:colcon.colcon_core.verb:set package 'hexapod_services' build argument 'cmake_args' from command line to 'None'
[1.714s] Level 5:colcon.colcon_core.verb:set package 'hexapod_services' build argument 'cmake_target' from command line to 'None'
[1.715s] Level 5:colcon.colcon_core.verb:set package 'hexapod_services' build argument 'cmake_target_skip_unavailable' from command line to 'False'
[1.715s] Level 5:colcon.colcon_core.verb:set package 'hexapod_services' build argument 'cmake_clean_cache' from command line to 'False'
[1.715s] Level 5:colcon.colcon_core.verb:set package 'hexapod_services' build argument 'cmake_clean_first' from command line to 'False'
[1.715s] Level 5:colcon.colcon_core.verb:set package 'hexapod_services' build argument 'cmake_force_configure' from command line to 'False'
[1.715s] Level 5:colcon.colcon_core.verb:set package 'hexapod_services' build argument 'ament_cmake_args' from command line to 'None'
[1.715s] Level 5:colcon.colcon_core.verb:set package 'hexapod_services' build argument 'catkin_cmake_args' from command line to 'None'
[1.715s] Level 5:colcon.colcon_core.verb:set package 'hexapod_services' build argument 'catkin_skip_building_tests' from command line to 'False'
[1.715s] DEBUG:colcon.colcon_core.verb:Building package 'hexapod_services' with the following arguments: {'ament_cmake_args': None, 'build_base': '/home/waves/hexapod/build/hexapod_services', 'catkin_cmake_args': None, 'catkin_skip_building_tests': False, 'cmake_args': None, 'cmake_clean_cache': False, 'cmake_clean_first': False, 'cmake_force_configure': False, 'cmake_target': None, 'cmake_target_skip_unavailable': False, 'install_base': '/home/waves/hexapod/install/hexapod_services', 'merge_install': False, 'path': '/home/waves/hexapod/src/hexapod_services', 'symlink_install': False, 'test_result_base': None}
[1.715s] INFO:colcon.colcon_core.executor:Executing jobs using 'parallel' executor
[1.720s] DEBUG:colcon.colcon_parallel_executor.executor.parallel:run_until_complete
[1.721s] INFO:colcon.colcon_ros.task.ament_cmake.build:Building ROS package in '/home/waves/hexapod/src/hexapod_interfaces' with build type 'ament_cmake'
[1.721s] INFO:colcon.colcon_cmake.task.cmake.build:Building CMake package in '/home/waves/hexapod/src/hexapod_interfaces'
[1.735s] INFO:colcon.colcon_core.plugin_system:Skipping extension 'colcon_core.shell.bat': Not used on non-Windows systems
[1.736s] INFO:colcon.colcon_core.shell:Skip shell extension 'powershell' for command environment: Not usable outside of PowerShell
[1.736s] DEBUG:colcon.colcon_core.shell:Skip shell extension 'dsv' for command environment
[1.810s] INFO:colcon.colcon_ros.task.ament_python.build:Building ROS package in '/home/waves/hexapod/src/hexapod_communication' with build type 'ament_python'
[1.813s] Level 1:colcon.colcon_core.shell:create_environment_hook('hexapod_communication', 'ament_prefix_path')
[1.815s] INFO:colcon.colcon_core.shell:Creating environment hook '/home/waves/hexapod/install/hexapod_communication/share/hexapod_communication/hook/ament_prefix_path.ps1'
[1.819s] INFO:colcon.colcon_core.shell:Creating environment descriptor '/home/waves/hexapod/install/hexapod_communication/share/hexapod_communication/hook/ament_prefix_path.dsv'
[1.821s] INFO:colcon.colcon_core.shell:Creating environment hook '/home/waves/hexapod/install/hexapod_communication/share/hexapod_communication/hook/ament_prefix_path.sh'
[1.822s] INFO:colcon.colcon_core.shell:Skip shell extension 'powershell' for command environment: Not usable outside of PowerShell
[1.822s] DEBUG:colcon.colcon_core.shell:Skip shell extension 'dsv' for command environment
[1.922s] DEBUG:colcon.colcon_core.event_handler.log_command:Invoking command in '/home/waves/hexapod/build/hexapod_interfaces': CMAKE_PREFIX_PATH=/home/waves/hexapod/install/hexapod_services:/home/waves/hexapod/install/hexapod_control:/home/waves/hexapod/install/hexapod_interfaces:/home/waves/ros2_ws/install/video_runner:/home/waves/ros2_ws/install/robotics_class:/home/waves/ros2_ws/install/my_robot_bringup:/home/waves/ros2_ws/install/my_cpp_prac:/home/waves/ros2_ws/install/my_cpp_pkg:/home/waves/ros2_ws/install/act_5:/home/waves/ros2_ws/install/my_interface:/home/waves/ros2_ws/install/buffer:/home/waves/research/install/cobots:/home/waves/ros2_sim/install/ros2_control_demos:/home/waves/ros2_sim/install/ros2_control_demo_description:/home/waves/ros2_sim/install/my_robot_sim:/home/waves/ros2_sim/install/humanoid:/home/waves/ros2_sim/install/hopper_sim:/home/waves/ros2_sim/install/hopper_description:/home/waves/hexapod/install/hexapod_communication:/home/waves/ros2_ws/install/my_py_pkg:/opt/ros/humble:/home/waves/ros2_humble/install/rqt_bag_plugins:/home/waves/ros2_humble/install/rqt_bag:/home/waves/ros2_humble/install/launch_testing_examples:/home/waves/ros2_humble/install/ros2bag:/home/waves/ros2_humble/install/tracetools_test:/home/waves/ros2_humble/install/tracetools_launch:/home/waves/ros2_humble/install/topic_monitor:/home/waves/ros2_humble/install/tf2_tools:/home/waves/ros2_humble/install/examples_tf2_py:/home/waves/ros2_humble/install/tf2_ros_py:/home/waves/ros2_humble/install/sros2:/home/waves/ros2_humble/install/rqt_topic:/home/waves/ros2_humble/install/rqt_srv:/home/waves/ros2_humble/install/rqt_shell:/home/waves/ros2_humble/install/rqt_service_caller:/home/waves/ros2_humble/install/rqt_reconfigure:/home/waves/ros2_humble/install/rqt_py_console:/home/waves/ros2_humble/install/rqt_publisher:/home/waves/ros2_humble/install/rqt_plot:/home/waves/ros2_humble/install/rqt_action:/home/waves/ros2_humble/install/rqt_msg:/home/waves/ros2_humble/install/rqt_console:/home/waves/ros2_humble/install/rqt:/home/waves/ros2_humble/install/rqt_graph:/home/waves/ros2_humble/install/rqt_gui_py:/home/waves/ros2_humble/install/rqt_gui:/home/waves/ros2_humble/install/ros2trace:/home/waves/ros2_humble/install/ros2topic:/home/waves/ros2_humble/install/ros2test:/home/waves/ros2_humble/install/ros2component:/home/waves/ros2_humble/install/ros2param:/home/waves/ros2_humble/install/ros2lifecycle:/home/waves/ros2_humble/install/ros2service:/home/waves/ros2_humble/install/ros2run:/home/waves/ros2_humble/install/ros2launch:/home/waves/ros2_humble/install/ros2pkg:/home/waves/ros2_humble/install/ros2node:/home/waves/ros2_humble/install/ros2multicast:/home/waves/ros2_humble/install/ros2interface:/home/waves/ros2_humble/install/ros2doctor:/home/waves/ros2_humble/install/ros2action:/home/waves/ros2_humble/install/ros2cli:/home/waves/ros2_humble/install/quality_of_service_demo_py:/home/waves/ros2_humble/install/lifecycle_py:/home/waves/ros2_humble/install/launch_testing_ros:/home/waves/ros2_humble/install/launch_ros:/home/waves/ros2_humble/install/examples_rclpy_pointcloud_publisher:/home/waves/ros2_humble/install/examples_rclpy_minimal_subscriber:/home/waves/ros2_humble/install/examples_rclpy_minimal_service:/home/waves/ros2_humble/install/examples_rclpy_minimal_publisher:/home/waves/ros2_humble/install/examples_rclpy_minimal_client:/home/waves/ros2_humble/install/examples_rclpy_minimal_action_server:/home/waves/ros2_humble/install/examples_rclpy_minimal_action_client:/home/waves/ros2_humble/install/examples_rclpy_guard_conditions:/home/waves/ros2_humble/install/examples_rclpy_executors:/home/waves/ros2_humble/install/demo_nodes_py:/home/waves/ros2_humble/install/camera_info_manager_py:/home/waves/ros2_humble/install/action_tutorials_py:/home/waves/ros2_humble/install/ament_uncrustify:/home/waves/ros2_humble/install/tracetools_trace:/home/waves/ros2_humble/install/tracetools_read:/home/waves/ros2_humble/install/test_tracetools_launch:/home/waves/ros2_humble/install/test_launch_ros:/home/waves/ros2_humble/install/sensor_msgs_py:/home/waves/ros2_humble/install/rpyutils:/home/waves/ros2_humble/install/rosidl_runtime_py:/home/waves/ros2_humble/install/rosidl_cli:/home/waves/ros2_humble/install/launch_pytest:/home/waves/ros2_humble/install/launch_testing:/home/waves/ros2_humble/install/launch_yaml:/home/waves/ros2_humble/install/launch_xml:/home/waves/ros2_humble/install/launch:/home/waves/ros2_humble/install/osrf_pycommon:/home/waves/ros2_humble/install/domain_coordinator:/home/waves/ros2_humble/install/ament_xmllint:/home/waves/ros2_humble/install/ament_pyflakes:/home/waves/ros2_humble/install/ament_pycodestyle:/home/waves/ros2_humble/install/ament_pep257:/home/waves/ros2_humble/install/ament_pclint:/home/waves/ros2_humble/install/ament_package:/home/waves/ros2_humble/install/ament_mypy:/home/waves/ros2_humble/install/ament_lint_cmake:/home/waves/ros2_humble/install/ament_flake8:/home/waves/ros2_humble/install/ament_copyright:/home/waves/ros2_humble/install/ament_lint:/home/waves/ros2_humble/install/ament_index_python:/home/waves/ros2_humble/install/ament_cpplint:/home/waves/ros2_humble/install/ament_cppcheck:/home/waves/ros2_humble/install/ament_clang_tidy:/home/waves/ros2_humble/install/ament_clang_format:/home/waves/ros2_sim/install/hexapod_description:/home/waves/ros2_sim/install/hexapod:/home/waves/ros2_sim/install/franka:/home/waves/ros2_humble/install/rosbag2_storage_mcap:/home/waves/ros2_humble/install/rosbag2:/home/waves/ros2_humble/install/rosbag2_compression_zstd:/home/waves/ros2_humble/install/mcap_vendor:/home/waves/ros2_humble/install/zstd_vendor:/home/waves/ros2_humble/install/rviz_visual_testing_framework:/home/waves/ros2_humble/install/rviz2:/home/waves/ros2_humble/install/rviz_default_plugins:/home/waves/ros2_humble/install/rviz_common:/home/waves/ros2_humble/install/rosbag2_py:/home/waves/ros2_humble/install/rosbag2_transport:/home/waves/ros2_humble/install/rosbag2_storage_default_plugins:/home/waves/ros2_humble/install/rosbag2_performance_benchmarking:/home/waves/ros2_humble/install/rosbag2_compression:/home/waves/ros2_humble/install/rosbag2_cpp:/home/waves/ros2_humble/install/rosbag2_storage:/home/waves/ros2_humble/install/image_common:/home/waves/ros2_humble/install/camera_info_manager:/home/waves/ros2_humble/install/camera_calibration_parsers:/home/waves/ros2_humble/install/yaml_cpp_vendor:/home/waves/ros2_humble/install/interactive_markers:/home/waves/ros2_humble/install/common_interfaces:/home/waves/ros2_humble/install/visualization_msgs:/home/waves/ros2_humble/install/dummy_robot_bringup:/home/waves/ros2_humble/install/robot_state_publisher:/home/waves/ros2_humble/install/kdl_parser:/home/waves/ros2_humble/install/urdf:/home/waves/ros2_humble/install/urdfdom:/home/waves/ros2_humble/install/urdf_parser_plugin:/home/waves/ros2_humble/install/urdfdom_headers:/home/waves/ros2_humble/install/turtlesim:/home/waves/ros2_humble/install/geometry2:/home/waves/ros2_humble/install/tf2_sensor_msgs:/home/waves/ros2_humble/install/test_tf2:/home/waves/ros2_humble/install/tf2_kdl:/home/waves/ros2_humble/install/tf2_geometry_msgs:/home/waves/ros2_humble/install/tf2_eigen:/home/waves/ros2_humble/install/tf2_bullet:/home/waves/ros2_humble/install/tf2_ros:/home/waves/ros2_humble/install/tf2_py:/home/waves/ros2_humble/install/tf2_msgs:/home/waves/ros2_humble/install/test_msgs:/home/waves/ros2_humble/install/sros2_cmake:/home/waves/ros2_humble/install/ros2cli_common_extensions:/home/waves/ros2_humble/install/rqt_py_common:/home/waves/ros2_humble/install/rosbag2_storage_mcap_testdata:/home/waves/ros2_humble/install/ros_testing:/home/waves/ros2_humble/install/ros2cli_test_interfaces:/home/waves/ros2_humble/install/quality_of_service_demo_cpp:/home/waves/ros2_humble/install/image_transport:/home/waves/ros2_humble/install/message_filters:/home/waves/ros2_humble/install/demo_nodes_cpp:/home/waves/ros2_humble/install/composition:/home/waves/ros2_humble/install/laser_geometry:/home/waves/ros2_humble/install/rclpy:/home/waves/ros2_humble/install/examples_rclcpp_minimal_action_server:/home/waves/ros2_humble/install/examples_rclcpp_minimal_action_client:/home/waves/ros2_humble/install/action_tutorials_cpp:/home/waves/ros2_humble/install/rclcpp_action:/home/waves/ros2_humble/install/rcl_action:/home/waves/ros2_humble/install/examples_rclcpp_wait_set:/home/waves/ros2_humble/install/examples_rclcpp_minimal_service:/home/waves/ros2_humble/install/examples_rclcpp_minimal_client:/home/waves/ros2_humble/install/examples_rclcpp_async_client:/home/waves/ros2_humble/install/example_interfaces:/home/waves/ros2_humble/install/action_tutorials_interfaces:/home/waves/ros2_humble/install/action_msgs:/home/waves/ros2_humble/install/unique_identifier_msgs:/home/waves/ros2_humble/install/ament_lint_common:/home/waves/ros2_humble/install/ament_cmake_uncrustify:/home/waves/ros2_humble/install/uncrustify_vendor:/home/waves/ros2_humble/install/trajectory_msgs:/home/waves/ros2_humble/install/topic_statistics_demo:/home/waves/ros2_humble/install/pendulum_control:/home/waves/ros2_humble/install/tlsf_cpp:/home/waves/ros2_humble/install/test_tracetools:/home/waves/ros2_humble/install/rqt_gui_cpp:/home/waves/ros2_humble/install/rosbag2_test_common:/home/waves/ros2_humble/install/ros2lifecycle_test_fixtures:/home/waves/ros2_humble/install/lifecycle:/home/waves/ros2_humble/install/rclcpp_lifecycle:/home/waves/ros2_humble/install/logging_demo:/home/waves/ros2_humble/install/image_tools:/home/waves/ros2_humble/install/examples_rclcpp_minimal_subscriber:/home/waves/ros2_humble/install/examples_rclcpp_minimal_composition:/home/waves/ros2_humble/install/demo_nodes_cpp_native:/home/waves/ros2_humble/install/rclcpp_components:/home/waves/ros2_humble/install/intra_process_demo:/home/waves/ros2_humble/install/examples_rclcpp_multithreaded_executor:/home/waves/ros2_humble/install/examples_rclcpp_minimal_timer:/home/waves/ros2_humble/install/examples_rclcpp_minimal_publisher:/home/waves/ros2_humble/install/examples_rclcpp_cbg_executor:/home/waves/ros2_humble/install/dummy_sensors:/home/waves/ros2_humble/install/dummy_map_server:/home/waves/ros2_humble/install/rclcpp:/home/waves/ros2_humble/install/rcl_lifecycle:/home/waves/ros2_humble/install/libstatistics_collector:/home/waves/ros2_humble/install/rcl:/home/waves/ros2_humble/install/rmw_implementation:/home/waves/ros2_humble/install/rmw_fastrtps_dynamic_cpp:/home/waves/ros2_humble/install/rmw_fastrtps_cpp:/home/waves/ros2_humble/install/rmw_fastrtps_shared_cpp:/home/waves/ros2_humble/install/rmw_cyclonedds_cpp:/home/waves/ros2_humble/install/tracetools:/home/waves/ros2_humble/install/tlsf:/home/waves/ros2_humble/install/tinyxml_vendor:/home/waves/ros2_humble/install/qt_gui_core:/home/waves/ros2_humble/install/qt_gui_cpp:/home/waves/ros2_humble/install/pluginlib:/home/waves/ros2_humble/install/tinyxml2_vendor:/home/waves/ros2_humble/install/tf2_eigen_kdl:/home/waves/ros2_humble/install/tf2:/home/waves/ros2_humble/install/test_security:/home/waves/ros2_humble/install/test_rmw_implementation:/home/waves/ros2_humble/install/test_rclcpp:/home/waves/ros2_humble/install/test_quality_of_service:/home/waves/ros2_humble/install/test_launch_testing:/home/waves/ros2_humble/install/test_interface_files:/home/waves/ros2_humble/install/test_communication:/home/waves/ros2_humble/install/test_cli_remapping:/home/waves/ros2_humble/install/test_cli:/home/waves/ros2_humble/install/qt_gui_app:/home/waves/ros2_humble/install/qt_gui:/home/waves/ros2_humble/install/tango_icons_vendor:/home/waves/ros2_humble/install/stereo_msgs:/home/waves/ros2_humble/install/std_srvs:/home/waves/ros2_humble/install/shape_msgs:/home/waves/ros2_humble/install/map_msgs:/home/waves/ros2_humble/install/sensor_msgs:/home/waves/ros2_humble/install/nav_msgs:/home/waves/ros2_humble/install/diagnostic_msgs:/home/waves/ros2_humble/install/geometry_msgs:/home/waves/ros2_humble/install/actionlib_msgs:/home/waves/ros2_humble/install/std_msgs:/home/waves/ros2_humble/install/statistics_msgs:/home/waves/ros2_humble/install/sqlite3_vendor:/home/waves/ros2_humble/install/rcl_logging_spdlog:/home/waves/ros2_humble/install/spdlog_vendor:/home/waves/ros2_humble/install/shared_queues_vendor:/home/waves/ros2_humble/install/rviz_rendering_tests:/home/waves/ros2_humble/install/rviz_rendering:/home/waves/ros2_humble/install/rviz_ogre_vendor:/home/waves/ros2_humble/install/rviz_assimp_vendor:/home/waves/ros2_humble/install/rttest:/home/waves/ros2_humble/install/rmw_connextddsmicro:/home/waves/ros2_humble/install/rmw_connextdds:/home/waves/ros2_humble/install/rmw_connextdds_common:/home/waves/ros2_humble/install/rti_connext_dds_cmake_module:/home/waves/ros2_humble/install/rosgraph_msgs:/home/waves/ros2_humble/install/rosbag2_interfaces:/home/waves/ros2_humble/install/rmw_dds_common:/home/waves/ros2_humble/install/composition_interfaces:/home/waves/ros2_humble/install/rcl_interfaces:/home/waves/ros2_humble/install/pendulum_msgs:/home/waves/ros2_humble/install/lifecycle_msgs:/home/waves/ros2_humble/install/builtin_interfaces:/home/waves/ros2_humble/install/rosidl_default_runtime:/home/waves/ros2_humble/install/rosidl_default_generators:/home/waves/ros2_humble/install/rosidl_generator_py:/home/waves/ros2_humble/install/rosidl_typesupport_introspection_tests:/home/waves/ros2_humble/install/rosidl_typesupport_cpp:/home/waves/ros2_humble/install/rosidl_typesupport_introspection_cpp:/home/waves/ros2_humble/install/rosidl_typesupport_c:/home/waves/ros2_humble/install/rosidl_typesupport_introspection_c:/home/waves/ros2_humble/install/rosidl_typesupport_fastrtps_c:/home/waves/ros2_humble/install/rosidl_typesupport_fastrtps_cpp:/home/waves/ros2_humble/install/rosidl_generator_cpp:/home/waves/ros2_humble/install/rosidl_runtime_cpp:/home/waves/ros2_humble/install/rcl_yaml_param_parser:/home/waves/ros2_humble/install/rmw:/home/waves/ros2_humble/install/rosidl_runtime_c:/home/waves/ros2_humble/install/rosidl_generator_c:/home/waves/ros2_humble/install/rosidl_typesupport_interface:/home/waves/ros2_humble/install/rosidl_generator_dds_idl:/home/waves/ros2_humble/install/rosidl_cmake:/home/waves/ros2_humble/install/rosidl_parser:/home/waves/ros2_humble/install/rosidl_adapter:/home/waves/ros2_humble/install/rosbag2_tests:/home/waves/ros2_humble/install/ros_environment:/home/waves/ros2_humble/install/rmw_implementation_cmake:/home/waves/ros2_humble/install/resource_retriever:/home/waves/ros2_humble/install/class_loader:/home/waves/ros2_humble/install/rcpputils:/home/waves/ros2_humble/install/rcl_logging_noop:/home/waves/ros2_humble/install/rcl_logging_interface:/home/waves/ros2_humble/install/rcutils:/home/waves/ros2_humble/install/qt_gui_py_common:/home/waves/ros2_humble/install/qt_dotgraph:/home/waves/ros2_humble/install/python_qt_binding:/home/waves/ros2_humble/install/python_orocos_kdl_vendor:/home/waves/ros2_humble/install/launch_testing_ament_cmake:/home/waves/ros2_humble/install/python_cmake_module:/home/waves/ros2_humble/install/pybind11_vendor:/home/waves/ros2_humble/install/performance_test_fixture:/home/waves/ros2_humble/install/osrf_testing_tools_cpp:/home/waves/ros2_humble/install/orocos_kdl_vendor:/home/waves/ros2_humble/install/mimick_vendor:/home/waves/ros2_humble/install/libyaml_vendor:/home/waves/ros2_humble/install/libcurl_vendor:/home/waves/ros2_humble/install/keyboard_handler:/home/waves/ros2_humble/install/iceoryx_introspection:/home/waves/ros2_humble/install/cyclonedds:/home/waves/ros2_humble/install/iceoryx_posh:/home/waves/ros2_humble/install/iceoryx_hoofs:/home/waves/ros2_humble/install/iceoryx_binding_c:/home/waves/ros2_humble/install/ament_cmake_ros:/home/waves/ros2_humble/install/ament_cmake_auto:/home/waves/ros2_humble/install/ament_cmake_gmock:/home/waves/ros2_humble/install/gmock_vendor:/home/waves/ros2_humble/install/ament_cmake_gtest:/home/waves/ros2_humble/install/gtest_vendor:/home/waves/ros2_humble/install/ament_cmake_google_benchmark:/home/waves/ros2_humble/install/google_benchmark_vendor:/home/waves/ros2_humble/install/fastrtps:/home/waves/ros2_humble/install/foonathan_memory_vendor:/home/waves/ros2_humble/install/fastrtps_cmake_module:/home/waves/ros2_humble/install/fastcdr:/home/waves/ros2_humble/install/eigen3_cmake_module:/home/waves/ros2_humble/install/console_bridge_vendor:/home/waves/ros2_humble/install/ament_cmake_xmllint:/home/waves/ros2_humble/install/ament_cmake_pyflakes:/home/waves/ros2_humble/install/ament_cmake_pycodestyle:/home/waves/ros2_humble/install/ament_cmake_pep257:/home/waves/ros2_humble/install/ament_cmake_pclint:/home/waves/ros2_humble/install/ament_lint_auto:/home/waves/ros2_humble/install/ament_cmake:/home/waves/ros2_humble/install/ament_cmake_version:/home/waves/ros2_humble/install/ament_cmake_vendor_package:/home/waves/ros2_humble/install/ament_cmake_pytest:/home/waves/ros2_humble/install/ament_cmake_nose:/home/waves/ros2_humble/install/ament_cmake_mypy:/home/waves/ros2_humble/install/ament_cmake_lint_cmake:/home/waves/ros2_humble/install/ament_cmake_flake8:/home/waves/ros2_humble/install/ament_cmake_cpplint:/home/waves/ros2_humble/install/ament_cmake_cppcheck:/home/waves/ros2_humble/install/ament_cmake_copyright:/home/waves/ros2_humble/install/ament_cmake_clang_tidy:/home/waves/ros2_humble/install/ament_cmake_clang_format:/home/waves/ros2_humble/install/ament_cmake_test:/home/waves/ros2_humble/install/ament_cmake_target_dependencies:/home/waves/ros2_humble/install/ament_cmake_python:/home/waves/ros2_humble/install/ament_cmake_export_dependencies:/home/waves/ros2_humble/install/ament_cmake_libraries:/home/waves/ros2_humble/install/ament_cmake_include_directories:/home/waves/ros2_humble/install/ament_cmake_gen_version_h:/home/waves/ros2_humble/install/ament_cmake_export_targets:/home/waves/ros2_humble/install/ament_cmake_export_link_flags:/home/waves/ros2_humble/install/ament_cmake_export_interfaces:/home/waves/ros2_humble/install/ament_cmake_export_libraries:/home/waves/ros2_humble/install/ament_cmake_export_include_directories:/home/waves/ros2_humble/install/ament_cmake_export_definitions:/home/waves/ros2_humble/install/ament_cmake_core:/home/waves/ros2_humble/install/ament_index_cpp /usr/bin/cmake /home/waves/hexapod/src/hexapod_interfaces -DCMAKE_INSTALL_PREFIX=/home/waves/hexapod/install/hexapod_interfaces
[3.434s] INFO:colcon.colcon_core.task.python.build:Building Python package in '/home/waves/hexapod/src/hexapod_communication'
[3.434s] INFO:colcon.colcon_core.shell:Skip shell extension 'powershell' for command environment: Not usable outside of PowerShell
[3.434s] DEBUG:colcon.colcon_core.shell:Skip shell extension 'dsv' for command environment
[6.555s] DEBUG:colcon.colcon_core.event_handler.log_command:Invoking command in '/home/waves/hexapod/src/hexapod_communication': PYTHONPATH=/home/waves/hexapod/build/hexapod_communication/prefix_override:/usr/lib/python3/dist-packages/colcon_core/task/python/colcon_distutils_commands:/home/waves/hexapod/install/hexapod_communication/lib/python3.10/site-packages:${PYTHONPATH} /usr/bin/python3 -W ignore:setup.py install is deprecated -W ignore:easy_install command is deprecated setup.py egg_info --egg-base ../../build/hexapod_communication build --build-base /home/waves/hexapod/build/hexapod_communication/build install --record /home/waves/hexapod/build/hexapod_communication/install.log --single-version-externally-managed install_data
[8.137s] DEBUG:colcon.colcon_core.event_handler.log_command:Invoked command in '/home/waves/hexapod/src/hexapod_communication' returned '0': PYTHONPATH=/home/waves/hexapod/build/hexapod_communication/prefix_override:/usr/lib/python3/dist-packages/colcon_core/task/python/colcon_distutils_commands:/home/waves/hexapod/install/hexapod_communication/lib/python3.10/site-packages:${PYTHONPATH} /usr/bin/python3 -W ignore:setup.py install is deprecated -W ignore:easy_install command is deprecated setup.py egg_info --egg-base ../../build/hexapod_communication build --build-base /home/waves/hexapod/build/hexapod_communication/build install --record /home/waves/hexapod/build/hexapod_communication/install.log --single-version-externally-managed install_data
[8.146s] Level 1:colcon.colcon_core.environment:checking '/home/waves/hexapod/install/hexapod_communication' for CMake module files
[8.146s] Level 1:colcon.colcon_core.environment:checking '/home/waves/hexapod/install/hexapod_communication' for CMake config files
[8.148s] Level 1:colcon.colcon_core.environment:checking '/home/waves/hexapod/install/hexapod_communication/lib'
[8.148s] Level 1:colcon.colcon_core.environment:checking '/home/waves/hexapod/install/hexapod_communication/bin'
[8.148s] Level 1:colcon.colcon_core.environment:checking '/home/waves/hexapod/install/hexapod_communication/lib/pkgconfig/hexapod_communication.pc'
[8.148s] Level 1:colcon.colcon_core.environment:checking '/home/waves/hexapod/install/hexapod_communication/lib/python3.10/site-packages'
[8.148s] Level 1:colcon.colcon_core.shell:create_environment_hook('hexapod_communication', 'pythonpath')
[8.149s] INFO:colcon.colcon_core.shell:Creating environment hook '/home/waves/hexapod/install/hexapod_communication/share/hexapod_communication/hook/pythonpath.ps1'
[8.149s] INFO:colcon.colcon_core.shell:Creating environment descriptor '/home/waves/hexapod/install/hexapod_communication/share/hexapod_communication/hook/pythonpath.dsv'
[8.150s] INFO:colcon.colcon_core.shell:Creating environment hook '/home/waves/hexapod/install/hexapod_communication/share/hexapod_communication/hook/pythonpath.sh'
[8.150s] Level 1:colcon.colcon_core.environment:checking '/home/waves/hexapod/install/hexapod_communication/bin'
[8.150s] Level 1:colcon.colcon_core.environment:create_environment_scripts_only(hexapod_communication)
[8.150s] INFO:colcon.colcon_core.shell:Creating package script '/home/waves/hexapod/install/hexapod_communication/share/hexapod_communication/package.ps1'
[8.152s] INFO:colcon.colcon_core.shell:Creating package descriptor '/home/waves/hexapod/install/hexapod_communication/share/hexapod_communication/package.dsv'
[8.153s] INFO:colcon.colcon_core.shell:Creating package script '/home/waves/hexapod/install/hexapod_communication/share/hexapod_communication/package.sh'
[8.154s] INFO:colcon.colcon_core.shell:Creating package script '/home/waves/hexapod/install/hexapod_communication/share/hexapod_communication/package.bash'
[8.155s] INFO:colcon.colcon_core.shell:Creating package script '/home/waves/hexapod/install/hexapod_communication/share/hexapod_communication/package.zsh'
[8.155s] Level 1:colcon.colcon_core.environment:create_file_with_runtime_dependencies(/home/waves/hexapod/install/hexapod_communication/share/colcon-core/packages/hexapod_communication)
[15.088s] DEBUG:colcon.colcon_core.event_handler.log_command:Invoked command in '/home/waves/hexapod/build/hexapod_interfaces' returned '0': CMAKE_PREFIX_PATH=/home/waves/hexapod/install/hexapod_services:/home/waves/hexapod/install/hexapod_control:/home/waves/hexapod/install/hexapod_interfaces:/home/waves/ros2_ws/install/video_runner:/home/waves/ros2_ws/install/robotics_class:/home/waves/ros2_ws/install/my_robot_bringup:/home/waves/ros2_ws/install/my_cpp_prac:/home/waves/ros2_ws/install/my_cpp_pkg:/home/waves/ros2_ws/install/act_5:/home/waves/ros2_ws/install/my_interface:/home/waves/ros2_ws/install/buffer:/home/waves/research/install/cobots:/home/waves/ros2_sim/install/ros2_control_demos:/home/waves/ros2_sim/install/ros2_control_demo_description:/home/waves/ros2_sim/install/my_robot_sim:/home/waves/ros2_sim/install/humanoid:/home/waves/ros2_sim/install/hopper_sim:/home/waves/ros2_sim/install/hopper_description:/home/waves/hexapod/install/hexapod_communication:/home/waves/ros2_ws/install/my_py_pkg:/opt/ros/humble:/home/waves/ros2_humble/install/rqt_bag_plugins:/home/waves/ros2_humble/install/rqt_bag:/home/waves/ros2_humble/install/launch_testing_examples:/home/waves/ros2_humble/install/ros2bag:/home/waves/ros2_humble/install/tracetools_test:/home/waves/ros2_humble/install/tracetools_launch:/home/waves/ros2_humble/install/topic_monitor:/home/waves/ros2_humble/install/tf2_tools:/home/waves/ros2_humble/install/examples_tf2_py:/home/waves/ros2_humble/install/tf2_ros_py:/home/waves/ros2_humble/install/sros2:/home/waves/ros2_humble/install/rqt_topic:/home/waves/ros2_humble/install/rqt_srv:/home/waves/ros2_humble/install/rqt_shell:/home/waves/ros2_humble/install/rqt_service_caller:/home/waves/ros2_humble/install/rqt_reconfigure:/home/waves/ros2_humble/install/rqt_py_console:/home/waves/ros2_humble/install/rqt_publisher:/home/waves/ros2_humble/install/rqt_plot:/home/waves/ros2_humble/install/rqt_action:/home/waves/ros2_humble/install/rqt_msg:/home/waves/ros2_humble/install/rqt_console:/home/waves/ros2_humble/install/rqt:/home/waves/ros2_humble/install/rqt_graph:/home/waves/ros2_humble/install/rqt_gui_py:/home/waves/ros2_humble/install/rqt_gui:/home/waves/ros2_humble/install/ros2trace:/home/waves/ros2_humble/install/ros2topic:/home/waves/ros2_humble/install/ros2test:/home/waves/ros2_humble/install/ros2component:/home/waves/ros2_humble/install/ros2param:/home/waves/ros2_humble/install/ros2lifecycle:/home/waves/ros2_humble/install/ros2service:/home/waves/ros2_humble/install/ros2run:/home/waves/ros2_humble/install/ros2launch:/home/waves/ros2_humble/install/ros2pkg:/home/waves/ros2_humble/install/ros2node:/home/waves/ros2_humble/install/ros2multicast:/home/waves/ros2_humble/install/ros2interface:/home/waves/ros2_humble/install/ros2doctor:/home/waves/ros2_humble/install/ros2action:/home/waves/ros2_humble/install/ros2cli:/home/waves/ros2_humble/install/quality_of_service_demo_py:/home/waves/ros2_humble/install/lifecycle_py:/home/waves/ros2_humble/install/launch_testing_ros:/home/waves/ros2_humble/install/launch_ros:/home/waves/ros2_humble/install/examples_rclpy_pointcloud_publisher:/home/waves/ros2_humble/install/examples_rclpy_minimal_subscriber:/home/waves/ros2_humble/install/examples_rclpy_minimal_service:/home/waves/ros2_humble/install/examples_rclpy_minimal_publisher:/home/waves/ros2_humble/install/examples_rclpy_minimal_client:/home/waves/ros2_humble/install/examples_rclpy_minimal_action_server:/home/waves/ros2_humble/install/examples_rclpy_minimal_action_client:/home/waves/ros2_humble/install/examples_rclpy_guard_conditions:/home/waves/ros2_humble/install/examples_rclpy_executors:/home/waves/ros2_humble/install/demo_nodes_py:/home/waves/ros2_humble/install/camera_info_manager_py:/home/waves/ros2_humble/install/action_tutorials_py:/home/waves/ros2_humble/install/ament_uncrustify:/home/waves/ros2_humble/install/tracetools_trace:/home/waves/ros2_humble/install/tracetools_read:/home/waves/ros2_humble/install/test_tracetools_launch:/home/waves/ros2_humble/install/test_launch_ros:/home/waves/ros2_humble/install/sensor_msgs_py:/home/waves/ros2_humble/install/rpyutils:/home/waves/ros2_humble/install/rosidl_runtime_py:/home/waves/ros2_humble/install/rosidl_cli:/home/waves/ros2_humble/install/launch_pytest:/home/waves/ros2_humble/install/launch_testing:/home/waves/ros2_humble/install/launch_yaml:/home/waves/ros2_humble/install/launch_xml:/home/waves/ros2_humble/install/launch:/home/waves/ros2_humble/install/osrf_pycommon:/home/waves/ros2_humble/install/domain_coordinator:/home/waves/ros2_humble/install/ament_xmllint:/home/waves/ros2_humble/install/ament_pyflakes:/home/waves/ros2_humble/install/ament_pycodestyle:/home/waves/ros2_humble/install/ament_pep257:/home/waves/ros2_humble/install/ament_pclint:/home/waves/ros2_humble/install/ament_package:/home/waves/ros2_humble/install/ament_mypy:/home/waves/ros2_humble/install/ament_lint_cmake:/home/waves/ros2_humble/install/ament_flake8:/home/waves/ros2_humble/install/ament_copyright:/home/waves/ros2_humble/install/ament_lint:/home/waves/ros2_humble/install/ament_index_python:/home/waves/ros2_humble/install/ament_cpplint:/home/waves/ros2_humble/install/ament_cppcheck:/home/waves/ros2_humble/install/ament_clang_tidy:/home/waves/ros2_humble/install/ament_clang_format:/home/waves/ros2_sim/install/hexapod_description:/home/waves/ros2_sim/install/hexapod:/home/waves/ros2_sim/install/franka:/home/waves/ros2_humble/install/rosbag2_storage_mcap:/home/waves/ros2_humble/install/rosbag2:/home/waves/ros2_humble/install/rosbag2_compression_zstd:/home/waves/ros2_humble/install/mcap_vendor:/home/waves/ros2_humble/install/zstd_vendor:/home/waves/ros2_humble/install/rviz_visual_testing_framework:/home/waves/ros2_humble/install/rviz2:/home/waves/ros2_humble/install/rviz_default_plugins:/home/waves/ros2_humble/install/rviz_common:/home/waves/ros2_humble/install/rosbag2_py:/home/waves/ros2_humble/install/rosbag2_transport:/home/waves/ros2_humble/install/rosbag2_storage_default_plugins:/home/waves/ros2_humble/install/rosbag2_performance_benchmarking:/home/waves/ros2_humble/install/rosbag2_compression:/home/waves/ros2_humble/install/rosbag2_cpp:/home/waves/ros2_humble/install/rosbag2_storage:/home/waves/ros2_humble/install/image_common:/home/waves/ros2_humble/install/camera_info_manager:/home/waves/ros2_humble/install/camera_calibration_parsers:/home/waves/ros2_humble/install/yaml_cpp_vendor:/home/waves/ros2_humble/install/interactive_markers:/home/waves/ros2_humble/install/common_interfaces:/home/waves/ros2_humble/install/visualization_msgs:/home/waves/ros2_humble/install/dummy_robot_bringup:/home/waves/ros2_humble/install/robot_state_publisher:/home/waves/ros2_humble/install/kdl_parser:/home/waves/ros2_humble/install/urdf:/home/waves/ros2_humble/install/urdfdom:/home/waves/ros2_humble/install/urdf_parser_plugin:/home/waves/ros2_humble/install/urdfdom_headers:/home/waves/ros2_humble/install/turtlesim:/home/waves/ros2_humble/install/geometry2:/home/waves/ros2_humble/install/tf2_sensor_msgs:/home/waves/ros2_humble/install/test_tf2:/home/waves/ros2_humble/install/tf2_kdl:/home/waves/ros2_humble/install/tf2_geometry_msgs:/home/waves/ros2_humble/install/tf2_eigen:/home/waves/ros2_humble/install/tf2_bullet:/home/waves/ros2_humble/install/tf2_ros:/home/waves/ros2_humble/install/tf2_py:/home/waves/ros2_humble/install/tf2_msgs:/home/waves/ros2_humble/install/test_msgs:/home/waves/ros2_humble/install/sros2_cmake:/home/waves/ros2_humble/install/ros2cli_common_extensions:/home/waves/ros2_humble/install/rqt_py_common:/home/waves/ros2_humble/install/rosbag2_storage_mcap_testdata:/home/waves/ros2_humble/install/ros_testing:/home/waves/ros2_humble/install/ros2cli_test_interfaces:/home/waves/ros2_humble/install/quality_of_service_demo_cpp:/home/waves/ros2_humble/install/image_transport:/home/waves/ros2_humble/install/message_filters:/home/waves/ros2_humble/install/demo_nodes_cpp:/home/waves/ros2_humble/install/composition:/home/waves/ros2_humble/install/laser_geometry:/home/waves/ros2_humble/install/rclpy:/home/waves/ros2_humble/install/examples_rclcpp_minimal_action_server:/home/waves/ros2_humble/install/examples_rclcpp_minimal_action_client:/home/waves/ros2_humble/install/action_tutorials_cpp:/home/waves/ros2_humble/install/rclcpp_action:/home/waves/ros2_humble/install/rcl_action:/home/waves/ros2_humble/install/examples_rclcpp_wait_set:/home/waves/ros2_humble/install/examples_rclcpp_minimal_service:/home/waves/ros2_humble/install/examples_rclcpp_minimal_client:/home/waves/ros2_humble/install/examples_rclcpp_async_client:/home/waves/ros2_humble/install/example_interfaces:/home/waves/ros2_humble/install/action_tutorials_interfaces:/home/waves/ros2_humble/install/action_msgs:/home/waves/ros2_humble/install/unique_identifier_msgs:/home/waves/ros2_humble/install/ament_lint_common:/home/waves/ros2_humble/install/ament_cmake_uncrustify:/home/waves/ros2_humble/install/uncrustify_vendor:/home/waves/ros2_humble/install/trajectory_msgs:/home/waves/ros2_humble/install/topic_statistics_demo:/home/waves/ros2_humble/install/pendulum_control:/home/waves/ros2_humble/install/tlsf_cpp:/home/waves/ros2_humble/install/test_tracetools:/home/waves/ros2_humble/install/rqt_gui_cpp:/home/waves/ros2_humble/install/rosbag2_test_common:/home/waves/ros2_humble/install/ros2lifecycle_test_fixtures:/home/waves/ros2_humble/install/lifecycle:/home/waves/ros2_humble/install/rclcpp_lifecycle:/home/waves/ros2_humble/install/logging_demo:/home/waves/ros2_humble/install/image_tools:/home/waves/ros2_humble/install/examples_rclcpp_minimal_subscriber:/home/waves/ros2_humble/install/examples_rclcpp_minimal_composition:/home/waves/ros2_humble/install/demo_nodes_cpp_native:/home/waves/ros2_humble/install/rclcpp_components:/home/waves/ros2_humble/install/intra_process_demo:/home/waves/ros2_humble/install/examples_rclcpp_multithreaded_executor:/home/waves/ros2_humble/install/examples_rclcpp_minimal_timer:/home/waves/ros2_humble/install/examples_rclcpp_minimal_publisher:/home/waves/ros2_humble/install/examples_rclcpp_cbg_executor:/home/waves/ros2_humble/install/dummy_sensors:/home/waves/ros2_humble/install/dummy_map_server:/home/waves/ros2_humble/install/rclcpp:/home/waves/ros2_humble/install/rcl_lifecycle:/home/waves/ros2_humble/install/libstatistics_collector:/home/waves/ros2_humble/install/rcl:/home/waves/ros2_humble/install/rmw_implementation:/home/waves/ros2_humble/install/rmw_fastrtps_dynamic_cpp:/home/waves/ros2_humble/install/rmw_fastrtps_cpp:/home/waves/ros2_humble/install/rmw_fastrtps_shared_cpp:/home/waves/ros2_humble/install/rmw_cyclonedds_cpp:/home/waves/ros2_humble/install/tracetools:/home/waves/ros2_humble/install/tlsf:/home/waves/ros2_humble/install/tinyxml_vendor:/home/waves/ros2_humble/install/qt_gui_core:/home/waves/ros2_humble/install/qt_gui_cpp:/home/waves/ros2_humble/install/pluginlib:/home/waves/ros2_humble/install/tinyxml2_vendor:/home/waves/ros2_humble/install/tf2_eigen_kdl:/home/waves/ros2_humble/install/tf2:/home/waves/ros2_humble/install/test_security:/home/waves/ros2_humble/install/test_rmw_implementation:/home/waves/ros2_humble/install/test_rclcpp:/home/waves/ros2_humble/install/test_quality_of_service:/home/waves/ros2_humble/install/test_launch_testing:/home/waves/ros2_humble/install/test_interface_files:/home/waves/ros2_humble/install/test_communication:/home/waves/ros2_humble/install/test_cli_remapping:/home/waves/ros2_humble/install/test_cli:/home/waves/ros2_humble/install/qt_gui_app:/home/waves/ros2_humble/install/qt_gui:/home/waves/ros2_humble/install/tango_icons_vendor:/home/waves/ros2_humble/install/stereo_msgs:/home/waves/ros2_humble/install/std_srvs:/home/waves/ros2_humble/install/shape_msgs:/home/waves/ros2_humble/install/map_msgs:/home/waves/ros2_humble/install/sensor_msgs:/home/waves/ros2_humble/install/nav_msgs:/home/waves/ros2_humble/install/diagnostic_msgs:/home/waves/ros2_humble/install/geometry_msgs:/home/waves/ros2_humble/install/actionlib_msgs:/home/waves/ros2_humble/install/std_msgs:/home/waves/ros2_humble/install/statistics_msgs:/home/waves/ros2_humble/install/sqlite3_vendor:/home/waves/ros2_humble/install/rcl_logging_spdlog:/home/waves/ros2_humble/install/spdlog_vendor:/home/waves/ros2_humble/install/shared_queues_vendor:/home/waves/ros2_humble/install/rviz_rendering_tests:/home/waves/ros2_humble/install/rviz_rendering:/home/waves/ros2_humble/install/rviz_ogre_vendor:/home/waves/ros2_humble/install/rviz_assimp_vendor:/home/waves/ros2_humble/install/rttest:/home/waves/ros2_humble/install/rmw_connextddsmicro:/home/waves/ros2_humble/install/rmw_connextdds:/home/waves/ros2_humble/install/rmw_connextdds_common:/home/waves/ros2_humble/install/rti_connext_dds_cmake_module:/home/waves/ros2_humble/install/rosgraph_msgs:/home/waves/ros2_humble/install/rosbag2_interfaces:/home/waves/ros2_humble/install/rmw_dds_common:/home/waves/ros2_humble/install/composition_interfaces:/home/waves/ros2_humble/install/rcl_interfaces:/home/waves/ros2_humble/install/pendulum_msgs:/home/waves/ros2_humble/install/lifecycle_msgs:/home/waves/ros2_humble/install/builtin_interfaces:/home/waves/ros2_humble/install/rosidl_default_runtime:/home/waves/ros2_humble/install/rosidl_default_generators:/home/waves/ros2_humble/install/rosidl_generator_py:/home/waves/ros2_humble/install/rosidl_typesupport_introspection_tests:/home/waves/ros2_humble/install/rosidl_typesupport_cpp:/home/waves/ros2_humble/install/rosidl_typesupport_introspection_cpp:/home/waves/ros2_humble/install/rosidl_typesupport_c:/home/waves/ros2_humble/install/rosidl_typesupport_introspection_c:/home/waves/ros2_humble/install/rosidl_typesupport_fastrtps_c:/home/waves/ros2_humble/install/rosidl_typesupport_fastrtps_cpp:/home/waves/ros2_humble/install/rosidl_generator_cpp:/home/waves/ros2_humble/install/rosidl_runtime_cpp:/home/waves/ros2_humble/install/rcl_yaml_param_parser:/home/waves/ros2_humble/install/rmw:/home/waves/ros2_humble/install/rosidl_runtime_c:/home/waves/ros2_humble/install/rosidl_generator_c:/home/waves/ros2_humble/install/rosidl_typesupport_interface:/home/waves/ros2_humble/install/rosidl_generator_dds_idl:/home/waves/ros2_humble/install/rosidl_cmake:/home/waves/ros2_humble/install/rosidl_parser:/home/waves/ros2_humble/install/rosidl_adapter:/home/waves/ros2_humble/install/rosbag2_tests:/home/waves/ros2_humble/install/ros_environment:/home/waves/ros2_humble/install/rmw_implementation_cmake:/home/waves/ros2_humble/install/resource_retriever:/home/waves/ros2_humble/install/class_loader:/home/waves/ros2_humble/install/rcpputils:/home/waves/ros2_humble/install/rcl_logging_noop:/home/waves/ros2_humble/install/rcl_logging_interface:/home/waves/ros2_humble/install/rcutils:/home/waves/ros2_humble/install/qt_gui_py_common:/home/waves/ros2_humble/install/qt_dotgraph:/home/waves/ros2_humble/install/python_qt_binding:/home/waves/ros2_humble/install/python_orocos_kdl_vendor:/home/waves/ros2_humble/install/launch_testing_ament_cmake:/home/waves/ros2_humble/install/python_cmake_module:/home/waves/ros2_humble/install/pybind11_vendor:/home/waves/ros2_humble/install/performance_test_fixture:/home/waves/ros2_humble/install/osrf_testing_tools_cpp:/home/waves/ros2_humble/install/orocos_kdl_vendor:/home/waves/ros2_humble/install/mimick_vendor:/home/waves/ros2_humble/install/libyaml_vendor:/home/waves/ros2_humble/install/libcurl_vendor:/home/waves/ros2_humble/install/keyboard_handler:/home/waves/ros2_humble/install/iceoryx_introspection:/home/waves/ros2_humble/install/cyclonedds:/home/waves/ros2_humble/install/iceoryx_posh:/home/waves/ros2_humble/install/iceoryx_hoofs:/home/waves/ros2_humble/install/iceoryx_binding_c:/home/waves/ros2_humble/install/ament_cmake_ros:/home/waves/ros2_humble/install/ament_cmake_auto:/home/waves/ros2_humble/install/ament_cmake_gmock:/home/waves/ros2_humble/install/gmock_vendor:/home/waves/ros2_humble/install/ament_cmake_gtest:/home/waves/ros2_humble/install/gtest_vendor:/home/waves/ros2_humble/install/ament_cmake_google_benchmark:/home/waves/ros2_humble/install/google_benchmark_vendor:/home/waves/ros2_humble/install/fastrtps:/home/waves/ros2_humble/install/foonathan_memory_vendor:/home/waves/ros2_humble/install/fastrtps_cmake_module:/home/waves/ros2_humble/install/fastcdr:/home/waves/ros2_humble/install/eigen3_cmake_module:/home/waves/ros2_humble/install/console_bridge_vendor:/home/waves/ros2_humble/install/ament_cmake_xmllint:/home/waves/ros2_humble/install/ament_cmake_pyflakes:/home/waves/ros2_humble/install/ament_cmake_pycodestyle:/home/waves/ros2_humble/install/ament_cmake_pep257:/home/waves/ros2_humble/install/ament_cmake_pclint:/home/waves/ros2_humble/install/ament_lint_auto:/home/waves/ros2_humble/install/ament_cmake:/home/waves/ros2_humble/install/ament_cmake_version:/home/waves/ros2_humble/install/ament_cmake_vendor_package:/home/waves/ros2_humble/install/ament_cmake_pytest:/home/waves/ros2_humble/install/ament_cmake_nose:/home/waves/ros2_humble/install/ament_cmake_mypy:/home/waves/ros2_humble/install/ament_cmake_lint_cmake:/home/waves/ros2_humble/install/ament_cmake_flake8:/home/waves/ros2_humble/install/ament_cmake_cpplint:/home/waves/ros2_humble/install/ament_cmake_cppcheck:/home/waves/ros2_humble/install/ament_cmake_copyright:/home/waves/ros2_humble/install/ament_cmake_clang_tidy:/home/waves/ros2_humble/install/ament_cmake_clang_format:/home/waves/ros2_humble/install/ament_cmake_test:/home/waves/ros2_humble/install/ament_cmake_target_dependencies:/home/waves/ros2_humble/install/ament_cmake_python:/home/waves/ros2_humble/install/ament_cmake_export_dependencies:/home/waves/ros2_humble/install/ament_cmake_libraries:/home/waves/ros2_humble/install/ament_cmake_include_directories:/home/waves/ros2_humble/install/ament_cmake_gen_version_h:/home/waves/ros2_humble/install/ament_cmake_export_targets:/home/waves/ros2_humble/install/ament_cmake_export_link_flags:/home/waves/ros2_humble/install/ament_cmake_export_interfaces:/home/waves/ros2_humble/install/ament_cmake_export_libraries:/home/waves/ros2_humble/install/ament_cmake_export_include_directories:/home/waves/ros2_humble/install/ament_cmake_export_definitions:/home/waves/ros2_humble/install/ament_cmake_core:/home/waves/ros2_humble/install/ament_index_cpp /usr/bin/cmake /home/waves/hexapod/src/hexapod_interfaces -DCMAKE_INSTALL_PREFIX=/home/waves/hexapod/install/hexapod_interfaces
[15.089s] DEBUG:colcon.colcon_core.event_handler.log_command:Invoking command in '/home/waves/hexapod/build/hexapod_interfaces': CMAKE_PREFIX_PATH=/home/waves/hexapod/install/hexapod_services:/home/waves/hexapod/install/hexapod_control:/home/waves/hexapod/install/hexapod_interfaces:/home/waves/ros2_ws/install/video_runner:/home/waves/ros2_ws/install/robotics_class:/home/waves/ros2_ws/install/my_robot_bringup:/home/waves/ros2_ws/install/my_cpp_prac:/home/waves/ros2_ws/install/my_cpp_pkg:/home/waves/ros2_ws/install/act_5:/home/waves/ros2_ws/install/my_interface:/home/waves/ros2_ws/install/buffer:/home/waves/research/install/cobots:/home/waves/ros2_sim/install/ros2_control_demos:/home/waves/ros2_sim/install/ros2_control_demo_description:/home/waves/ros2_sim/install/my_robot_sim:/home/waves/ros2_sim/install/humanoid:/home/waves/ros2_sim/install/hopper_sim:/home/waves/ros2_sim/install/hopper_description:/home/waves/hexapod/install/hexapod_communication:/home/waves/ros2_ws/install/my_py_pkg:/opt/ros/humble:/home/waves/ros2_humble/install/rqt_bag_plugins:/home/waves/ros2_humble/install/rqt_bag:/home/waves/ros2_humble/install/launch_testing_examples:/home/waves/ros2_humble/install/ros2bag:/home/waves/ros2_humble/install/tracetools_test:/home/waves/ros2_humble/install/tracetools_launch:/home/waves/ros2_humble/install/topic_monitor:/home/waves/ros2_humble/install/tf2_tools:/home/waves/ros2_humble/install/examples_tf2_py:/home/waves/ros2_humble/install/tf2_ros_py:/home/waves/ros2_humble/install/sros2:/home/waves/ros2_humble/install/rqt_topic:/home/waves/ros2_humble/install/rqt_srv:/home/waves/ros2_humble/install/rqt_shell:/home/waves/ros2_humble/install/rqt_service_caller:/home/waves/ros2_humble/install/rqt_reconfigure:/home/waves/ros2_humble/install/rqt_py_console:/home/waves/ros2_humble/install/rqt_publisher:/home/waves/ros2_humble/install/rqt_plot:/home/waves/ros2_humble/install/rqt_action:/home/waves/ros2_humble/install/rqt_msg:/home/waves/ros2_humble/install/rqt_console:/home/waves/ros2_humble/install/rqt:/home/waves/ros2_humble/install/rqt_graph:/home/waves/ros2_humble/install/rqt_gui_py:/home/waves/ros2_humble/install/rqt_gui:/home/waves/ros2_humble/install/ros2trace:/home/waves/ros2_humble/install/ros2topic:/home/waves/ros2_humble/install/ros2test:/home/waves/ros2_humble/install/ros2component:/home/waves/ros2_humble/install/ros2param:/home/waves/ros2_humble/install/ros2lifecycle:/home/waves/ros2_humble/install/ros2service:/home/waves/ros2_humble/install/ros2run:/home/waves/ros2_humble/install/ros2launch:/home/waves/ros2_humble/install/ros2pkg:/home/waves/ros2_humble/install/ros2node:/home/waves/ros2_humble/install/ros2multicast:/home/waves/ros2_humble/install/ros2interface:/home/waves/ros2_humble/install/ros2doctor:/home/waves/ros2_humble/install/ros2action:/home/waves/ros2_humble/install/ros2cli:/home/waves/ros2_humble/install/quality_of_service_demo_py:/home/waves/ros2_humble/install/lifecycle_py:/home/waves/ros2_humble/install/launch_testing_ros:/home/waves/ros2_humble/install/launch_ros:/home/waves/ros2_humble/install/examples_rclpy_pointcloud_publisher:/home/waves/ros2_humble/install/examples_rclpy_minimal_subscriber:/home/waves/ros2_humble/install/examples_rclpy_minimal_service:/home/waves/ros2_humble/install/examples_rclpy_minimal_publisher:/home/waves/ros2_humble/install/examples_rclpy_minimal_client:/home/waves/ros2_humble/install/examples_rclpy_minimal_action_server:/home/waves/ros2_humble/install/examples_rclpy_minimal_action_client:/home/waves/ros2_humble/install/examples_rclpy_guard_conditions:/home/waves/ros2_humble/install/examples_rclpy_executors:/home/waves/ros2_humble/install/demo_nodes_py:/home/waves/ros2_humble/install/camera_info_manager_py:/home/waves/ros2_humble/install/action_tutorials_py:/home/waves/ros2_humble/install/ament_uncrustify:/home/waves/ros2_humble/install/tracetools_trace:/home/waves/ros2_humble/install/tracetools_read:/home/waves/ros2_humble/install/test_tracetools_launch:/home/waves/ros2_humble/install/test_launch_ros:/home/waves/ros2_humble/install/sensor_msgs_py:/home/waves/ros2_humble/install/rpyutils:/home/waves/ros2_humble/install/rosidl_runtime_py:/home/waves/ros2_humble/install/rosidl_cli:/home/waves/ros2_humble/install/launch_pytest:/home/waves/ros2_humble/install/launch_testing:/home/waves/ros2_humble/install/launch_yaml:/home/waves/ros2_humble/install/launch_xml:/home/waves/ros2_humble/install/launch:/home/waves/ros2_humble/install/osrf_pycommon:/home/waves/ros2_humble/install/domain_coordinator:/home/waves/ros2_humble/install/ament_xmllint:/home/waves/ros2_humble/install/ament_pyflakes:/home/waves/ros2_humble/install/ament_pycodestyle:/home/waves/ros2_humble/install/ament_pep257:/home/waves/ros2_humble/install/ament_pclint:/home/waves/ros2_humble/install/ament_package:/home/waves/ros2_humble/install/ament_mypy:/home/waves/ros2_humble/install/ament_lint_cmake:/home/waves/ros2_humble/install/ament_flake8:/home/waves/ros2_humble/install/ament_copyright:/home/waves/ros2_humble/install/ament_lint:/home/waves/ros2_humble/install/ament_index_python:/home/waves/ros2_humble/install/ament_cpplint:/home/waves/ros2_humble/install/ament_cppcheck:/home/waves/ros2_humble/install/ament_clang_tidy:/home/waves/ros2_humble/install/ament_clang_format:/home/waves/ros2_sim/install/hexapod_description:/home/waves/ros2_sim/install/hexapod:/home/waves/ros2_sim/install/franka:/home/waves/ros2_humble/install/rosbag2_storage_mcap:/home/waves/ros2_humble/install/rosbag2:/home/waves/ros2_humble/install/rosbag2_compression_zstd:/home/waves/ros2_humble/install/mcap_vendor:/home/waves/ros2_humble/install/zstd_vendor:/home/waves/ros2_humble/install/rviz_visual_testing_framework:/home/waves/ros2_humble/install/rviz2:/home/waves/ros2_humble/install/rviz_default_plugins:/home/waves/ros2_humble/install/rviz_common:/home/waves/ros2_humble/install/rosbag2_py:/home/waves/ros2_humble/install/rosbag2_transport:/home/waves/ros2_humble/install/rosbag2_storage_default_plugins:/home/waves/ros2_humble/install/rosbag2_performance_benchmarking:/home/waves/ros2_humble/install/rosbag2_compression:/home/waves/ros2_humble/install/rosbag2_cpp:/home/waves/ros2_humble/install/rosbag2_storage:/home/waves/ros2_humble/install/image_common:/home/waves/ros2_humble/install/camera_info_manager:/home/waves/ros2_humble/install/camera_calibration_parsers:/home/waves/ros2_humble/install/yaml_cpp_vendor:/home/waves/ros2_humble/install/interactive_markers:/home/waves/ros2_humble/install/common_interfaces:/home/waves/ros2_humble/install/visualization_msgs:/home/waves/ros2_humble/install/dummy_robot_bringup:/home/waves/ros2_humble/install/robot_state_publisher:/home/waves/ros2_humble/install/kdl_parser:/home/waves/ros2_humble/install/urdf:/home/waves/ros2_humble/install/urdfdom:/home/waves/ros2_humble/install/urdf_parser_plugin:/home/waves/ros2_humble/install/urdfdom_headers:/home/waves/ros2_humble/install/turtlesim:/home/waves/ros2_humble/install/geometry2:/home/waves/ros2_humble/install/tf2_sensor_msgs:/home/waves/ros2_humble/install/test_tf2:/home/waves/ros2_humble/install/tf2_kdl:/home/waves/ros2_humble/install/tf2_geometry_msgs:/home/waves/ros2_humble/install/tf2_eigen:/home/waves/ros2_humble/install/tf2_bullet:/home/waves/ros2_humble/install/tf2_ros:/home/waves/ros2_humble/install/tf2_py:/home/waves/ros2_humble/install/tf2_msgs:/home/waves/ros2_humble/install/test_msgs:/home/waves/ros2_humble/install/sros2_cmake:/home/waves/ros2_humble/install/ros2cli_common_extensions:/home/waves/ros2_humble/install/rqt_py_common:/home/waves/ros2_humble/install/rosbag2_storage_mcap_testdata:/home/waves/ros2_humble/install/ros_testing:/home/waves/ros2_humble/install/ros2cli_test_interfaces:/home/waves/ros2_humble/install/quality_of_service_demo_cpp:/home/waves/ros2_humble/install/image_transport:/home/waves/ros2_humble/install/message_filters:/home/waves/ros2_humble/install/demo_nodes_cpp:/home/waves/ros2_humble/install/composition:/home/waves/ros2_humble/install/laser_geometry:/home/waves/ros2_humble/install/rclpy:/home/waves/ros2_humble/install/examples_rclcpp_minimal_action_server:/home/waves/ros2_humble/install/examples_rclcpp_minimal_action_client:/home/waves/ros2_humble/install/action_tutorials_cpp:/home/waves/ros2_humble/install/rclcpp_action:/home/waves/ros2_humble/install/rcl_action:/home/waves/ros2_humble/install/examples_rclcpp_wait_set:/home/waves/ros2_humble/install/examples_rclcpp_minimal_service:/home/waves/ros2_humble/install/examples_rclcpp_minimal_client:/home/waves/ros2_humble/install/examples_rclcpp_async_client:/home/waves/ros2_humble/install/example_interfaces:/home/waves/ros2_humble/install/action_tutorials_interfaces:/home/waves/ros2_humble/install/action_msgs:/home/waves/ros2_humble/install/unique_identifier_msgs:/home/waves/ros2_humble/install/ament_lint_common:/home/waves/ros2_humble/install/ament_cmake_uncrustify:/home/waves/ros2_humble/install/uncrustify_vendor:/home/waves/ros2_humble/install/trajectory_msgs:/home/waves/ros2_humble/install/topic_statistics_demo:/home/waves/ros2_humble/install/pendulum_control:/home/waves/ros2_humble/install/tlsf_cpp:/home/waves/ros2_humble/install/test_tracetools:/home/waves/ros2_humble/install/rqt_gui_cpp:/home/waves/ros2_humble/install/rosbag2_test_common:/home/waves/ros2_humble/install/ros2lifecycle_test_fixtures:/home/waves/ros2_humble/install/lifecycle:/home/waves/ros2_humble/install/rclcpp_lifecycle:/home/waves/ros2_humble/install/logging_demo:/home/waves/ros2_humble/install/image_tools:/home/waves/ros2_humble/install/examples_rclcpp_minimal_subscriber:/home/waves/ros2_humble/install/examples_rclcpp_minimal_composition:/home/waves/ros2_humble/install/demo_nodes_cpp_native:/home/waves/ros2_humble/install/rclcpp_components:/home/waves/ros2_humble/install/intra_process_demo:/home/waves/ros2_humble/install/examples_rclcpp_multithreaded_executor:/home/waves/ros2_humble/install/examples_rclcpp_minimal_timer:/home/waves/ros2_humble/install/examples_rclcpp_minimal_publisher:/home/waves/ros2_humble/install/examples_rclcpp_cbg_executor:/home/waves/ros2_humble/install/dummy_sensors:/home/waves/ros2_humble/install/dummy_map_server:/home/waves/ros2_humble/install/rclcpp:/home/waves/ros2_humble/install/rcl_lifecycle:/home/waves/ros2_humble/install/libstatistics_collector:/home/waves/ros2_humble/install/rcl:/home/waves/ros2_humble/install/rmw_implementation:/home/waves/ros2_humble/install/rmw_fastrtps_dynamic_cpp:/home/waves/ros2_humble/install/rmw_fastrtps_cpp:/home/waves/ros2_humble/install/rmw_fastrtps_shared_cpp:/home/waves/ros2_humble/install/rmw_cyclonedds_cpp:/home/waves/ros2_humble/install/tracetools:/home/waves/ros2_humble/install/tlsf:/home/waves/ros2_humble/install/tinyxml_vendor:/home/waves/ros2_humble/install/qt_gui_core:/home/waves/ros2_humble/install/qt_gui_cpp:/home/waves/ros2_humble/install/pluginlib:/home/waves/ros2_humble/install/tinyxml2_vendor:/home/waves/ros2_humble/install/tf2_eigen_kdl:/home/waves/ros2_humble/install/tf2:/home/waves/ros2_humble/install/test_security:/home/waves/ros2_humble/install/test_rmw_implementation:/home/waves/ros2_humble/install/test_rclcpp:/home/waves/ros2_humble/install/test_quality_of_service:/home/waves/ros2_humble/install/test_launch_testing:/home/waves/ros2_humble/install/test_interface_files:/home/waves/ros2_humble/install/test_communication:/home/waves/ros2_humble/install/test_cli_remapping:/home/waves/ros2_humble/install/test_cli:/home/waves/ros2_humble/install/qt_gui_app:/home/waves/ros2_humble/install/qt_gui:/home/waves/ros2_humble/install/tango_icons_vendor:/home/waves/ros2_humble/install/stereo_msgs:/home/waves/ros2_humble/install/std_srvs:/home/waves/ros2_humble/install/shape_msgs:/home/waves/ros2_humble/install/map_msgs:/home/waves/ros2_humble/install/sensor_msgs:/home/waves/ros2_humble/install/nav_msgs:/home/waves/ros2_humble/install/diagnostic_msgs:/home/waves/ros2_humble/install/geometry_msgs:/home/waves/ros2_humble/install/actionlib_msgs:/home/waves/ros2_humble/install/std_msgs:/home/waves/ros2_humble/install/statistics_msgs:/home/waves/ros2_humble/install/sqlite3_vendor:/home/waves/ros2_humble/install/rcl_logging_spdlog:/home/waves/ros2_humble/install/spdlog_vendor:/home/waves/ros2_humble/install/shared_queues_vendor:/home/waves/ros2_humble/install/rviz_rendering_tests:/home/waves/ros2_humble/install/rviz_rendering:/home/waves/ros2_humble/install/rviz_ogre_vendor:/home/waves/ros2_humble/install/rviz_assimp_vendor:/home/waves/ros2_humble/install/rttest:/home/waves/ros2_humble/install/rmw_connextddsmicro:/home/waves/ros2_humble/install/rmw_connextdds:/home/waves/ros2_humble/install/rmw_connextdds_common:/home/waves/ros2_humble/install/rti_connext_dds_cmake_module:/home/waves/ros2_humble/install/rosgraph_msgs:/home/waves/ros2_humble/install/rosbag2_interfaces:/home/waves/ros2_humble/install/rmw_dds_common:/home/waves/ros2_humble/install/composition_interfaces:/home/waves/ros2_humble/install/rcl_interfaces:/home/waves/ros2_humble/install/pendulum_msgs:/home/waves/ros2_humble/install/lifecycle_msgs:/home/waves/ros2_humble/install/builtin_interfaces:/home/waves/ros2_humble/install/rosidl_default_runtime:/home/waves/ros2_humble/install/rosidl_default_generators:/home/waves/ros2_humble/install/rosidl_generator_py:/home/waves/ros2_humble/install/rosidl_typesupport_introspection_tests:/home/waves/ros2_humble/install/rosidl_typesupport_cpp:/home/waves/ros2_humble/install/rosidl_typesupport_introspection_cpp:/home/waves/ros2_humble/install/rosidl_typesupport_c:/home/waves/ros2_humble/install/rosidl_typesupport_introspection_c:/home/waves/ros2_humble/install/rosidl_typesupport_fastrtps_c:/home/waves/ros2_humble/install/rosidl_typesupport_fastrtps_cpp:/home/waves/ros2_humble/install/rosidl_generator_cpp:/home/waves/ros2_humble/install/rosidl_runtime_cpp:/home/waves/ros2_humble/install/rcl_yaml_param_parser:/home/waves/ros2_humble/install/rmw:/home/waves/ros2_humble/install/rosidl_runtime_c:/home/waves/ros2_humble/install/rosidl_generator_c:/home/waves/ros2_humble/install/rosidl_typesupport_interface:/home/waves/ros2_humble/install/rosidl_generator_dds_idl:/home/waves/ros2_humble/install/rosidl_cmake:/home/waves/ros2_humble/install/rosidl_parser:/home/waves/ros2_humble/install/rosidl_adapter:/home/waves/ros2_humble/install/rosbag2_tests:/home/waves/ros2_humble/install/ros_environment:/home/waves/ros2_humble/install/rmw_implementation_cmake:/home/waves/ros2_humble/install/resource_retriever:/home/waves/ros2_humble/install/class_loader:/home/waves/ros2_humble/install/rcpputils:/home/waves/ros2_humble/install/rcl_logging_noop:/home/waves/ros2_humble/install/rcl_logging_interface:/home/waves/ros2_humble/install/rcutils:/home/waves/ros2_humble/install/qt_gui_py_common:/home/waves/ros2_humble/install/qt_dotgraph:/home/waves/ros2_humble/install/python_qt_binding:/home/waves/ros2_humble/install/python_orocos_kdl_vendor:/home/waves/ros2_humble/install/launch_testing_ament_cmake:/home/waves/ros2_humble/install/python_cmake_module:/home/waves/ros2_humble/install/pybind11_vendor:/home/waves/ros2_humble/install/performance_test_fixture:/home/waves/ros2_humble/install/osrf_testing_tools_cpp:/home/waves/ros2_humble/install/orocos_kdl_vendor:/home/waves/ros2_humble/install/mimick_vendor:/home/waves/ros2_humble/install/libyaml_vendor:/home/waves/ros2_humble/install/libcurl_vendor:/home/waves/ros2_humble/install/keyboard_handler:/home/waves/ros2_humble/install/iceoryx_introspection:/home/waves/ros2_humble/install/cyclonedds:/home/waves/ros2_humble/install/iceoryx_posh:/home/waves/ros2_humble/install/iceoryx_hoofs:/home/waves/ros2_humble/install/iceoryx_binding_c:/home/waves/ros2_humble/install/ament_cmake_ros:/home/waves/ros2_humble/install/ament_cmake_auto:/home/waves/ros2_humble/install/ament_cmake_gmock:/home/waves/ros2_humble/install/gmock_vendor:/home/waves/ros2_humble/install/ament_cmake_gtest:/home/waves/ros2_humble/install/gtest_vendor:/home/waves/ros2_humble/install/ament_cmake_google_benchmark:/home/waves/ros2_humble/install/google_benchmark_vendor:/home/waves/ros2_humble/install/fastrtps:/home/waves/ros2_humble/install/foonathan_memory_vendor:/home/waves/ros2_humble/install/fastrtps_cmake_module:/home/waves/ros2_humble/install/fastcdr:/home/waves/ros2_humble/install/eigen3_cmake_module:/home/waves/ros2_humble/install/console_bridge_vendor:/home/waves/ros2_humble/install/ament_cmake_xmllint:/home/waves/ros2_humble/install/ament_cmake_pyflakes:/home/waves/ros2_humble/install/ament_cmake_pycodestyle:/home/waves/ros2_humble/install/ament_cmake_pep257:/home/waves/ros2_humble/install/ament_cmake_pclint:/home/waves/ros2_humble/install/ament_lint_auto:/home/waves/ros2_humble/install/ament_cmake:/home/waves/ros2_humble/install/ament_cmake_version:/home/waves/ros2_humble/install/ament_cmake_vendor_package:/home/waves/ros2_humble/install/ament_cmake_pytest:/home/waves/ros2_humble/install/ament_cmake_nose:/home/waves/ros2_humble/install/ament_cmake_mypy:/home/waves/ros2_humble/install/ament_cmake_lint_cmake:/home/waves/ros2_humble/install/ament_cmake_flake8:/home/waves/ros2_humble/install/ament_cmake_cpplint:/home/waves/ros2_humble/install/ament_cmake_cppcheck:/home/waves/ros2_humble/install/ament_cmake_copyright:/home/waves/ros2_humble/install/ament_cmake_clang_tidy:/home/waves/ros2_humble/install/ament_cmake_clang_format:/home/waves/ros2_humble/install/ament_cmake_test:/home/waves/ros2_humble/install/ament_cmake_target_dependencies:/home/waves/ros2_humble/install/ament_cmake_python:/home/waves/ros2_humble/install/ament_cmake_export_dependencies:/home/waves/ros2_humble/install/ament_cmake_libraries:/home/waves/ros2_humble/install/ament_cmake_include_directories:/home/waves/ros2_humble/install/ament_cmake_gen_version_h:/home/waves/ros2_humble/install/ament_cmake_export_targets:/home/waves/ros2_humble/install/ament_cmake_export_link_flags:/home/waves/ros2_humble/install/ament_cmake_export_interfaces:/home/waves/ros2_humble/install/ament_cmake_export_libraries:/home/waves/ros2_humble/install/ament_cmake_export_include_directories:/home/waves/ros2_humble/install/ament_cmake_export_definitions:/home/waves/ros2_humble/install/ament_cmake_core:/home/waves/ros2_humble/install/ament_index_cpp /usr/bin/cmake --build /home/waves/hexapod/build/hexapod_interfaces -- -j4 -l4
[29.378s] DEBUG:colcon.colcon_core.event_handler.log_command:Invoked command in '/home/waves/hexapod/build/hexapod_interfaces' returned '0': CMAKE_PREFIX_PATH=/home/waves/hexapod/install/hexapod_services:/home/waves/hexapod/install/hexapod_control:/home/waves/hexapod/install/hexapod_interfaces:/home/waves/ros2_ws/install/video_runner:/home/waves/ros2_ws/install/robotics_class:/home/waves/ros2_ws/install/my_robot_bringup:/home/waves/ros2_ws/install/my_cpp_prac:/home/waves/ros2_ws/install/my_cpp_pkg:/home/waves/ros2_ws/install/act_5:/home/waves/ros2_ws/install/my_interface:/home/waves/ros2_ws/install/buffer:/home/waves/research/install/cobots:/home/waves/ros2_sim/install/ros2_control_demos:/home/waves/ros2_sim/install/ros2_control_demo_description:/home/waves/ros2_sim/install/my_robot_sim:/home/waves/ros2_sim/install/humanoid:/home/waves/ros2_sim/install/hopper_sim:/home/waves/ros2_sim/install/hopper_description:/home/waves/hexapod/install/hexapod_communication:/home/waves/ros2_ws/install/my_py_pkg:/opt/ros/humble:/home/waves/ros2_humble/install/rqt_bag_plugins:/home/waves/ros2_humble/install/rqt_bag:/home/waves/ros2_humble/install/launch_testing_examples:/home/waves/ros2_humble/install/ros2bag:/home/waves/ros2_humble/install/tracetools_test:/home/waves/ros2_humble/install/tracetools_launch:/home/waves/ros2_humble/install/topic_monitor:/home/waves/ros2_humble/install/tf2_tools:/home/waves/ros2_humble/install/examples_tf2_py:/home/waves/ros2_humble/install/tf2_ros_py:/home/waves/ros2_humble/install/sros2:/home/waves/ros2_humble/install/rqt_topic:/home/waves/ros2_humble/install/rqt_srv:/home/waves/ros2_humble/install/rqt_shell:/home/waves/ros2_humble/install/rqt_service_caller:/home/waves/ros2_humble/install/rqt_reconfigure:/home/waves/ros2_humble/install/rqt_py_console:/home/waves/ros2_humble/install/rqt_publisher:/home/waves/ros2_humble/install/rqt_plot:/home/waves/ros2_humble/install/rqt_action:/home/waves/ros2_humble/install/rqt_msg:/home/waves/ros2_humble/install/rqt_console:/home/waves/ros2_humble/install/rqt:/home/waves/ros2_humble/install/rqt_graph:/home/waves/ros2_humble/install/rqt_gui_py:/home/waves/ros2_humble/install/rqt_gui:/home/waves/ros2_humble/install/ros2trace:/home/waves/ros2_humble/install/ros2topic:/home/waves/ros2_humble/install/ros2test:/home/waves/ros2_humble/install/ros2component:/home/waves/ros2_humble/install/ros2param:/home/waves/ros2_humble/install/ros2lifecycle:/home/waves/ros2_humble/install/ros2service:/home/waves/ros2_humble/install/ros2run:/home/waves/ros2_humble/install/ros2launch:/home/waves/ros2_humble/install/ros2pkg:/home/waves/ros2_humble/install/ros2node:/home/waves/ros2_humble/install/ros2multicast:/home/waves/ros2_humble/install/ros2interface:/home/waves/ros2_humble/install/ros2doctor:/home/waves/ros2_humble/install/ros2action:/home/waves/ros2_humble/install/ros2cli:/home/waves/ros2_humble/install/quality_of_service_demo_py:/home/waves/ros2_humble/install/lifecycle_py:/home/waves/ros2_humble/install/launch_testing_ros:/home/waves/ros2_humble/install/launch_ros:/home/waves/ros2_humble/install/examples_rclpy_pointcloud_publisher:/home/waves/ros2_humble/install/examples_rclpy_minimal_subscriber:/home/waves/ros2_humble/install/examples_rclpy_minimal_service:/home/waves/ros2_humble/install/examples_rclpy_minimal_publisher:/home/waves/ros2_humble/install/examples_rclpy_minimal_client:/home/waves/ros2_humble/install/examples_rclpy_minimal_action_server:/home/waves/ros2_humble/install/examples_rclpy_minimal_action_client:/home/waves/ros2_humble/install/examples_rclpy_guard_conditions:/home/waves/ros2_humble/install/examples_rclpy_executors:/home/waves/ros2_humble/install/demo_nodes_py:/home/waves/ros2_humble/install/camera_info_manager_py:/home/waves/ros2_humble/install/action_tutorials_py:/home/waves/ros2_humble/install/ament_uncrustify:/home/waves/ros2_humble/install/tracetools_trace:/home/waves/ros2_humble/install/tracetools_read:/home/waves/ros2_humble/install/test_tracetools_launch:/home/waves/ros2_humble/install/test_launch_ros:/home/waves/ros2_humble/install/sensor_msgs_py:/home/waves/ros2_humble/install/rpyutils:/home/waves/ros2_humble/install/rosidl_runtime_py:/home/waves/ros2_humble/install/rosidl_cli:/home/waves/ros2_humble/install/launch_pytest:/home/waves/ros2_humble/install/launch_testing:/home/waves/ros2_humble/install/launch_yaml:/home/waves/ros2_humble/install/launch_xml:/home/waves/ros2_humble/install/launch:/home/waves/ros2_humble/install/osrf_pycommon:/home/waves/ros2_humble/install/domain_coordinator:/home/waves/ros2_humble/install/ament_xmllint:/home/waves/ros2_humble/install/ament_pyflakes:/home/waves/ros2_humble/install/ament_pycodestyle:/home/waves/ros2_humble/install/ament_pep257:/home/waves/ros2_humble/install/ament_pclint:/home/waves/ros2_humble/install/ament_package:/home/waves/ros2_humble/install/ament_mypy:/home/waves/ros2_humble/install/ament_lint_cmake:/home/waves/ros2_humble/install/ament_flake8:/home/waves/ros2_humble/install/ament_copyright:/home/waves/ros2_humble/install/ament_lint:/home/waves/ros2_humble/install/ament_index_python:/home/waves/ros2_humble/install/ament_cpplint:/home/waves/ros2_humble/install/ament_cppcheck:/home/waves/ros2_humble/install/ament_clang_tidy:/home/waves/ros2_humble/install/ament_clang_format:/home/waves/ros2_sim/install/hexapod_description:/home/waves/ros2_sim/install/hexapod:/home/waves/ros2_sim/install/franka:/home/waves/ros2_humble/install/rosbag2_storage_mcap:/home/waves/ros2_humble/install/rosbag2:/home/waves/ros2_humble/install/rosbag2_compression_zstd:/home/waves/ros2_humble/install/mcap_vendor:/home/waves/ros2_humble/install/zstd_vendor:/home/waves/ros2_humble/install/rviz_visual_testing_framework:/home/waves/ros2_humble/install/rviz2:/home/waves/ros2_humble/install/rviz_default_plugins:/home/waves/ros2_humble/install/rviz_common:/home/waves/ros2_humble/install/rosbag2_py:/home/waves/ros2_humble/install/rosbag2_transport:/home/waves/ros2_humble/install/rosbag2_storage_default_plugins:/home/waves/ros2_humble/install/rosbag2_performance_benchmarking:/home/waves/ros2_humble/install/rosbag2_compression:/home/waves/ros2_humble/install/rosbag2_cpp:/home/waves/ros2_humble/install/rosbag2_storage:/home/waves/ros2_humble/install/image_common:/home/waves/ros2_humble/install/camera_info_manager:/home/waves/ros2_humble/install/camera_calibration_parsers:/home/waves/ros2_humble/install/yaml_cpp_vendor:/home/waves/ros2_humble/install/interactive_markers:/home/waves/ros2_humble/install/common_interfaces:/home/waves/ros2_humble/install/visualization_msgs:/home/waves/ros2_humble/install/dummy_robot_bringup:/home/waves/ros2_humble/install/robot_state_publisher:/home/waves/ros2_humble/install/kdl_parser:/home/waves/ros2_humble/install/urdf:/home/waves/ros2_humble/install/urdfdom:/home/waves/ros2_humble/install/urdf_parser_plugin:/home/waves/ros2_humble/install/urdfdom_headers:/home/waves/ros2_humble/install/turtlesim:/home/waves/ros2_humble/install/geometry2:/home/waves/ros2_humble/install/tf2_sensor_msgs:/home/waves/ros2_humble/install/test_tf2:/home/waves/ros2_humble/install/tf2_kdl:/home/waves/ros2_humble/install/tf2_geometry_msgs:/home/waves/ros2_humble/install/tf2_eigen:/home/waves/ros2_humble/install/tf2_bullet:/home/waves/ros2_humble/install/tf2_ros:/home/waves/ros2_humble/install/tf2_py:/home/waves/ros2_humble/install/tf2_msgs:/home/waves/ros2_humble/install/test_msgs:/home/waves/ros2_humble/install/sros2_cmake:/home/waves/ros2_humble/install/ros2cli_common_extensions:/home/waves/ros2_humble/install/rqt_py_common:/home/waves/ros2_humble/install/rosbag2_storage_mcap_testdata:/home/waves/ros2_humble/install/ros_testing:/home/waves/ros2_humble/install/ros2cli_test_interfaces:/home/waves/ros2_humble/install/quality_of_service_demo_cpp:/home/waves/ros2_humble/install/image_transport:/home/waves/ros2_humble/install/message_filters:/home/waves/ros2_humble/install/demo_nodes_cpp:/home/waves/ros2_humble/install/composition:/home/waves/ros2_humble/install/laser_geometry:/home/waves/ros2_humble/install/rclpy:/home/waves/ros2_humble/install/examples_rclcpp_minimal_action_server:/home/waves/ros2_humble/install/examples_rclcpp_minimal_action_client:/home/waves/ros2_humble/install/action_tutorials_cpp:/home/waves/ros2_humble/install/rclcpp_action:/home/waves/ros2_humble/install/rcl_action:/home/waves/ros2_humble/install/examples_rclcpp_wait_set:/home/waves/ros2_humble/install/examples_rclcpp_minimal_service:/home/waves/ros2_humble/install/examples_rclcpp_minimal_client:/home/waves/ros2_humble/install/examples_rclcpp_async_client:/home/waves/ros2_humble/install/example_interfaces:/home/waves/ros2_humble/install/action_tutorials_interfaces:/home/waves/ros2_humble/install/action_msgs:/home/waves/ros2_humble/install/unique_identifier_msgs:/home/waves/ros2_humble/install/ament_lint_common:/home/waves/ros2_humble/install/ament_cmake_uncrustify:/home/waves/ros2_humble/install/uncrustify_vendor:/home/waves/ros2_humble/install/trajectory_msgs:/home/waves/ros2_humble/install/topic_statistics_demo:/home/waves/ros2_humble/install/pendulum_control:/home/waves/ros2_humble/install/tlsf_cpp:/home/waves/ros2_humble/install/test_tracetools:/home/waves/ros2_humble/install/rqt_gui_cpp:/home/waves/ros2_humble/install/rosbag2_test_common:/home/waves/ros2_humble/install/ros2lifecycle_test_fixtures:/home/waves/ros2_humble/install/lifecycle:/home/waves/ros2_humble/install/rclcpp_lifecycle:/home/waves/ros2_humble/install/logging_demo:/home/waves/ros2_humble/install/image_tools:/home/waves/ros2_humble/install/examples_rclcpp_minimal_subscriber:/home/waves/ros2_humble/install/examples_rclcpp_minimal_composition:/home/waves/ros2_humble/install/demo_nodes_cpp_native:/home/waves/ros2_humble/install/rclcpp_components:/home/waves/ros2_humble/install/intra_process_demo:/home/waves/ros2_humble/install/examples_rclcpp_multithreaded_executor:/home/waves/ros2_humble/install/examples_rclcpp_minimal_timer:/home/waves/ros2_humble/install/examples_rclcpp_minimal_publisher:/home/waves/ros2_humble/install/examples_rclcpp_cbg_executor:/home/waves/ros2_humble/install/dummy_sensors:/home/waves/ros2_humble/install/dummy_map_server:/home/waves/ros2_humble/install/rclcpp:/home/waves/ros2_humble/install/rcl_lifecycle:/home/waves/ros2_humble/install/libstatistics_collector:/home/waves/ros2_humble/install/rcl:/home/waves/ros2_humble/install/rmw_implementation:/home/waves/ros2_humble/install/rmw_fastrtps_dynamic_cpp:/home/waves/ros2_humble/install/rmw_fastrtps_cpp:/home/waves/ros2_humble/install/rmw_fastrtps_shared_cpp:/home/waves/ros2_humble/install/rmw_cyclonedds_cpp:/home/waves/ros2_humble/install/tracetools:/home/waves/ros2_humble/install/tlsf:/home/waves/ros2_humble/install/tinyxml_vendor:/home/waves/ros2_humble/install/qt_gui_core:/home/waves/ros2_humble/install/qt_gui_cpp:/home/waves/ros2_humble/install/pluginlib:/home/waves/ros2_humble/install/tinyxml2_vendor:/home/waves/ros2_humble/install/tf2_eigen_kdl:/home/waves/ros2_humble/install/tf2:/home/waves/ros2_humble/install/test_security:/home/waves/ros2_humble/install/test_rmw_implementation:/home/waves/ros2_humble/install/test_rclcpp:/home/waves/ros2_humble/install/test_quality_of_service:/home/waves/ros2_humble/install/test_launch_testing:/home/waves/ros2_humble/install/test_interface_files:/home/waves/ros2_humble/install/test_communication:/home/waves/ros2_humble/install/test_cli_remapping:/home/waves/ros2_humble/install/test_cli:/home/waves/ros2_humble/install/qt_gui_app:/home/waves/ros2_humble/install/qt_gui:/home/waves/ros2_humble/install/tango_icons_vendor:/home/waves/ros2_humble/install/stereo_msgs:/home/waves/ros2_humble/install/std_srvs:/home/waves/ros2_humble/install/shape_msgs:/home/waves/ros2_humble/install/map_msgs:/home/waves/ros2_humble/install/sensor_msgs:/home/waves/ros2_humble/install/nav_msgs:/home/waves/ros2_humble/install/diagnostic_msgs:/home/waves/ros2_humble/install/geometry_msgs:/home/waves/ros2_humble/install/actionlib_msgs:/home/waves/ros2_humble/install/std_msgs:/home/waves/ros2_humble/install/statistics_msgs:/home/waves/ros2_humble/install/sqlite3_vendor:/home/waves/ros2_humble/install/rcl_logging_spdlog:/home/waves/ros2_humble/install/spdlog_vendor:/home/waves/ros2_humble/install/shared_queues_vendor:/home/waves/ros2_humble/install/rviz_rendering_tests:/home/waves/ros2_humble/install/rviz_rendering:/home/waves/ros2_humble/install/rviz_ogre_vendor:/home/waves/ros2_humble/install/rviz_assimp_vendor:/home/waves/ros2_humble/install/rttest:/home/waves/ros2_humble/install/rmw_connextddsmicro:/home/waves/ros2_humble/install/rmw_connextdds:/home/waves/ros2_humble/install/rmw_connextdds_common:/home/waves/ros2_humble/install/rti_connext_dds_cmake_module:/home/waves/ros2_humble/install/rosgraph_msgs:/home/waves/ros2_humble/install/rosbag2_interfaces:/home/waves/ros2_humble/install/rmw_dds_common:/home/waves/ros2_humble/install/composition_interfaces:/home/waves/ros2_humble/install/rcl_interfaces:/home/waves/ros2_humble/install/pendulum_msgs:/home/waves/ros2_humble/install/lifecycle_msgs:/home/waves/ros2_humble/install/builtin_interfaces:/home/waves/ros2_humble/install/rosidl_default_runtime:/home/waves/ros2_humble/install/rosidl_default_generators:/home/waves/ros2_humble/install/rosidl_generator_py:/home/waves/ros2_humble/install/rosidl_typesupport_introspection_tests:/home/waves/ros2_humble/install/rosidl_typesupport_cpp:/home/waves/ros2_humble/install/rosidl_typesupport_introspection_cpp:/home/waves/ros2_humble/install/rosidl_typesupport_c:/home/waves/ros2_humble/install/rosidl_typesupport_introspection_c:/home/waves/ros2_humble/install/rosidl_typesupport_fastrtps_c:/home/waves/ros2_humble/install/rosidl_typesupport_fastrtps_cpp:/home/waves/ros2_humble/install/rosidl_generator_cpp:/home/waves/ros2_humble/install/rosidl_runtime_cpp:/home/waves/ros2_humble/install/rcl_yaml_param_parser:/home/waves/ros2_humble/install/rmw:/home/waves/ros2_humble/install/rosidl_runtime_c:/home/waves/ros2_humble/install/rosidl_generator_c:/home/waves/ros2_humble/install/rosidl_typesupport_interface:/home/waves/ros2_humble/install/rosidl_generator_dds_idl:/home/waves/ros2_humble/install/rosidl_cmake:/home/waves/ros2_humble/install/rosidl_parser:/home/waves/ros2_humble/install/rosidl_adapter:/home/waves/ros2_humble/install/rosbag2_tests:/home/waves/ros2_humble/install/ros_environment:/home/waves/ros2_humble/install/rmw_implementation_cmake:/home/waves/ros2_humble/install/resource_retriever:/home/waves/ros2_humble/install/class_loader:/home/waves/ros2_humble/install/rcpputils:/home/waves/ros2_humble/install/rcl_logging_noop:/home/waves/ros2_humble/install/rcl_logging_interface:/home/waves/ros2_humble/install/rcutils:/home/waves/ros2_humble/install/qt_gui_py_common:/home/waves/ros2_humble/install/qt_dotgraph:/home/waves/ros2_humble/install/python_qt_binding:/home/waves/ros2_humble/install/python_orocos_kdl_vendor:/home/waves/ros2_humble/install/launch_testing_ament_cmake:/home/waves/ros2_humble/install/python_cmake_module:/home/waves/ros2_humble/install/pybind11_vendor:/home/waves/ros2_humble/install/performance_test_fixture:/home/waves/ros2_humble/install/osrf_testing_tools_cpp:/home/waves/ros2_humble/install/orocos_kdl_vendor:/home/waves/ros2_humble/install/mimick_vendor:/home/waves/ros2_humble/install/libyaml_vendor:/home/waves/ros2_humble/install/libcurl_vendor:/home/waves/ros2_humble/install/keyboard_handler:/home/waves/ros2_humble/install/iceoryx_introspection:/home/waves/ros2_humble/install/cyclonedds:/home/waves/ros2_humble/install/iceoryx_posh:/home/waves/ros2_humble/install/iceoryx_hoofs:/home/waves/ros2_humble/install/iceoryx_binding_c:/home/waves/ros2_humble/install/ament_cmake_ros:/home/waves/ros2_humble/install/ament_cmake_auto:/home/waves/ros2_humble/install/ament_cmake_gmock:/home/waves/ros2_humble/install/gmock_vendor:/home/waves/ros2_humble/install/ament_cmake_gtest:/home/waves/ros2_humble/install/gtest_vendor:/home/waves/ros2_humble/install/ament_cmake_google_benchmark:/home/waves/ros2_humble/install/google_benchmark_vendor:/home/waves/ros2_humble/install/fastrtps:/home/waves/ros2_humble/install/foonathan_memory_vendor:/home/waves/ros2_humble/install/fastrtps_cmake_module:/home/waves/ros2_humble/install/fastcdr:/home/waves/ros2_humble/install/eigen3_cmake_module:/home/waves/ros2_humble/install/console_bridge_vendor:/home/waves/ros2_humble/install/ament_cmake_xmllint:/home/waves/ros2_humble/install/ament_cmake_pyflakes:/home/waves/ros2_humble/install/ament_cmake_pycodestyle:/home/waves/ros2_humble/install/ament_cmake_pep257:/home/waves/ros2_humble/install/ament_cmake_pclint:/home/waves/ros2_humble/install/ament_lint_auto:/home/waves/ros2_humble/install/ament_cmake:/home/waves/ros2_humble/install/ament_cmake_version:/home/waves/ros2_humble/install/ament_cmake_vendor_package:/home/waves/ros2_humble/install/ament_cmake_pytest:/home/waves/ros2_humble/install/ament_cmake_nose:/home/waves/ros2_humble/install/ament_cmake_mypy:/home/waves/ros2_humble/install/ament_cmake_lint_cmake:/home/waves/ros2_humble/install/ament_cmake_flake8:/home/waves/ros2_humble/install/ament_cmake_cpplint:/home/waves/ros2_humble/install/ament_cmake_cppcheck:/home/waves/ros2_humble/install/ament_cmake_copyright:/home/waves/ros2_humble/install/ament_cmake_clang_tidy:/home/waves/ros2_humble/install/ament_cmake_clang_format:/home/waves/ros2_humble/install/ament_cmake_test:/home/waves/ros2_humble/install/ament_cmake_target_dependencies:/home/waves/ros2_humble/install/ament_cmake_python:/home/waves/ros2_humble/install/ament_cmake_export_dependencies:/home/waves/ros2_humble/install/ament_cmake_libraries:/home/waves/ros2_humble/install/ament_cmake_include_directories:/home/waves/ros2_humble/install/ament_cmake_gen_version_h:/home/waves/ros2_humble/install/ament_cmake_export_targets:/home/waves/ros2_humble/install/ament_cmake_export_link_flags:/home/waves/ros2_humble/install/ament_cmake_export_interfaces:/home/waves/ros2_humble/install/ament_cmake_export_libraries:/home/waves/ros2_humble/install/ament_cmake_export_include_directories:/home/waves/ros2_humble/install/ament_cmake_export_definitions:/home/waves/ros2_humble/install/ament_cmake_core:/home/waves/ros2_humble/install/ament_index_cpp /usr/bin/cmake --build /home/waves/hexapod/build/hexapod_interfaces -- -j4 -l4
[29.450s] DEBUG:colcon.colcon_core.event_handler.log_command:Invoking command in '/home/waves/hexapod/build/hexapod_interfaces': CMAKE_PREFIX_PATH=/home/waves/hexapod/install/hexapod_services:/home/waves/hexapod/install/hexapod_control:/home/waves/hexapod/install/hexapod_interfaces:/home/waves/ros2_ws/install/video_runner:/home/waves/ros2_ws/install/robotics_class:/home/waves/ros2_ws/install/my_robot_bringup:/home/waves/ros2_ws/install/my_cpp_prac:/home/waves/ros2_ws/install/my_cpp_pkg:/home/waves/ros2_ws/install/act_5:/home/waves/ros2_ws/install/my_interface:/home/waves/ros2_ws/install/buffer:/home/waves/research/install/cobots:/home/waves/ros2_sim/install/ros2_control_demos:/home/waves/ros2_sim/install/ros2_control_demo_description:/home/waves/ros2_sim/install/my_robot_sim:/home/waves/ros2_sim/install/humanoid:/home/waves/ros2_sim/install/hopper_sim:/home/waves/ros2_sim/install/hopper_description:/home/waves/hexapod/install/hexapod_communication:/home/waves/ros2_ws/install/my_py_pkg:/opt/ros/humble:/home/waves/ros2_humble/install/rqt_bag_plugins:/home/waves/ros2_humble/install/rqt_bag:/home/waves/ros2_humble/install/launch_testing_examples:/home/waves/ros2_humble/install/ros2bag:/home/waves/ros2_humble/install/tracetools_test:/home/waves/ros2_humble/install/tracetools_launch:/home/waves/ros2_humble/install/topic_monitor:/home/waves/ros2_humble/install/tf2_tools:/home/waves/ros2_humble/install/examples_tf2_py:/home/waves/ros2_humble/install/tf2_ros_py:/home/waves/ros2_humble/install/sros2:/home/waves/ros2_humble/install/rqt_topic:/home/waves/ros2_humble/install/rqt_srv:/home/waves/ros2_humble/install/rqt_shell:/home/waves/ros2_humble/install/rqt_service_caller:/home/waves/ros2_humble/install/rqt_reconfigure:/home/waves/ros2_humble/install/rqt_py_console:/home/waves/ros2_humble/install/rqt_publisher:/home/waves/ros2_humble/install/rqt_plot:/home/waves/ros2_humble/install/rqt_action:/home/waves/ros2_humble/install/rqt_msg:/home/waves/ros2_humble/install/rqt_console:/home/waves/ros2_humble/install/rqt:/home/waves/ros2_humble/install/rqt_graph:/home/waves/ros2_humble/install/rqt_gui_py:/home/waves/ros2_humble/install/rqt_gui:/home/waves/ros2_humble/install/ros2trace:/home/waves/ros2_humble/install/ros2topic:/home/waves/ros2_humble/install/ros2test:/home/waves/ros2_humble/install/ros2component:/home/waves/ros2_humble/install/ros2param:/home/waves/ros2_humble/install/ros2lifecycle:/home/waves/ros2_humble/install/ros2service:/home/waves/ros2_humble/install/ros2run:/home/waves/ros2_humble/install/ros2launch:/home/waves/ros2_humble/install/ros2pkg:/home/waves/ros2_humble/install/ros2node:/home/waves/ros2_humble/install/ros2multicast:/home/waves/ros2_humble/install/ros2interface:/home/waves/ros2_humble/install/ros2doctor:/home/waves/ros2_humble/install/ros2action:/home/waves/ros2_humble/install/ros2cli:/home/waves/ros2_humble/install/quality_of_service_demo_py:/home/waves/ros2_humble/install/lifecycle_py:/home/waves/ros2_humble/install/launch_testing_ros:/home/waves/ros2_humble/install/launch_ros:/home/waves/ros2_humble/install/examples_rclpy_pointcloud_publisher:/home/waves/ros2_humble/install/examples_rclpy_minimal_subscriber:/home/waves/ros2_humble/install/examples_rclpy_minimal_service:/home/waves/ros2_humble/install/examples_rclpy_minimal_publisher:/home/waves/ros2_humble/install/examples_rclpy_minimal_client:/home/waves/ros2_humble/install/examples_rclpy_minimal_action_server:/home/waves/ros2_humble/install/examples_rclpy_minimal_action_client:/home/waves/ros2_humble/install/examples_rclpy_guard_conditions:/home/waves/ros2_humble/install/examples_rclpy_executors:/home/waves/ros2_humble/install/demo_nodes_py:/home/waves/ros2_humble/install/camera_info_manager_py:/home/waves/ros2_humble/install/action_tutorials_py:/home/waves/ros2_humble/install/ament_uncrustify:/home/waves/ros2_humble/install/tracetools_trace:/home/waves/ros2_humble/install/tracetools_read:/home/waves/ros2_humble/install/test_tracetools_launch:/home/waves/ros2_humble/install/test_launch_ros:/home/waves/ros2_humble/install/sensor_msgs_py:/home/waves/ros2_humble/install/rpyutils:/home/waves/ros2_humble/install/rosidl_runtime_py:/home/waves/ros2_humble/install/rosidl_cli:/home/waves/ros2_humble/install/launch_pytest:/home/waves/ros2_humble/install/launch_testing:/home/waves/ros2_humble/install/launch_yaml:/home/waves/ros2_humble/install/launch_xml:/home/waves/ros2_humble/install/launch:/home/waves/ros2_humble/install/osrf_pycommon:/home/waves/ros2_humble/install/domain_coordinator:/home/waves/ros2_humble/install/ament_xmllint:/home/waves/ros2_humble/install/ament_pyflakes:/home/waves/ros2_humble/install/ament_pycodestyle:/home/waves/ros2_humble/install/ament_pep257:/home/waves/ros2_humble/install/ament_pclint:/home/waves/ros2_humble/install/ament_package:/home/waves/ros2_humble/install/ament_mypy:/home/waves/ros2_humble/install/ament_lint_cmake:/home/waves/ros2_humble/install/ament_flake8:/home/waves/ros2_humble/install/ament_copyright:/home/waves/ros2_humble/install/ament_lint:/home/waves/ros2_humble/install/ament_index_python:/home/waves/ros2_humble/install/ament_cpplint:/home/waves/ros2_humble/install/ament_cppcheck:/home/waves/ros2_humble/install/ament_clang_tidy:/home/waves/ros2_humble/install/ament_clang_format:/home/waves/ros2_sim/install/hexapod_description:/home/waves/ros2_sim/install/hexapod:/home/waves/ros2_sim/install/franka:/home/waves/ros2_humble/install/rosbag2_storage_mcap:/home/waves/ros2_humble/install/rosbag2:/home/waves/ros2_humble/install/rosbag2_compression_zstd:/home/waves/ros2_humble/install/mcap_vendor:/home/waves/ros2_humble/install/zstd_vendor:/home/waves/ros2_humble/install/rviz_visual_testing_framework:/home/waves/ros2_humble/install/rviz2:/home/waves/ros2_humble/install/rviz_default_plugins:/home/waves/ros2_humble/install/rviz_common:/home/waves/ros2_humble/install/rosbag2_py:/home/waves/ros2_humble/install/rosbag2_transport:/home/waves/ros2_humble/install/rosbag2_storage_default_plugins:/home/waves/ros2_humble/install/rosbag2_performance_benchmarking:/home/waves/ros2_humble/install/rosbag2_compression:/home/waves/ros2_humble/install/rosbag2_cpp:/home/waves/ros2_humble/install/rosbag2_storage:/home/waves/ros2_humble/install/image_common:/home/waves/ros2_humble/install/camera_info_manager:/home/waves/ros2_humble/install/camera_calibration_parsers:/home/waves/ros2_humble/install/yaml_cpp_vendor:/home/waves/ros2_humble/install/interactive_markers:/home/waves/ros2_humble/install/common_interfaces:/home/waves/ros2_humble/install/visualization_msgs:/home/waves/ros2_humble/install/dummy_robot_bringup:/home/waves/ros2_humble/install/robot_state_publisher:/home/waves/ros2_humble/install/kdl_parser:/home/waves/ros2_humble/install/urdf:/home/waves/ros2_humble/install/urdfdom:/home/waves/ros2_humble/install/urdf_parser_plugin:/home/waves/ros2_humble/install/urdfdom_headers:/home/waves/ros2_humble/install/turtlesim:/home/waves/ros2_humble/install/geometry2:/home/waves/ros2_humble/install/tf2_sensor_msgs:/home/waves/ros2_humble/install/test_tf2:/home/waves/ros2_humble/install/tf2_kdl:/home/waves/ros2_humble/install/tf2_geometry_msgs:/home/waves/ros2_humble/install/tf2_eigen:/home/waves/ros2_humble/install/tf2_bullet:/home/waves/ros2_humble/install/tf2_ros:/home/waves/ros2_humble/install/tf2_py:/home/waves/ros2_humble/install/tf2_msgs:/home/waves/ros2_humble/install/test_msgs:/home/waves/ros2_humble/install/sros2_cmake:/home/waves/ros2_humble/install/ros2cli_common_extensions:/home/waves/ros2_humble/install/rqt_py_common:/home/waves/ros2_humble/install/rosbag2_storage_mcap_testdata:/home/waves/ros2_humble/install/ros_testing:/home/waves/ros2_humble/install/ros2cli_test_interfaces:/home/waves/ros2_humble/install/quality_of_service_demo_cpp:/home/waves/ros2_humble/install/image_transport:/home/waves/ros2_humble/install/message_filters:/home/waves/ros2_humble/install/demo_nodes_cpp:/home/waves/ros2_humble/install/composition:/home/waves/ros2_humble/install/laser_geometry:/home/waves/ros2_humble/install/rclpy:/home/waves/ros2_humble/install/examples_rclcpp_minimal_action_server:/home/waves/ros2_humble/install/examples_rclcpp_minimal_action_client:/home/waves/ros2_humble/install/action_tutorials_cpp:/home/waves/ros2_humble/install/rclcpp_action:/home/waves/ros2_humble/install/rcl_action:/home/waves/ros2_humble/install/examples_rclcpp_wait_set:/home/waves/ros2_humble/install/examples_rclcpp_minimal_service:/home/waves/ros2_humble/install/examples_rclcpp_minimal_client:/home/waves/ros2_humble/install/examples_rclcpp_async_client:/home/waves/ros2_humble/install/example_interfaces:/home/waves/ros2_humble/install/action_tutorials_interfaces:/home/waves/ros2_humble/install/action_msgs:/home/waves/ros2_humble/install/unique_identifier_msgs:/home/waves/ros2_humble/install/ament_lint_common:/home/waves/ros2_humble/install/ament_cmake_uncrustify:/home/waves/ros2_humble/install/uncrustify_vendor:/home/waves/ros2_humble/install/trajectory_msgs:/home/waves/ros2_humble/install/topic_statistics_demo:/home/waves/ros2_humble/install/pendulum_control:/home/waves/ros2_humble/install/tlsf_cpp:/home/waves/ros2_humble/install/test_tracetools:/home/waves/ros2_humble/install/rqt_gui_cpp:/home/waves/ros2_humble/install/rosbag2_test_common:/home/waves/ros2_humble/install/ros2lifecycle_test_fixtures:/home/waves/ros2_humble/install/lifecycle:/home/waves/ros2_humble/install/rclcpp_lifecycle:/home/waves/ros2_humble/install/logging_demo:/home/waves/ros2_humble/install/image_tools:/home/waves/ros2_humble/install/examples_rclcpp_minimal_subscriber:/home/waves/ros2_humble/install/examples_rclcpp_minimal_composition:/home/waves/ros2_humble/install/demo_nodes_cpp_native:/home/waves/ros2_humble/install/rclcpp_components:/home/waves/ros2_humble/install/intra_process_demo:/home/waves/ros2_humble/install/examples_rclcpp_multithreaded_executor:/home/waves/ros2_humble/install/examples_rclcpp_minimal_timer:/home/waves/ros2_humble/install/examples_rclcpp_minimal_publisher:/home/waves/ros2_humble/install/examples_rclcpp_cbg_executor:/home/waves/ros2_humble/install/dummy_sensors:/home/waves/ros2_humble/install/dummy_map_server:/home/waves/ros2_humble/install/rclcpp:/home/waves/ros2_humble/install/rcl_lifecycle:/home/waves/ros2_humble/install/libstatistics_collector:/home/waves/ros2_humble/install/rcl:/home/waves/ros2_humble/install/rmw_implementation:/home/waves/ros2_humble/install/rmw_fastrtps_dynamic_cpp:/home/waves/ros2_humble/install/rmw_fastrtps_cpp:/home/waves/ros2_humble/install/rmw_fastrtps_shared_cpp:/home/waves/ros2_humble/install/rmw_cyclonedds_cpp:/home/waves/ros2_humble/install/tracetools:/home/waves/ros2_humble/install/tlsf:/home/waves/ros2_humble/install/tinyxml_vendor:/home/waves/ros2_humble/install/qt_gui_core:/home/waves/ros2_humble/install/qt_gui_cpp:/home/waves/ros2_humble/install/pluginlib:/home/waves/ros2_humble/install/tinyxml2_vendor:/home/waves/ros2_humble/install/tf2_eigen_kdl:/home/waves/ros2_humble/install/tf2:/home/waves/ros2_humble/install/test_security:/home/waves/ros2_humble/install/test_rmw_implementation:/home/waves/ros2_humble/install/test_rclcpp:/home/waves/ros2_humble/install/test_quality_of_service:/home/waves/ros2_humble/install/test_launch_testing:/home/waves/ros2_humble/install/test_interface_files:/home/waves/ros2_humble/install/test_communication:/home/waves/ros2_humble/install/test_cli_remapping:/home/waves/ros2_humble/install/test_cli:/home/waves/ros2_humble/install/qt_gui_app:/home/waves/ros2_humble/install/qt_gui:/home/waves/ros2_humble/install/tango_icons_vendor:/home/waves/ros2_humble/install/stereo_msgs:/home/waves/ros2_humble/install/std_srvs:/home/waves/ros2_humble/install/shape_msgs:/home/waves/ros2_humble/install/map_msgs:/home/waves/ros2_humble/install/sensor_msgs:/home/waves/ros2_humble/install/nav_msgs:/home/waves/ros2_humble/install/diagnostic_msgs:/home/waves/ros2_humble/install/geometry_msgs:/home/waves/ros2_humble/install/actionlib_msgs:/home/waves/ros2_humble/install/std_msgs:/home/waves/ros2_humble/install/statistics_msgs:/home/waves/ros2_humble/install/sqlite3_vendor:/home/waves/ros2_humble/install/rcl_logging_spdlog:/home/waves/ros2_humble/install/spdlog_vendor:/home/waves/ros2_humble/install/shared_queues_vendor:/home/waves/ros2_humble/install/rviz_rendering_tests:/home/waves/ros2_humble/install/rviz_rendering:/home/waves/ros2_humble/install/rviz_ogre_vendor:/home/waves/ros2_humble/install/rviz_assimp_vendor:/home/waves/ros2_humble/install/rttest:/home/waves/ros2_humble/install/rmw_connextddsmicro:/home/waves/ros2_humble/install/rmw_connextdds:/home/waves/ros2_humble/install/rmw_connextdds_common:/home/waves/ros2_humble/install/rti_connext_dds_cmake_module:/home/waves/ros2_humble/install/rosgraph_msgs:/home/waves/ros2_humble/install/rosbag2_interfaces:/home/waves/ros2_humble/install/rmw_dds_common:/home/waves/ros2_humble/install/composition_interfaces:/home/waves/ros2_humble/install/rcl_interfaces:/home/waves/ros2_humble/install/pendulum_msgs:/home/waves/ros2_humble/install/lifecycle_msgs:/home/waves/ros2_humble/install/builtin_interfaces:/home/waves/ros2_humble/install/rosidl_default_runtime:/home/waves/ros2_humble/install/rosidl_default_generators:/home/waves/ros2_humble/install/rosidl_generator_py:/home/waves/ros2_humble/install/rosidl_typesupport_introspection_tests:/home/waves/ros2_humble/install/rosidl_typesupport_cpp:/home/waves/ros2_humble/install/rosidl_typesupport_introspection_cpp:/home/waves/ros2_humble/install/rosidl_typesupport_c:/home/waves/ros2_humble/install/rosidl_typesupport_introspection_c:/home/waves/ros2_humble/install/rosidl_typesupport_fastrtps_c:/home/waves/ros2_humble/install/rosidl_typesupport_fastrtps_cpp:/home/waves/ros2_humble/install/rosidl_generator_cpp:/home/waves/ros2_humble/install/rosidl_runtime_cpp:/home/waves/ros2_humble/install/rcl_yaml_param_parser:/home/waves/ros2_humble/install/rmw:/home/waves/ros2_humble/install/rosidl_runtime_c:/home/waves/ros2_humble/install/rosidl_generator_c:/home/waves/ros2_humble/install/rosidl_typesupport_interface:/home/waves/ros2_humble/install/rosidl_generator_dds_idl:/home/waves/ros2_humble/install/rosidl_cmake:/home/waves/ros2_humble/install/rosidl_parser:/home/waves/ros2_humble/install/rosidl_adapter:/home/waves/ros2_humble/install/rosbag2_tests:/home/waves/ros2_humble/install/ros_environment:/home/waves/ros2_humble/install/rmw_implementation_cmake:/home/waves/ros2_humble/install/resource_retriever:/home/waves/ros2_humble/install/class_loader:/home/waves/ros2_humble/install/rcpputils:/home/waves/ros2_humble/install/rcl_logging_noop:/home/waves/ros2_humble/install/rcl_logging_interface:/home/waves/ros2_humble/install/rcutils:/home/waves/ros2_humble/install/qt_gui_py_common:/home/waves/ros2_humble/install/qt_dotgraph:/home/waves/ros2_humble/install/python_qt_binding:/home/waves/ros2_humble/install/python_orocos_kdl_vendor:/home/waves/ros2_humble/install/launch_testing_ament_cmake:/home/waves/ros2_humble/install/python_cmake_module:/home/waves/ros2_humble/install/pybind11_vendor:/home/waves/ros2_humble/install/performance_test_fixture:/home/waves/ros2_humble/install/osrf_testing_tools_cpp:/home/waves/ros2_humble/install/orocos_kdl_vendor:/home/waves/ros2_humble/install/mimick_vendor:/home/waves/ros2_humble/install/libyaml_vendor:/home/waves/ros2_humble/install/libcurl_vendor:/home/waves/ros2_humble/install/keyboard_handler:/home/waves/ros2_humble/install/iceoryx_introspection:/home/waves/ros2_humble/install/cyclonedds:/home/waves/ros2_humble/install/iceoryx_posh:/home/waves/ros2_humble/install/iceoryx_hoofs:/home/waves/ros2_humble/install/iceoryx_binding_c:/home/waves/ros2_humble/install/ament_cmake_ros:/home/waves/ros2_humble/install/ament_cmake_auto:/home/waves/ros2_humble/install/ament_cmake_gmock:/home/waves/ros2_humble/install/gmock_vendor:/home/waves/ros2_humble/install/ament_cmake_gtest:/home/waves/ros2_humble/install/gtest_vendor:/home/waves/ros2_humble/install/ament_cmake_google_benchmark:/home/waves/ros2_humble/install/google_benchmark_vendor:/home/waves/ros2_humble/install/fastrtps:/home/waves/ros2_humble/install/foonathan_memory_vendor:/home/waves/ros2_humble/install/fastrtps_cmake_module:/home/waves/ros2_humble/install/fastcdr:/home/waves/ros2_humble/install/eigen3_cmake_module:/home/waves/ros2_humble/install/console_bridge_vendor:/home/waves/ros2_humble/install/ament_cmake_xmllint:/home/waves/ros2_humble/install/ament_cmake_pyflakes:/home/waves/ros2_humble/install/ament_cmake_pycodestyle:/home/waves/ros2_humble/install/ament_cmake_pep257:/home/waves/ros2_humble/install/ament_cmake_pclint:/home/waves/ros2_humble/install/ament_lint_auto:/home/waves/ros2_humble/install/ament_cmake:/home/waves/ros2_humble/install/ament_cmake_version:/home/waves/ros2_humble/install/ament_cmake_vendor_package:/home/waves/ros2_humble/install/ament_cmake_pytest:/home/waves/ros2_humble/install/ament_cmake_nose:/home/waves/ros2_humble/install/ament_cmake_mypy:/home/waves/ros2_humble/install/ament_cmake_lint_cmake:/home/waves/ros2_humble/install/ament_cmake_flake8:/home/waves/ros2_humble/install/ament_cmake_cpplint:/home/waves/ros2_humble/install/ament_cmake_cppcheck:/home/waves/ros2_humble/install/ament_cmake_copyright:/home/waves/ros2_humble/install/ament_cmake_clang_tidy:/home/waves/ros2_humble/install/ament_cmake_clang_format:/home/waves/ros2_humble/install/ament_cmake_test:/home/waves/ros2_humble/install/ament_cmake_target_dependencies:/home/waves/ros2_humble/install/ament_cmake_python:/home/waves/ros2_humble/install/ament_cmake_export_dependencies:/home/waves/ros2_humble/install/ament_cmake_libraries:/home/waves/ros2_humble/install/ament_cmake_include_directories:/home/waves/ros2_humble/install/ament_cmake_gen_version_h:/home/waves/ros2_humble/install/ament_cmake_export_targets:/home/waves/ros2_humble/install/ament_cmake_export_link_flags:/home/waves/ros2_humble/install/ament_cmake_export_interfaces:/home/waves/ros2_humble/install/ament_cmake_export_libraries:/home/waves/ros2_humble/install/ament_cmake_export_include_directories:/home/waves/ros2_humble/install/ament_cmake_export_definitions:/home/waves/ros2_humble/install/ament_cmake_core:/home/waves/ros2_humble/install/ament_index_cpp /usr/bin/cmake --install /home/waves/hexapod/build/hexapod_interfaces
[30.103s] Level 1:colcon.colcon_core.environment:create_environment_scripts_only(hexapod_interfaces)
[30.104s] Level 1:colcon.colcon_core.environment:checking '/home/waves/hexapod/install/hexapod_interfaces' for CMake module files
[30.106s] DEBUG:colcon.colcon_core.event_handler.log_command:Invoked command in '/home/waves/hexapod/build/hexapod_interfaces' returned '0': CMAKE_PREFIX_PATH=/home/waves/hexapod/install/hexapod_services:/home/waves/hexapod/install/hexapod_control:/home/waves/hexapod/install/hexapod_interfaces:/home/waves/ros2_ws/install/video_runner:/home/waves/ros2_ws/install/robotics_class:/home/waves/ros2_ws/install/my_robot_bringup:/home/waves/ros2_ws/install/my_cpp_prac:/home/waves/ros2_ws/install/my_cpp_pkg:/home/waves/ros2_ws/install/act_5:/home/waves/ros2_ws/install/my_interface:/home/waves/ros2_ws/install/buffer:/home/waves/research/install/cobots:/home/waves/ros2_sim/install/ros2_control_demos:/home/waves/ros2_sim/install/ros2_control_demo_description:/home/waves/ros2_sim/install/my_robot_sim:/home/waves/ros2_sim/install/humanoid:/home/waves/ros2_sim/install/hopper_sim:/home/waves/ros2_sim/install/hopper_description:/home/waves/hexapod/install/hexapod_communication:/home/waves/ros2_ws/install/my_py_pkg:/opt/ros/humble:/home/waves/ros2_humble/install/rqt_bag_plugins:/home/waves/ros2_humble/install/rqt_bag:/home/waves/ros2_humble/install/launch_testing_examples:/home/waves/ros2_humble/install/ros2bag:/home/waves/ros2_humble/install/tracetools_test:/home/waves/ros2_humble/install/tracetools_launch:/home/waves/ros2_humble/install/topic_monitor:/home/waves/ros2_humble/install/tf2_tools:/home/waves/ros2_humble/install/examples_tf2_py:/home/waves/ros2_humble/install/tf2_ros_py:/home/waves/ros2_humble/install/sros2:/home/waves/ros2_humble/install/rqt_topic:/home/waves/ros2_humble/install/rqt_srv:/home/waves/ros2_humble/install/rqt_shell:/home/waves/ros2_humble/install/rqt_service_caller:/home/waves/ros2_humble/install/rqt_reconfigure:/home/waves/ros2_humble/install/rqt_py_console:/home/waves/ros2_humble/install/rqt_publisher:/home/waves/ros2_humble/install/rqt_plot:/home/waves/ros2_humble/install/rqt_action:/home/waves/ros2_humble/install/rqt_msg:/home/waves/ros2_humble/install/rqt_console:/home/waves/ros2_humble/install/rqt:/home/waves/ros2_humble/install/rqt_graph:/home/waves/ros2_humble/install/rqt_gui_py:/home/waves/ros2_humble/install/rqt_gui:/home/waves/ros2_humble/install/ros2trace:/home/waves/ros2_humble/install/ros2topic:/home/waves/ros2_humble/install/ros2test:/home/waves/ros2_humble/install/ros2component:/home/waves/ros2_humble/install/ros2param:/home/waves/ros2_humble/install/ros2lifecycle:/home/waves/ros2_humble/install/ros2service:/home/waves/ros2_humble/install/ros2run:/home/waves/ros2_humble/install/ros2launch:/home/waves/ros2_humble/install/ros2pkg:/home/waves/ros2_humble/install/ros2node:/home/waves/ros2_humble/install/ros2multicast:/home/waves/ros2_humble/install/ros2interface:/home/waves/ros2_humble/install/ros2doctor:/home/waves/ros2_humble/install/ros2action:/home/waves/ros2_humble/install/ros2cli:/home/waves/ros2_humble/install/quality_of_service_demo_py:/home/waves/ros2_humble/install/lifecycle_py:/home/waves/ros2_humble/install/launch_testing_ros:/home/waves/ros2_humble/install/launch_ros:/home/waves/ros2_humble/install/examples_rclpy_pointcloud_publisher:/home/waves/ros2_humble/install/examples_rclpy_minimal_subscriber:/home/waves/ros2_humble/install/examples_rclpy_minimal_service:/home/waves/ros2_humble/install/examples_rclpy_minimal_publisher:/home/waves/ros2_humble/install/examples_rclpy_minimal_client:/home/waves/ros2_humble/install/examples_rclpy_minimal_action_server:/home/waves/ros2_humble/install/examples_rclpy_minimal_action_client:/home/waves/ros2_humble/install/examples_rclpy_guard_conditions:/home/waves/ros2_humble/install/examples_rclpy_executors:/home/waves/ros2_humble/install/demo_nodes_py:/home/waves/ros2_humble/install/camera_info_manager_py:/home/waves/ros2_humble/install/action_tutorials_py:/home/waves/ros2_humble/install/ament_uncrustify:/home/waves/ros2_humble/install/tracetools_trace:/home/waves/ros2_humble/install/tracetools_read:/home/waves/ros2_humble/install/test_tracetools_launch:/home/waves/ros2_humble/install/test_launch_ros:/home/waves/ros2_humble/install/sensor_msgs_py:/home/waves/ros2_humble/install/rpyutils:/home/waves/ros2_humble/install/rosidl_runtime_py:/home/waves/ros2_humble/install/rosidl_cli:/home/waves/ros2_humble/install/launch_pytest:/home/waves/ros2_humble/install/launch_testing:/home/waves/ros2_humble/install/launch_yaml:/home/waves/ros2_humble/install/launch_xml:/home/waves/ros2_humble/install/launch:/home/waves/ros2_humble/install/osrf_pycommon:/home/waves/ros2_humble/install/domain_coordinator:/home/waves/ros2_humble/install/ament_xmllint:/home/waves/ros2_humble/install/ament_pyflakes:/home/waves/ros2_humble/install/ament_pycodestyle:/home/waves/ros2_humble/install/ament_pep257:/home/waves/ros2_humble/install/ament_pclint:/home/waves/ros2_humble/install/ament_package:/home/waves/ros2_humble/install/ament_mypy:/home/waves/ros2_humble/install/ament_lint_cmake:/home/waves/ros2_humble/install/ament_flake8:/home/waves/ros2_humble/install/ament_copyright:/home/waves/ros2_humble/install/ament_lint:/home/waves/ros2_humble/install/ament_index_python:/home/waves/ros2_humble/install/ament_cpplint:/home/waves/ros2_humble/install/ament_cppcheck:/home/waves/ros2_humble/install/ament_clang_tidy:/home/waves/ros2_humble/install/ament_clang_format:/home/waves/ros2_sim/install/hexapod_description:/home/waves/ros2_sim/install/hexapod:/home/waves/ros2_sim/install/franka:/home/waves/ros2_humble/install/rosbag2_storage_mcap:/home/waves/ros2_humble/install/rosbag2:/home/waves/ros2_humble/install/rosbag2_compression_zstd:/home/waves/ros2_humble/install/mcap_vendor:/home/waves/ros2_humble/install/zstd_vendor:/home/waves/ros2_humble/install/rviz_visual_testing_framework:/home/waves/ros2_humble/install/rviz2:/home/waves/ros2_humble/install/rviz_default_plugins:/home/waves/ros2_humble/install/rviz_common:/home/waves/ros2_humble/install/rosbag2_py:/home/waves/ros2_humble/install/rosbag2_transport:/home/waves/ros2_humble/install/rosbag2_storage_default_plugins:/home/waves/ros2_humble/install/rosbag2_performance_benchmarking:/home/waves/ros2_humble/install/rosbag2_compression:/home/waves/ros2_humble/install/rosbag2_cpp:/home/waves/ros2_humble/install/rosbag2_storage:/home/waves/ros2_humble/install/image_common:/home/waves/ros2_humble/install/camera_info_manager:/home/waves/ros2_humble/install/camera_calibration_parsers:/home/waves/ros2_humble/install/yaml_cpp_vendor:/home/waves/ros2_humble/install/interactive_markers:/home/waves/ros2_humble/install/common_interfaces:/home/waves/ros2_humble/install/visualization_msgs:/home/waves/ros2_humble/install/dummy_robot_bringup:/home/waves/ros2_humble/install/robot_state_publisher:/home/waves/ros2_humble/install/kdl_parser:/home/waves/ros2_humble/install/urdf:/home/waves/ros2_humble/install/urdfdom:/home/waves/ros2_humble/install/urdf_parser_plugin:/home/waves/ros2_humble/install/urdfdom_headers:/home/waves/ros2_humble/install/turtlesim:/home/waves/ros2_humble/install/geometry2:/home/waves/ros2_humble/install/tf2_sensor_msgs:/home/waves/ros2_humble/install/test_tf2:/home/waves/ros2_humble/install/tf2_kdl:/home/waves/ros2_humble/install/tf2_geometry_msgs:/home/waves/ros2_humble/install/tf2_eigen:/home/waves/ros2_humble/install/tf2_bullet:/home/waves/ros2_humble/install/tf2_ros:/home/waves/ros2_humble/install/tf2_py:/home/waves/ros2_humble/install/tf2_msgs:/home/waves/ros2_humble/install/test_msgs:/home/waves/ros2_humble/install/sros2_cmake:/home/waves/ros2_humble/install/ros2cli_common_extensions:/home/waves/ros2_humble/install/rqt_py_common:/home/waves/ros2_humble/install/rosbag2_storage_mcap_testdata:/home/waves/ros2_humble/install/ros_testing:/home/waves/ros2_humble/install/ros2cli_test_interfaces:/home/waves/ros2_humble/install/quality_of_service_demo_cpp:/home/waves/ros2_humble/install/image_transport:/home/waves/ros2_humble/install/message_filters:/home/waves/ros2_humble/install/demo_nodes_cpp:/home/waves/ros2_humble/install/composition:/home/waves/ros2_humble/install/laser_geometry:/home/waves/ros2_humble/install/rclpy:/home/waves/ros2_humble/install/examples_rclcpp_minimal_action_server:/home/waves/ros2_humble/install/examples_rclcpp_minimal_action_client:/home/waves/ros2_humble/install/action_tutorials_cpp:/home/waves/ros2_humble/install/rclcpp_action:/home/waves/ros2_humble/install/rcl_action:/home/waves/ros2_humble/install/examples_rclcpp_wait_set:/home/waves/ros2_humble/install/examples_rclcpp_minimal_service:/home/waves/ros2_humble/install/examples_rclcpp_minimal_client:/home/waves/ros2_humble/install/examples_rclcpp_async_client:/home/waves/ros2_humble/install/example_interfaces:/home/waves/ros2_humble/install/action_tutorials_interfaces:/home/waves/ros2_humble/install/action_msgs:/home/waves/ros2_humble/install/unique_identifier_msgs:/home/waves/ros2_humble/install/ament_lint_common:/home/waves/ros2_humble/install/ament_cmake_uncrustify:/home/waves/ros2_humble/install/uncrustify_vendor:/home/waves/ros2_humble/install/trajectory_msgs:/home/waves/ros2_humble/install/topic_statistics_demo:/home/waves/ros2_humble/install/pendulum_control:/home/waves/ros2_humble/install/tlsf_cpp:/home/waves/ros2_humble/install/test_tracetools:/home/waves/ros2_humble/install/rqt_gui_cpp:/home/waves/ros2_humble/install/rosbag2_test_common:/home/waves/ros2_humble/install/ros2lifecycle_test_fixtures:/home/waves/ros2_humble/install/lifecycle:/home/waves/ros2_humble/install/rclcpp_lifecycle:/home/waves/ros2_humble/install/logging_demo:/home/waves/ros2_humble/install/image_tools:/home/waves/ros2_humble/install/examples_rclcpp_minimal_subscriber:/home/waves/ros2_humble/install/examples_rclcpp_minimal_composition:/home/waves/ros2_humble/install/demo_nodes_cpp_native:/home/waves/ros2_humble/install/rclcpp_components:/home/waves/ros2_humble/install/intra_process_demo:/home/waves/ros2_humble/install/examples_rclcpp_multithreaded_executor:/home/waves/ros2_humble/install/examples_rclcpp_minimal_timer:/home/waves/ros2_humble/install/examples_rclcpp_minimal_publisher:/home/waves/ros2_humble/install/examples_rclcpp_cbg_executor:/home/waves/ros2_humble/install/dummy_sensors:/home/waves/ros2_humble/install/dummy_map_server:/home/waves/ros2_humble/install/rclcpp:/home/waves/ros2_humble/install/rcl_lifecycle:/home/waves/ros2_humble/install/libstatistics_collector:/home/waves/ros2_humble/install/rcl:/home/waves/ros2_humble/install/rmw_implementation:/home/waves/ros2_humble/install/rmw_fastrtps_dynamic_cpp:/home/waves/ros2_humble/install/rmw_fastrtps_cpp:/home/waves/ros2_humble/install/rmw_fastrtps_shared_cpp:/home/waves/ros2_humble/install/rmw_cyclonedds_cpp:/home/waves/ros2_humble/install/tracetools:/home/waves/ros2_humble/install/tlsf:/home/waves/ros2_humble/install/tinyxml_vendor:/home/waves/ros2_humble/install/qt_gui_core:/home/waves/ros2_humble/install/qt_gui_cpp:/home/waves/ros2_humble/install/pluginlib:/home/waves/ros2_humble/install/tinyxml2_vendor:/home/waves/ros2_humble/install/tf2_eigen_kdl:/home/waves/ros2_humble/install/tf2:/home/waves/ros2_humble/install/test_security:/home/waves/ros2_humble/install/test_rmw_implementation:/home/waves/ros2_humble/install/test_rclcpp:/home/waves/ros2_humble/install/test_quality_of_service:/home/waves/ros2_humble/install/test_launch_testing:/home/waves/ros2_humble/install/test_interface_files:/home/waves/ros2_humble/install/test_communication:/home/waves/ros2_humble/install/test_cli_remapping:/home/waves/ros2_humble/install/test_cli:/home/waves/ros2_humble/install/qt_gui_app:/home/waves/ros2_humble/install/qt_gui:/home/waves/ros2_humble/install/tango_icons_vendor:/home/waves/ros2_humble/install/stereo_msgs:/home/waves/ros2_humble/install/std_srvs:/home/waves/ros2_humble/install/shape_msgs:/home/waves/ros2_humble/install/map_msgs:/home/waves/ros2_humble/install/sensor_msgs:/home/waves/ros2_humble/install/nav_msgs:/home/waves/ros2_humble/install/diagnostic_msgs:/home/waves/ros2_humble/install/geometry_msgs:/home/waves/ros2_humble/install/actionlib_msgs:/home/waves/ros2_humble/install/std_msgs:/home/waves/ros2_humble/install/statistics_msgs:/home/waves/ros2_humble/install/sqlite3_vendor:/home/waves/ros2_humble/install/rcl_logging_spdlog:/home/waves/ros2_humble/install/spdlog_vendor:/home/waves/ros2_humble/install/shared_queues_vendor:/home/waves/ros2_humble/install/rviz_rendering_tests:/home/waves/ros2_humble/install/rviz_rendering:/home/waves/ros2_humble/install/rviz_ogre_vendor:/home/waves/ros2_humble/install/rviz_assimp_vendor:/home/waves/ros2_humble/install/rttest:/home/waves/ros2_humble/install/rmw_connextddsmicro:/home/waves/ros2_humble/install/rmw_connextdds:/home/waves/ros2_humble/install/rmw_connextdds_common:/home/waves/ros2_humble/install/rti_connext_dds_cmake_module:/home/waves/ros2_humble/install/rosgraph_msgs:/home/waves/ros2_humble/install/rosbag2_interfaces:/home/waves/ros2_humble/install/rmw_dds_common:/home/waves/ros2_humble/install/composition_interfaces:/home/waves/ros2_humble/install/rcl_interfaces:/home/waves/ros2_humble/install/pendulum_msgs:/home/waves/ros2_humble/install/lifecycle_msgs:/home/waves/ros2_humble/install/builtin_interfaces:/home/waves/ros2_humble/install/rosidl_default_runtime:/home/waves/ros2_humble/install/rosidl_default_generators:/home/waves/ros2_humble/install/rosidl_generator_py:/home/waves/ros2_humble/install/rosidl_typesupport_introspection_tests:/home/waves/ros2_humble/install/rosidl_typesupport_cpp:/home/waves/ros2_humble/install/rosidl_typesupport_introspection_cpp:/home/waves/ros2_humble/install/rosidl_typesupport_c:/home/waves/ros2_humble/install/rosidl_typesupport_introspection_c:/home/waves/ros2_humble/install/rosidl_typesupport_fastrtps_c:/home/waves/ros2_humble/install/rosidl_typesupport_fastrtps_cpp:/home/waves/ros2_humble/install/rosidl_generator_cpp:/home/waves/ros2_humble/install/rosidl_runtime_cpp:/home/waves/ros2_humble/install/rcl_yaml_param_parser:/home/waves/ros2_humble/install/rmw:/home/waves/ros2_humble/install/rosidl_runtime_c:/home/waves/ros2_humble/install/rosidl_generator_c:/home/waves/ros2_humble/install/rosidl_typesupport_interface:/home/waves/ros2_humble/install/rosidl_generator_dds_idl:/home/waves/ros2_humble/install/rosidl_cmake:/home/waves/ros2_humble/install/rosidl_parser:/home/waves/ros2_humble/install/rosidl_adapter:/home/waves/ros2_humble/install/rosbag2_tests:/home/waves/ros2_humble/install/ros_environment:/home/waves/ros2_humble/install/rmw_implementation_cmake:/home/waves/ros2_humble/install/resource_retriever:/home/waves/ros2_humble/install/class_loader:/home/waves/ros2_humble/install/rcpputils:/home/waves/ros2_humble/install/rcl_logging_noop:/home/waves/ros2_humble/install/rcl_logging_interface:/home/waves/ros2_humble/install/rcutils:/home/waves/ros2_humble/install/qt_gui_py_common:/home/waves/ros2_humble/install/qt_dotgraph:/home/waves/ros2_humble/install/python_qt_binding:/home/waves/ros2_humble/install/python_orocos_kdl_vendor:/home/waves/ros2_humble/install/launch_testing_ament_cmake:/home/waves/ros2_humble/install/python_cmake_module:/home/waves/ros2_humble/install/pybind11_vendor:/home/waves/ros2_humble/install/performance_test_fixture:/home/waves/ros2_humble/install/osrf_testing_tools_cpp:/home/waves/ros2_humble/install/orocos_kdl_vendor:/home/waves/ros2_humble/install/mimick_vendor:/home/waves/ros2_humble/install/libyaml_vendor:/home/waves/ros2_humble/install/libcurl_vendor:/home/waves/ros2_humble/install/keyboard_handler:/home/waves/ros2_humble/install/iceoryx_introspection:/home/waves/ros2_humble/install/cyclonedds:/home/waves/ros2_humble/install/iceoryx_posh:/home/waves/ros2_humble/install/iceoryx_hoofs:/home/waves/ros2_humble/install/iceoryx_binding_c:/home/waves/ros2_humble/install/ament_cmake_ros:/home/waves/ros2_humble/install/ament_cmake_auto:/home/waves/ros2_humble/install/ament_cmake_gmock:/home/waves/ros2_humble/install/gmock_vendor:/home/waves/ros2_humble/install/ament_cmake_gtest:/home/waves/ros2_humble/install/gtest_vendor:/home/waves/ros2_humble/install/ament_cmake_google_benchmark:/home/waves/ros2_humble/install/google_benchmark_vendor:/home/waves/ros2_humble/install/fastrtps:/home/waves/ros2_humble/install/foonathan_memory_vendor:/home/waves/ros2_humble/install/fastrtps_cmake_module:/home/waves/ros2_humble/install/fastcdr:/home/waves/ros2_humble/install/eigen3_cmake_module:/home/waves/ros2_humble/install/console_bridge_vendor:/home/waves/ros2_humble/install/ament_cmake_xmllint:/home/waves/ros2_humble/install/ament_cmake_pyflakes:/home/waves/ros2_humble/install/ament_cmake_pycodestyle:/home/waves/ros2_humble/install/ament_cmake_pep257:/home/waves/ros2_humble/install/ament_cmake_pclint:/home/waves/ros2_humble/install/ament_lint_auto:/home/waves/ros2_humble/install/ament_cmake:/home/waves/ros2_humble/install/ament_cmake_version:/home/waves/ros2_humble/install/ament_cmake_vendor_package:/home/waves/ros2_humble/install/ament_cmake_pytest:/home/waves/ros2_humble/install/ament_cmake_nose:/home/waves/ros2_humble/install/ament_cmake_mypy:/home/waves/ros2_humble/install/ament_cmake_lint_cmake:/home/waves/ros2_humble/install/ament_cmake_flake8:/home/waves/ros2_humble/install/ament_cmake_cpplint:/home/waves/ros2_humble/install/ament_cmake_cppcheck:/home/waves/ros2_humble/install/ament_cmake_copyright:/home/waves/ros2_humble/install/ament_cmake_clang_tidy:/home/waves/ros2_humble/install/ament_cmake_clang_format:/home/waves/ros2_humble/install/ament_cmake_test:/home/waves/ros2_humble/install/ament_cmake_target_dependencies:/home/waves/ros2_humble/install/ament_cmake_python:/home/waves/ros2_humble/install/ament_cmake_export_dependencies:/home/waves/ros2_humble/install/ament_cmake_libraries:/home/waves/ros2_humble/install/ament_cmake_include_directories:/home/waves/ros2_humble/install/ament_cmake_gen_version_h:/home/waves/ros2_humble/install/ament_cmake_export_targets:/home/waves/ros2_humble/install/ament_cmake_export_link_flags:/home/waves/ros2_humble/install/ament_cmake_export_interfaces:/home/waves/ros2_humble/install/ament_cmake_export_libraries:/home/waves/ros2_humble/install/ament_cmake_export_include_directories:/home/waves/ros2_humble/install/ament_cmake_export_definitions:/home/waves/ros2_humble/install/ament_cmake_core:/home/waves/ros2_humble/install/ament_index_cpp /usr/bin/cmake --install /home/waves/hexapod/build/hexapod_interfaces
[30.107s] Level 1:colcon.colcon_core.environment:checking '/home/waves/hexapod/install/hexapod_interfaces' for CMake config files
[30.108s] Level 1:colcon.colcon_core.shell:create_environment_hook('hexapod_interfaces', 'cmake_prefix_path')
[30.108s] INFO:colcon.colcon_core.shell:Creating environment hook '/home/waves/hexapod/install/hexapod_interfaces/share/hexapod_interfaces/hook/cmake_prefix_path.ps1'
[30.111s] INFO:colcon.colcon_core.shell:Creating environment descriptor '/home/waves/hexapod/install/hexapod_interfaces/share/hexapod_interfaces/hook/cmake_prefix_path.dsv'
[30.113s] INFO:colcon.colcon_core.shell:Creating environment hook '/home/waves/hexapod/install/hexapod_interfaces/share/hexapod_interfaces/hook/cmake_prefix_path.sh'
[30.115s] Level 1:colcon.colcon_core.environment:checking '/home/waves/hexapod/install/hexapod_interfaces/lib'
[30.115s] Level 1:colcon.colcon_core.shell:create_environment_hook('hexapod_interfaces', 'ld_library_path_lib')
[30.118s] INFO:colcon.colcon_core.shell:Creating environment hook '/home/waves/hexapod/install/hexapod_interfaces/share/hexapod_interfaces/hook/ld_library_path_lib.ps1'
[30.119s] INFO:colcon.colcon_core.shell:Creating environment descriptor '/home/waves/hexapod/install/hexapod_interfaces/share/hexapod_interfaces/hook/ld_library_path_lib.dsv'
[30.119s] INFO:colcon.colcon_core.shell:Creating environment hook '/home/waves/hexapod/install/hexapod_interfaces/share/hexapod_interfaces/hook/ld_library_path_lib.sh'
[30.122s] Level 1:colcon.colcon_core.environment:checking '/home/waves/hexapod/install/hexapod_interfaces/bin'
[30.123s] Level 1:colcon.colcon_core.environment:checking '/home/waves/hexapod/install/hexapod_interfaces/lib/pkgconfig/hexapod_interfaces.pc'
[30.124s] Level 1:colcon.colcon_core.environment:checking '/home/waves/hexapod/install/hexapod_interfaces/lib/python3.10/site-packages'
[30.124s] Level 1:colcon.colcon_core.environment:checking '/home/waves/hexapod/install/hexapod_interfaces/bin'
[30.124s] INFO:colcon.colcon_core.shell:Creating package script '/home/waves/hexapod/install/hexapod_interfaces/share/hexapod_interfaces/package.ps1'
[30.125s] INFO:colcon.colcon_core.shell:Creating package descriptor '/home/waves/hexapod/install/hexapod_interfaces/share/hexapod_interfaces/package.dsv'
[30.128s] INFO:colcon.colcon_core.shell:Creating package script '/home/waves/hexapod/install/hexapod_interfaces/share/hexapod_interfaces/package.sh'
[30.128s] INFO:colcon.colcon_core.shell:Creating package script '/home/waves/hexapod/install/hexapod_interfaces/share/hexapod_interfaces/package.bash'
[30.129s] INFO:colcon.colcon_core.shell:Creating package script '/home/waves/hexapod/install/hexapod_interfaces/share/hexapod_interfaces/package.zsh'
[30.130s] Level 1:colcon.colcon_core.environment:create_file_with_runtime_dependencies(/home/waves/hexapod/install/hexapod_interfaces/share/colcon-core/packages/hexapod_interfaces)
[30.132s] Level 1:colcon.colcon_core.environment:create_environment_scripts_only(hexapod_interfaces)
[30.132s] Level 1:colcon.colcon_core.environment:checking '/home/waves/hexapod/install/hexapod_interfaces' for CMake module files
[30.133s] Level 1:colcon.colcon_core.environment:checking '/home/waves/hexapod/install/hexapod_interfaces' for CMake config files
[30.134s] Level 1:colcon.colcon_core.shell:create_environment_hook('hexapod_interfaces', 'cmake_prefix_path')
[30.134s] INFO:colcon.colcon_core.shell:Creating environment hook '/home/waves/hexapod/install/hexapod_interfaces/share/hexapod_interfaces/hook/cmake_prefix_path.ps1'
[30.137s] INFO:colcon.colcon_core.shell:Creating environment descriptor '/home/waves/hexapod/install/hexapod_interfaces/share/hexapod_interfaces/hook/cmake_prefix_path.dsv'
[30.140s] INFO:colcon.colcon_core.shell:Creating environment hook '/home/waves/hexapod/install/hexapod_interfaces/share/hexapod_interfaces/hook/cmake_prefix_path.sh'
[30.143s] Level 1:colcon.colcon_core.environment:checking '/home/waves/hexapod/install/hexapod_interfaces/lib'
[30.143s] Level 1:colcon.colcon_core.shell:create_environment_hook('hexapod_interfaces', 'ld_library_path_lib')
[30.144s] INFO:colcon.colcon_core.shell:Creating environment hook '/home/waves/hexapod/install/hexapod_interfaces/share/hexapod_interfaces/hook/ld_library_path_lib.ps1'
[30.146s] INFO:colcon.colcon_core.shell:Creating environment descriptor '/home/waves/hexapod/install/hexapod_interfaces/share/hexapod_interfaces/hook/ld_library_path_lib.dsv'
[30.150s] INFO:colcon.colcon_core.shell:Creating environment hook '/home/waves/hexapod/install/hexapod_interfaces/share/hexapod_interfaces/hook/ld_library_path_lib.sh'
[30.152s] Level 1:colcon.colcon_core.environment:checking '/home/waves/hexapod/install/hexapod_interfaces/bin'
[30.152s] Level 1:colcon.colcon_core.environment:checking '/home/waves/hexapod/install/hexapod_interfaces/lib/pkgconfig/hexapod_interfaces.pc'
[30.153s] Level 1:colcon.colcon_core.environment:checking '/home/waves/hexapod/install/hexapod_interfaces/lib/python3.10/site-packages'
[30.154s] Level 1:colcon.colcon_core.environment:checking '/home/waves/hexapod/install/hexapod_interfaces/bin'
[30.155s] INFO:colcon.colcon_core.shell:Creating package script '/home/waves/hexapod/install/hexapod_interfaces/share/hexapod_interfaces/package.ps1'
[30.157s] INFO:colcon.colcon_core.shell:Creating package descriptor '/home/waves/hexapod/install/hexapod_interfaces/share/hexapod_interfaces/package.dsv'
[30.158s] INFO:colcon.colcon_core.shell:Creating package script '/home/waves/hexapod/install/hexapod_interfaces/share/hexapod_interfaces/package.sh'
[30.160s] INFO:colcon.colcon_core.shell:Creating package script '/home/waves/hexapod/install/hexapod_interfaces/share/hexapod_interfaces/package.bash'
[30.161s] INFO:colcon.colcon_core.shell:Creating package script '/home/waves/hexapod/install/hexapod_interfaces/share/hexapod_interfaces/package.zsh'
[30.162s] Level 1:colcon.colcon_core.environment:create_file_with_runtime_dependencies(/home/waves/hexapod/install/hexapod_interfaces/share/colcon-core/packages/hexapod_interfaces)
[30.164s] INFO:colcon.colcon_ros.task.ament_cmake.build:Building ROS package in '/home/waves/hexapod/src/hexapod_control' with build type 'ament_cmake'
[30.164s] INFO:colcon.colcon_cmake.task.cmake.build:Building CMake package in '/home/waves/hexapod/src/hexapod_control'
[30.165s] INFO:colcon.colcon_core.shell:Skip shell extension 'powershell' for command environment: Not usable outside of PowerShell
[30.165s] DEBUG:colcon.colcon_core.shell:Skip shell extension 'dsv' for command environment
[30.211s] INFO:colcon.colcon_ros.task.ament_cmake.build:Building ROS package in '/home/waves/hexapod/src/hexapod_services' with build type 'ament_cmake'
[30.211s] INFO:colcon.colcon_cmake.task.cmake.build:Building CMake package in '/home/waves/hexapod/src/hexapod_services'
[30.211s] INFO:colcon.colcon_core.shell:Skip shell extension 'powershell' for command environment: Not usable outside of PowerShell
[30.211s] DEBUG:colcon.colcon_core.shell:Skip shell extension 'dsv' for command environment
[30.308s] DEBUG:colcon.colcon_core.event_handler.log_command:Invoking command in '/home/waves/hexapod/build/hexapod_control': CMAKE_PREFIX_PATH=/home/waves/hexapod/install/hexapod_interfaces:/home/waves/hexapod/install/hexapod_services:/home/waves/hexapod/install/hexapod_control:/home/waves/ros2_ws/install/video_runner:/home/waves/ros2_ws/install/robotics_class:/home/waves/ros2_ws/install/my_robot_bringup:/home/waves/ros2_ws/install/my_cpp_prac:/home/waves/ros2_ws/install/my_cpp_pkg:/home/waves/ros2_ws/install/act_5:/home/waves/ros2_ws/install/my_interface:/home/waves/ros2_ws/install/buffer:/home/waves/research/install/cobots:/home/waves/ros2_sim/install/ros2_control_demos:/home/waves/ros2_sim/install/ros2_control_demo_description:/home/waves/ros2_sim/install/my_robot_sim:/home/waves/ros2_sim/install/humanoid:/home/waves/ros2_sim/install/hopper_sim:/home/waves/ros2_sim/install/hopper_description:/home/waves/hexapod/install/hexapod_communication:/home/waves/ros2_ws/install/my_py_pkg:/opt/ros/humble:/home/waves/ros2_humble/install/rqt_bag_plugins:/home/waves/ros2_humble/install/rqt_bag:/home/waves/ros2_humble/install/launch_testing_examples:/home/waves/ros2_humble/install/ros2bag:/home/waves/ros2_humble/install/tracetools_test:/home/waves/ros2_humble/install/tracetools_launch:/home/waves/ros2_humble/install/topic_monitor:/home/waves/ros2_humble/install/tf2_tools:/home/waves/ros2_humble/install/examples_tf2_py:/home/waves/ros2_humble/install/tf2_ros_py:/home/waves/ros2_humble/install/sros2:/home/waves/ros2_humble/install/rqt_topic:/home/waves/ros2_humble/install/rqt_srv:/home/waves/ros2_humble/install/rqt_shell:/home/waves/ros2_humble/install/rqt_service_caller:/home/waves/ros2_humble/install/rqt_reconfigure:/home/waves/ros2_humble/install/rqt_py_console:/home/waves/ros2_humble/install/rqt_publisher:/home/waves/ros2_humble/install/rqt_plot:/home/waves/ros2_humble/install/rqt_action:/home/waves/ros2_humble/install/rqt_msg:/home/waves/ros2_humble/install/rqt_console:/home/waves/ros2_humble/install/rqt:/home/waves/ros2_humble/install/rqt_graph:/home/waves/ros2_humble/install/rqt_gui_py:/home/waves/ros2_humble/install/rqt_gui:/home/waves/ros2_humble/install/ros2trace:/home/waves/ros2_humble/install/ros2topic:/home/waves/ros2_humble/install/ros2test:/home/waves/ros2_humble/install/ros2component:/home/waves/ros2_humble/install/ros2param:/home/waves/ros2_humble/install/ros2lifecycle:/home/waves/ros2_humble/install/ros2service:/home/waves/ros2_humble/install/ros2run:/home/waves/ros2_humble/install/ros2launch:/home/waves/ros2_humble/install/ros2pkg:/home/waves/ros2_humble/install/ros2node:/home/waves/ros2_humble/install/ros2multicast:/home/waves/ros2_humble/install/ros2interface:/home/waves/ros2_humble/install/ros2doctor:/home/waves/ros2_humble/install/ros2action:/home/waves/ros2_humble/install/ros2cli:/home/waves/ros2_humble/install/quality_of_service_demo_py:/home/waves/ros2_humble/install/lifecycle_py:/home/waves/ros2_humble/install/launch_testing_ros:/home/waves/ros2_humble/install/launch_ros:/home/waves/ros2_humble/install/examples_rclpy_pointcloud_publisher:/home/waves/ros2_humble/install/examples_rclpy_minimal_subscriber:/home/waves/ros2_humble/install/examples_rclpy_minimal_service:/home/waves/ros2_humble/install/examples_rclpy_minimal_publisher:/home/waves/ros2_humble/install/examples_rclpy_minimal_client:/home/waves/ros2_humble/install/examples_rclpy_minimal_action_server:/home/waves/ros2_humble/install/examples_rclpy_minimal_action_client:/home/waves/ros2_humble/install/examples_rclpy_guard_conditions:/home/waves/ros2_humble/install/examples_rclpy_executors:/home/waves/ros2_humble/install/demo_nodes_py:/home/waves/ros2_humble/install/camera_info_manager_py:/home/waves/ros2_humble/install/action_tutorials_py:/home/waves/ros2_humble/install/ament_uncrustify:/home/waves/ros2_humble/install/tracetools_trace:/home/waves/ros2_humble/install/tracetools_read:/home/waves/ros2_humble/install/test_tracetools_launch:/home/waves/ros2_humble/install/test_launch_ros:/home/waves/ros2_humble/install/sensor_msgs_py:/home/waves/ros2_humble/install/rpyutils:/home/waves/ros2_humble/install/rosidl_runtime_py:/home/waves/ros2_humble/install/rosidl_cli:/home/waves/ros2_humble/install/launch_pytest:/home/waves/ros2_humble/install/launch_testing:/home/waves/ros2_humble/install/launch_yaml:/home/waves/ros2_humble/install/launch_xml:/home/waves/ros2_humble/install/launch:/home/waves/ros2_humble/install/osrf_pycommon:/home/waves/ros2_humble/install/domain_coordinator:/home/waves/ros2_humble/install/ament_xmllint:/home/waves/ros2_humble/install/ament_pyflakes:/home/waves/ros2_humble/install/ament_pycodestyle:/home/waves/ros2_humble/install/ament_pep257:/home/waves/ros2_humble/install/ament_pclint:/home/waves/ros2_humble/install/ament_package:/home/waves/ros2_humble/install/ament_mypy:/home/waves/ros2_humble/install/ament_lint_cmake:/home/waves/ros2_humble/install/ament_flake8:/home/waves/ros2_humble/install/ament_copyright:/home/waves/ros2_humble/install/ament_lint:/home/waves/ros2_humble/install/ament_index_python:/home/waves/ros2_humble/install/ament_cpplint:/home/waves/ros2_humble/install/ament_cppcheck:/home/waves/ros2_humble/install/ament_clang_tidy:/home/waves/ros2_humble/install/ament_clang_format:/home/waves/ros2_sim/install/hexapod_description:/home/waves/ros2_sim/install/hexapod:/home/waves/ros2_sim/install/franka:/home/waves/ros2_humble/install/rosbag2_storage_mcap:/home/waves/ros2_humble/install/rosbag2:/home/waves/ros2_humble/install/rosbag2_compression_zstd:/home/waves/ros2_humble/install/mcap_vendor:/home/waves/ros2_humble/install/zstd_vendor:/home/waves/ros2_humble/install/rviz_visual_testing_framework:/home/waves/ros2_humble/install/rviz2:/home/waves/ros2_humble/install/rviz_default_plugins:/home/waves/ros2_humble/install/rviz_common:/home/waves/ros2_humble/install/rosbag2_py:/home/waves/ros2_humble/install/rosbag2_transport:/home/waves/ros2_humble/install/rosbag2_storage_default_plugins:/home/waves/ros2_humble/install/rosbag2_performance_benchmarking:/home/waves/ros2_humble/install/rosbag2_compression:/home/waves/ros2_humble/install/rosbag2_cpp:/home/waves/ros2_humble/install/rosbag2_storage:/home/waves/ros2_humble/install/image_common:/home/waves/ros2_humble/install/camera_info_manager:/home/waves/ros2_humble/install/camera_calibration_parsers:/home/waves/ros2_humble/install/yaml_cpp_vendor:/home/waves/ros2_humble/install/interactive_markers:/home/waves/ros2_humble/install/common_interfaces:/home/waves/ros2_humble/install/visualization_msgs:/home/waves/ros2_humble/install/dummy_robot_bringup:/home/waves/ros2_humble/install/robot_state_publisher:/home/waves/ros2_humble/install/kdl_parser:/home/waves/ros2_humble/install/urdf:/home/waves/ros2_humble/install/urdfdom:/home/waves/ros2_humble/install/urdf_parser_plugin:/home/waves/ros2_humble/install/urdfdom_headers:/home/waves/ros2_humble/install/turtlesim:/home/waves/ros2_humble/install/geometry2:/home/waves/ros2_humble/install/tf2_sensor_msgs:/home/waves/ros2_humble/install/test_tf2:/home/waves/ros2_humble/install/tf2_kdl:/home/waves/ros2_humble/install/tf2_geometry_msgs:/home/waves/ros2_humble/install/tf2_eigen:/home/waves/ros2_humble/install/tf2_bullet:/home/waves/ros2_humble/install/tf2_ros:/home/waves/ros2_humble/install/tf2_py:/home/waves/ros2_humble/install/tf2_msgs:/home/waves/ros2_humble/install/test_msgs:/home/waves/ros2_humble/install/sros2_cmake:/home/waves/ros2_humble/install/ros2cli_common_extensions:/home/waves/ros2_humble/install/rqt_py_common:/home/waves/ros2_humble/install/rosbag2_storage_mcap_testdata:/home/waves/ros2_humble/install/ros_testing:/home/waves/ros2_humble/install/ros2cli_test_interfaces:/home/waves/ros2_humble/install/quality_of_service_demo_cpp:/home/waves/ros2_humble/install/image_transport:/home/waves/ros2_humble/install/message_filters:/home/waves/ros2_humble/install/demo_nodes_cpp:/home/waves/ros2_humble/install/composition:/home/waves/ros2_humble/install/laser_geometry:/home/waves/ros2_humble/install/rclpy:/home/waves/ros2_humble/install/examples_rclcpp_minimal_action_server:/home/waves/ros2_humble/install/examples_rclcpp_minimal_action_client:/home/waves/ros2_humble/install/action_tutorials_cpp:/home/waves/ros2_humble/install/rclcpp_action:/home/waves/ros2_humble/install/rcl_action:/home/waves/ros2_humble/install/examples_rclcpp_wait_set:/home/waves/ros2_humble/install/examples_rclcpp_minimal_service:/home/waves/ros2_humble/install/examples_rclcpp_minimal_client:/home/waves/ros2_humble/install/examples_rclcpp_async_client:/home/waves/ros2_humble/install/example_interfaces:/home/waves/ros2_humble/install/action_tutorials_interfaces:/home/waves/ros2_humble/install/action_msgs:/home/waves/ros2_humble/install/unique_identifier_msgs:/home/waves/ros2_humble/install/ament_lint_common:/home/waves/ros2_humble/install/ament_cmake_uncrustify:/home/waves/ros2_humble/install/uncrustify_vendor:/home/waves/ros2_humble/install/trajectory_msgs:/home/waves/ros2_humble/install/topic_statistics_demo:/home/waves/ros2_humble/install/pendulum_control:/home/waves/ros2_humble/install/tlsf_cpp:/home/waves/ros2_humble/install/test_tracetools:/home/waves/ros2_humble/install/rqt_gui_cpp:/home/waves/ros2_humble/install/rosbag2_test_common:/home/waves/ros2_humble/install/ros2lifecycle_test_fixtures:/home/waves/ros2_humble/install/lifecycle:/home/waves/ros2_humble/install/rclcpp_lifecycle:/home/waves/ros2_humble/install/logging_demo:/home/waves/ros2_humble/install/image_tools:/home/waves/ros2_humble/install/examples_rclcpp_minimal_subscriber:/home/waves/ros2_humble/install/examples_rclcpp_minimal_composition:/home/waves/ros2_humble/install/demo_nodes_cpp_native:/home/waves/ros2_humble/install/rclcpp_components:/home/waves/ros2_humble/install/intra_process_demo:/home/waves/ros2_humble/install/examples_rclcpp_multithreaded_executor:/home/waves/ros2_humble/install/examples_rclcpp_minimal_timer:/home/waves/ros2_humble/install/examples_rclcpp_minimal_publisher:/home/waves/ros2_humble/install/examples_rclcpp_cbg_executor:/home/waves/ros2_humble/install/dummy_sensors:/home/waves/ros2_humble/install/dummy_map_server:/home/waves/ros2_humble/install/rclcpp:/home/waves/ros2_humble/install/rcl_lifecycle:/home/waves/ros2_humble/install/libstatistics_collector:/home/waves/ros2_humble/install/rcl:/home/waves/ros2_humble/install/rmw_implementation:/home/waves/ros2_humble/install/rmw_fastrtps_dynamic_cpp:/home/waves/ros2_humble/install/rmw_fastrtps_cpp:/home/waves/ros2_humble/install/rmw_fastrtps_shared_cpp:/home/waves/ros2_humble/install/rmw_cyclonedds_cpp:/home/waves/ros2_humble/install/tracetools:/home/waves/ros2_humble/install/tlsf:/home/waves/ros2_humble/install/tinyxml_vendor:/home/waves/ros2_humble/install/qt_gui_core:/home/waves/ros2_humble/install/qt_gui_cpp:/home/waves/ros2_humble/install/pluginlib:/home/waves/ros2_humble/install/tinyxml2_vendor:/home/waves/ros2_humble/install/tf2_eigen_kdl:/home/waves/ros2_humble/install/tf2:/home/waves/ros2_humble/install/test_security:/home/waves/ros2_humble/install/test_rmw_implementation:/home/waves/ros2_humble/install/test_rclcpp:/home/waves/ros2_humble/install/test_quality_of_service:/home/waves/ros2_humble/install/test_launch_testing:/home/waves/ros2_humble/install/test_interface_files:/home/waves/ros2_humble/install/test_communication:/home/waves/ros2_humble/install/test_cli_remapping:/home/waves/ros2_humble/install/test_cli:/home/waves/ros2_humble/install/qt_gui_app:/home/waves/ros2_humble/install/qt_gui:/home/waves/ros2_humble/install/tango_icons_vendor:/home/waves/ros2_humble/install/stereo_msgs:/home/waves/ros2_humble/install/std_srvs:/home/waves/ros2_humble/install/shape_msgs:/home/waves/ros2_humble/install/map_msgs:/home/waves/ros2_humble/install/sensor_msgs:/home/waves/ros2_humble/install/nav_msgs:/home/waves/ros2_humble/install/diagnostic_msgs:/home/waves/ros2_humble/install/geometry_msgs:/home/waves/ros2_humble/install/actionlib_msgs:/home/waves/ros2_humble/install/std_msgs:/home/waves/ros2_humble/install/statistics_msgs:/home/waves/ros2_humble/install/sqlite3_vendor:/home/waves/ros2_humble/install/rcl_logging_spdlog:/home/waves/ros2_humble/install/spdlog_vendor:/home/waves/ros2_humble/install/shared_queues_vendor:/home/waves/ros2_humble/install/rviz_rendering_tests:/home/waves/ros2_humble/install/rviz_rendering:/home/waves/ros2_humble/install/rviz_ogre_vendor:/home/waves/ros2_humble/install/rviz_assimp_vendor:/home/waves/ros2_humble/install/rttest:/home/waves/ros2_humble/install/rmw_connextddsmicro:/home/waves/ros2_humble/install/rmw_connextdds:/home/waves/ros2_humble/install/rmw_connextdds_common:/home/waves/ros2_humble/install/rti_connext_dds_cmake_module:/home/waves/ros2_humble/install/rosgraph_msgs:/home/waves/ros2_humble/install/rosbag2_interfaces:/home/waves/ros2_humble/install/rmw_dds_common:/home/waves/ros2_humble/install/composition_interfaces:/home/waves/ros2_humble/install/rcl_interfaces:/home/waves/ros2_humble/install/pendulum_msgs:/home/waves/ros2_humble/install/lifecycle_msgs:/home/waves/ros2_humble/install/builtin_interfaces:/home/waves/ros2_humble/install/rosidl_default_runtime:/home/waves/ros2_humble/install/rosidl_default_generators:/home/waves/ros2_humble/install/rosidl_generator_py:/home/waves/ros2_humble/install/rosidl_typesupport_introspection_tests:/home/waves/ros2_humble/install/rosidl_typesupport_cpp:/home/waves/ros2_humble/install/rosidl_typesupport_introspection_cpp:/home/waves/ros2_humble/install/rosidl_typesupport_c:/home/waves/ros2_humble/install/rosidl_typesupport_introspection_c:/home/waves/ros2_humble/install/rosidl_typesupport_fastrtps_c:/home/waves/ros2_humble/install/rosidl_typesupport_fastrtps_cpp:/home/waves/ros2_humble/install/rosidl_generator_cpp:/home/waves/ros2_humble/install/rosidl_runtime_cpp:/home/waves/ros2_humble/install/rcl_yaml_param_parser:/home/waves/ros2_humble/install/rmw:/home/waves/ros2_humble/install/rosidl_runtime_c:/home/waves/ros2_humble/install/rosidl_generator_c:/home/waves/ros2_humble/install/rosidl_typesupport_interface:/home/waves/ros2_humble/install/rosidl_generator_dds_idl:/home/waves/ros2_humble/install/rosidl_cmake:/home/waves/ros2_humble/install/rosidl_parser:/home/waves/ros2_humble/install/rosidl_adapter:/home/waves/ros2_humble/install/rosbag2_tests:/home/waves/ros2_humble/install/ros_environment:/home/waves/ros2_humble/install/rmw_implementation_cmake:/home/waves/ros2_humble/install/resource_retriever:/home/waves/ros2_humble/install/class_loader:/home/waves/ros2_humble/install/rcpputils:/home/waves/ros2_humble/install/rcl_logging_noop:/home/waves/ros2_humble/install/rcl_logging_interface:/home/waves/ros2_humble/install/rcutils:/home/waves/ros2_humble/install/qt_gui_py_common:/home/waves/ros2_humble/install/qt_dotgraph:/home/waves/ros2_humble/install/python_qt_binding:/home/waves/ros2_humble/install/python_orocos_kdl_vendor:/home/waves/ros2_humble/install/launch_testing_ament_cmake:/home/waves/ros2_humble/install/python_cmake_module:/home/waves/ros2_humble/install/pybind11_vendor:/home/waves/ros2_humble/install/performance_test_fixture:/home/waves/ros2_humble/install/osrf_testing_tools_cpp:/home/waves/ros2_humble/install/orocos_kdl_vendor:/home/waves/ros2_humble/install/mimick_vendor:/home/waves/ros2_humble/install/libyaml_vendor:/home/waves/ros2_humble/install/libcurl_vendor:/home/waves/ros2_humble/install/keyboard_handler:/home/waves/ros2_humble/install/iceoryx_introspection:/home/waves/ros2_humble/install/cyclonedds:/home/waves/ros2_humble/install/iceoryx_posh:/home/waves/ros2_humble/install/iceoryx_hoofs:/home/waves/ros2_humble/install/iceoryx_binding_c:/home/waves/ros2_humble/install/ament_cmake_ros:/home/waves/ros2_humble/install/ament_cmake_auto:/home/waves/ros2_humble/install/ament_cmake_gmock:/home/waves/ros2_humble/install/gmock_vendor:/home/waves/ros2_humble/install/ament_cmake_gtest:/home/waves/ros2_humble/install/gtest_vendor:/home/waves/ros2_humble/install/ament_cmake_google_benchmark:/home/waves/ros2_humble/install/google_benchmark_vendor:/home/waves/ros2_humble/install/fastrtps:/home/waves/ros2_humble/install/foonathan_memory_vendor:/home/waves/ros2_humble/install/fastrtps_cmake_module:/home/waves/ros2_humble/install/fastcdr:/home/waves/ros2_humble/install/eigen3_cmake_module:/home/waves/ros2_humble/install/console_bridge_vendor:/home/waves/ros2_humble/install/ament_cmake_xmllint:/home/waves/ros2_humble/install/ament_cmake_pyflakes:/home/waves/ros2_humble/install/ament_cmake_pycodestyle:/home/waves/ros2_humble/install/ament_cmake_pep257:/home/waves/ros2_humble/install/ament_cmake_pclint:/home/waves/ros2_humble/install/ament_lint_auto:/home/waves/ros2_humble/install/ament_cmake:/home/waves/ros2_humble/install/ament_cmake_version:/home/waves/ros2_humble/install/ament_cmake_vendor_package:/home/waves/ros2_humble/install/ament_cmake_pytest:/home/waves/ros2_humble/install/ament_cmake_nose:/home/waves/ros2_humble/install/ament_cmake_mypy:/home/waves/ros2_humble/install/ament_cmake_lint_cmake:/home/waves/ros2_humble/install/ament_cmake_flake8:/home/waves/ros2_humble/install/ament_cmake_cpplint:/home/waves/ros2_humble/install/ament_cmake_cppcheck:/home/waves/ros2_humble/install/ament_cmake_copyright:/home/waves/ros2_humble/install/ament_cmake_clang_tidy:/home/waves/ros2_humble/install/ament_cmake_clang_format:/home/waves/ros2_humble/install/ament_cmake_test:/home/waves/ros2_humble/install/ament_cmake_target_dependencies:/home/waves/ros2_humble/install/ament_cmake_python:/home/waves/ros2_humble/install/ament_cmake_export_dependencies:/home/waves/ros2_humble/install/ament_cmake_libraries:/home/waves/ros2_humble/install/ament_cmake_include_directories:/home/waves/ros2_humble/install/ament_cmake_gen_version_h:/home/waves/ros2_humble/install/ament_cmake_export_targets:/home/waves/ros2_humble/install/ament_cmake_export_link_flags:/home/waves/ros2_humble/install/ament_cmake_export_interfaces:/home/waves/ros2_humble/install/ament_cmake_export_libraries:/home/waves/ros2_humble/install/ament_cmake_export_include_directories:/home/waves/ros2_humble/install/ament_cmake_export_definitions:/home/waves/ros2_humble/install/ament_cmake_core:/home/waves/ros2_humble/install/ament_index_cpp /usr/bin/cmake /home/waves/hexapod/src/hexapod_control -DCMAKE_INSTALL_PREFIX=/home/waves/hexapod/install/hexapod_control
[30.377s] DEBUG:colcon.colcon_core.event_handler.log_command:Invoking command in '/home/waves/hexapod/build/hexapod_services': CMAKE_PREFIX_PATH=/home/waves/hexapod/install/hexapod_interfaces:/home/waves/hexapod/install/hexapod_services:/home/waves/hexapod/install/hexapod_control:/home/waves/ros2_ws/install/video_runner:/home/waves/ros2_ws/install/robotics_class:/home/waves/ros2_ws/install/my_robot_bringup:/home/waves/ros2_ws/install/my_cpp_prac:/home/waves/ros2_ws/install/my_cpp_pkg:/home/waves/ros2_ws/install/act_5:/home/waves/ros2_ws/install/my_interface:/home/waves/ros2_ws/install/buffer:/home/waves/research/install/cobots:/home/waves/ros2_sim/install/ros2_control_demos:/home/waves/ros2_sim/install/ros2_control_demo_description:/home/waves/ros2_sim/install/my_robot_sim:/home/waves/ros2_sim/install/humanoid:/home/waves/ros2_sim/install/hopper_sim:/home/waves/ros2_sim/install/hopper_description:/home/waves/hexapod/install/hexapod_communication:/home/waves/ros2_ws/install/my_py_pkg:/opt/ros/humble:/home/waves/ros2_humble/install/rqt_bag_plugins:/home/waves/ros2_humble/install/rqt_bag:/home/waves/ros2_humble/install/launch_testing_examples:/home/waves/ros2_humble/install/ros2bag:/home/waves/ros2_humble/install/tracetools_test:/home/waves/ros2_humble/install/tracetools_launch:/home/waves/ros2_humble/install/topic_monitor:/home/waves/ros2_humble/install/tf2_tools:/home/waves/ros2_humble/install/examples_tf2_py:/home/waves/ros2_humble/install/tf2_ros_py:/home/waves/ros2_humble/install/sros2:/home/waves/ros2_humble/install/rqt_topic:/home/waves/ros2_humble/install/rqt_srv:/home/waves/ros2_humble/install/rqt_shell:/home/waves/ros2_humble/install/rqt_service_caller:/home/waves/ros2_humble/install/rqt_reconfigure:/home/waves/ros2_humble/install/rqt_py_console:/home/waves/ros2_humble/install/rqt_publisher:/home/waves/ros2_humble/install/rqt_plot:/home/waves/ros2_humble/install/rqt_action:/home/waves/ros2_humble/install/rqt_msg:/home/waves/ros2_humble/install/rqt_console:/home/waves/ros2_humble/install/rqt:/home/waves/ros2_humble/install/rqt_graph:/home/waves/ros2_humble/install/rqt_gui_py:/home/waves/ros2_humble/install/rqt_gui:/home/waves/ros2_humble/install/ros2trace:/home/waves/ros2_humble/install/ros2topic:/home/waves/ros2_humble/install/ros2test:/home/waves/ros2_humble/install/ros2component:/home/waves/ros2_humble/install/ros2param:/home/waves/ros2_humble/install/ros2lifecycle:/home/waves/ros2_humble/install/ros2service:/home/waves/ros2_humble/install/ros2run:/home/waves/ros2_humble/install/ros2launch:/home/waves/ros2_humble/install/ros2pkg:/home/waves/ros2_humble/install/ros2node:/home/waves/ros2_humble/install/ros2multicast:/home/waves/ros2_humble/install/ros2interface:/home/waves/ros2_humble/install/ros2doctor:/home/waves/ros2_humble/install/ros2action:/home/waves/ros2_humble/install/ros2cli:/home/waves/ros2_humble/install/quality_of_service_demo_py:/home/waves/ros2_humble/install/lifecycle_py:/home/waves/ros2_humble/install/launch_testing_ros:/home/waves/ros2_humble/install/launch_ros:/home/waves/ros2_humble/install/examples_rclpy_pointcloud_publisher:/home/waves/ros2_humble/install/examples_rclpy_minimal_subscriber:/home/waves/ros2_humble/install/examples_rclpy_minimal_service:/home/waves/ros2_humble/install/examples_rclpy_minimal_publisher:/home/waves/ros2_humble/install/examples_rclpy_minimal_client:/home/waves/ros2_humble/install/examples_rclpy_minimal_action_server:/home/waves/ros2_humble/install/examples_rclpy_minimal_action_client:/home/waves/ros2_humble/install/examples_rclpy_guard_conditions:/home/waves/ros2_humble/install/examples_rclpy_executors:/home/waves/ros2_humble/install/demo_nodes_py:/home/waves/ros2_humble/install/camera_info_manager_py:/home/waves/ros2_humble/install/action_tutorials_py:/home/waves/ros2_humble/install/ament_uncrustify:/home/waves/ros2_humble/install/tracetools_trace:/home/waves/ros2_humble/install/tracetools_read:/home/waves/ros2_humble/install/test_tracetools_launch:/home/waves/ros2_humble/install/test_launch_ros:/home/waves/ros2_humble/install/sensor_msgs_py:/home/waves/ros2_humble/install/rpyutils:/home/waves/ros2_humble/install/rosidl_runtime_py:/home/waves/ros2_humble/install/rosidl_cli:/home/waves/ros2_humble/install/launch_pytest:/home/waves/ros2_humble/install/launch_testing:/home/waves/ros2_humble/install/launch_yaml:/home/waves/ros2_humble/install/launch_xml:/home/waves/ros2_humble/install/launch:/home/waves/ros2_humble/install/osrf_pycommon:/home/waves/ros2_humble/install/domain_coordinator:/home/waves/ros2_humble/install/ament_xmllint:/home/waves/ros2_humble/install/ament_pyflakes:/home/waves/ros2_humble/install/ament_pycodestyle:/home/waves/ros2_humble/install/ament_pep257:/home/waves/ros2_humble/install/ament_pclint:/home/waves/ros2_humble/install/ament_package:/home/waves/ros2_humble/install/ament_mypy:/home/waves/ros2_humble/install/ament_lint_cmake:/home/waves/ros2_humble/install/ament_flake8:/home/waves/ros2_humble/install/ament_copyright:/home/waves/ros2_humble/install/ament_lint:/home/waves/ros2_humble/install/ament_index_python:/home/waves/ros2_humble/install/ament_cpplint:/home/waves/ros2_humble/install/ament_cppcheck:/home/waves/ros2_humble/install/ament_clang_tidy:/home/waves/ros2_humble/install/ament_clang_format:/home/waves/ros2_sim/install/hexapod_description:/home/waves/ros2_sim/install/hexapod:/home/waves/ros2_sim/install/franka:/home/waves/ros2_humble/install/rosbag2_storage_mcap:/home/waves/ros2_humble/install/rosbag2:/home/waves/ros2_humble/install/rosbag2_compression_zstd:/home/waves/ros2_humble/install/mcap_vendor:/home/waves/ros2_humble/install/zstd_vendor:/home/waves/ros2_humble/install/rviz_visual_testing_framework:/home/waves/ros2_humble/install/rviz2:/home/waves/ros2_humble/install/rviz_default_plugins:/home/waves/ros2_humble/install/rviz_common:/home/waves/ros2_humble/install/rosbag2_py:/home/waves/ros2_humble/install/rosbag2_transport:/home/waves/ros2_humble/install/rosbag2_storage_default_plugins:/home/waves/ros2_humble/install/rosbag2_performance_benchmarking:/home/waves/ros2_humble/install/rosbag2_compression:/home/waves/ros2_humble/install/rosbag2_cpp:/home/waves/ros2_humble/install/rosbag2_storage:/home/waves/ros2_humble/install/image_common:/home/waves/ros2_humble/install/camera_info_manager:/home/waves/ros2_humble/install/camera_calibration_parsers:/home/waves/ros2_humble/install/yaml_cpp_vendor:/home/waves/ros2_humble/install/interactive_markers:/home/waves/ros2_humble/install/common_interfaces:/home/waves/ros2_humble/install/visualization_msgs:/home/waves/ros2_humble/install/dummy_robot_bringup:/home/waves/ros2_humble/install/robot_state_publisher:/home/waves/ros2_humble/install/kdl_parser:/home/waves/ros2_humble/install/urdf:/home/waves/ros2_humble/install/urdfdom:/home/waves/ros2_humble/install/urdf_parser_plugin:/home/waves/ros2_humble/install/urdfdom_headers:/home/waves/ros2_humble/install/turtlesim:/home/waves/ros2_humble/install/geometry2:/home/waves/ros2_humble/install/tf2_sensor_msgs:/home/waves/ros2_humble/install/test_tf2:/home/waves/ros2_humble/install/tf2_kdl:/home/waves/ros2_humble/install/tf2_geometry_msgs:/home/waves/ros2_humble/install/tf2_eigen:/home/waves/ros2_humble/install/tf2_bullet:/home/waves/ros2_humble/install/tf2_ros:/home/waves/ros2_humble/install/tf2_py:/home/waves/ros2_humble/install/tf2_msgs:/home/waves/ros2_humble/install/test_msgs:/home/waves/ros2_humble/install/sros2_cmake:/home/waves/ros2_humble/install/ros2cli_common_extensions:/home/waves/ros2_humble/install/rqt_py_common:/home/waves/ros2_humble/install/rosbag2_storage_mcap_testdata:/home/waves/ros2_humble/install/ros_testing:/home/waves/ros2_humble/install/ros2cli_test_interfaces:/home/waves/ros2_humble/install/quality_of_service_demo_cpp:/home/waves/ros2_humble/install/image_transport:/home/waves/ros2_humble/install/message_filters:/home/waves/ros2_humble/install/demo_nodes_cpp:/home/waves/ros2_humble/install/composition:/home/waves/ros2_humble/install/laser_geometry:/home/waves/ros2_humble/install/rclpy:/home/waves/ros2_humble/install/examples_rclcpp_minimal_action_server:/home/waves/ros2_humble/install/examples_rclcpp_minimal_action_client:/home/waves/ros2_humble/install/action_tutorials_cpp:/home/waves/ros2_humble/install/rclcpp_action:/home/waves/ros2_humble/install/rcl_action:/home/waves/ros2_humble/install/examples_rclcpp_wait_set:/home/waves/ros2_humble/install/examples_rclcpp_minimal_service:/home/waves/ros2_humble/install/examples_rclcpp_minimal_client:/home/waves/ros2_humble/install/examples_rclcpp_async_client:/home/waves/ros2_humble/install/example_interfaces:/home/waves/ros2_humble/install/action_tutorials_interfaces:/home/waves/ros2_humble/install/action_msgs:/home/waves/ros2_humble/install/unique_identifier_msgs:/home/waves/ros2_humble/install/ament_lint_common:/home/waves/ros2_humble/install/ament_cmake_uncrustify:/home/waves/ros2_humble/install/uncrustify_vendor:/home/waves/ros2_humble/install/trajectory_msgs:/home/waves/ros2_humble/install/topic_statistics_demo:/home/waves/ros2_humble/install/pendulum_control:/home/waves/ros2_humble/install/tlsf_cpp:/home/waves/ros2_humble/install/test_tracetools:/home/waves/ros2_humble/install/rqt_gui_cpp:/home/waves/ros2_humble/install/rosbag2_test_common:/home/waves/ros2_humble/install/ros2lifecycle_test_fixtures:/home/waves/ros2_humble/install/lifecycle:/home/waves/ros2_humble/install/rclcpp_lifecycle:/home/waves/ros2_humble/install/logging_demo:/home/waves/ros2_humble/install/image_tools:/home/waves/ros2_humble/install/examples_rclcpp_minimal_subscriber:/home/waves/ros2_humble/install/examples_rclcpp_minimal_composition:/home/waves/ros2_humble/install/demo_nodes_cpp_native:/home/waves/ros2_humble/install/rclcpp_components:/home/waves/ros2_humble/install/intra_process_demo:/home/waves/ros2_humble/install/examples_rclcpp_multithreaded_executor:/home/waves/ros2_humble/install/examples_rclcpp_minimal_timer:/home/waves/ros2_humble/install/examples_rclcpp_minimal_publisher:/home/waves/ros2_humble/install/examples_rclcpp_cbg_executor:/home/waves/ros2_humble/install/dummy_sensors:/home/waves/ros2_humble/install/dummy_map_server:/home/waves/ros2_humble/install/rclcpp:/home/waves/ros2_humble/install/rcl_lifecycle:/home/waves/ros2_humble/install/libstatistics_collector:/home/waves/ros2_humble/install/rcl:/home/waves/ros2_humble/install/rmw_implementation:/home/waves/ros2_humble/install/rmw_fastrtps_dynamic_cpp:/home/waves/ros2_humble/install/rmw_fastrtps_cpp:/home/waves/ros2_humble/install/rmw_fastrtps_shared_cpp:/home/waves/ros2_humble/install/rmw_cyclonedds_cpp:/home/waves/ros2_humble/install/tracetools:/home/waves/ros2_humble/install/tlsf:/home/waves/ros2_humble/install/tinyxml_vendor:/home/waves/ros2_humble/install/qt_gui_core:/home/waves/ros2_humble/install/qt_gui_cpp:/home/waves/ros2_humble/install/pluginlib:/home/waves/ros2_humble/install/tinyxml2_vendor:/home/waves/ros2_humble/install/tf2_eigen_kdl:/home/waves/ros2_humble/install/tf2:/home/waves/ros2_humble/install/test_security:/home/waves/ros2_humble/install/test_rmw_implementation:/home/waves/ros2_humble/install/test_rclcpp:/home/waves/ros2_humble/install/test_quality_of_service:/home/waves/ros2_humble/install/test_launch_testing:/home/waves/ros2_humble/install/test_interface_files:/home/waves/ros2_humble/install/test_communication:/home/waves/ros2_humble/install/test_cli_remapping:/home/waves/ros2_humble/install/test_cli:/home/waves/ros2_humble/install/qt_gui_app:/home/waves/ros2_humble/install/qt_gui:/home/waves/ros2_humble/install/tango_icons_vendor:/home/waves/ros2_humble/install/stereo_msgs:/home/waves/ros2_humble/install/std_srvs:/home/waves/ros2_humble/install/shape_msgs:/home/waves/ros2_humble/install/map_msgs:/home/waves/ros2_humble/install/sensor_msgs:/home/waves/ros2_humble/install/nav_msgs:/home/waves/ros2_humble/install/diagnostic_msgs:/home/waves/ros2_humble/install/geometry_msgs:/home/waves/ros2_humble/install/actionlib_msgs:/home/waves/ros2_humble/install/std_msgs:/home/waves/ros2_humble/install/statistics_msgs:/home/waves/ros2_humble/install/sqlite3_vendor:/home/waves/ros2_humble/install/rcl_logging_spdlog:/home/waves/ros2_humble/install/spdlog_vendor:/home/waves/ros2_humble/install/shared_queues_vendor:/home/waves/ros2_humble/install/rviz_rendering_tests:/home/waves/ros2_humble/install/rviz_rendering:/home/waves/ros2_humble/install/rviz_ogre_vendor:/home/waves/ros2_humble/install/rviz_assimp_vendor:/home/waves/ros2_humble/install/rttest:/home/waves/ros2_humble/install/rmw_connextddsmicro:/home/waves/ros2_humble/install/rmw_connextdds:/home/waves/ros2_humble/install/rmw_connextdds_common:/home/waves/ros2_humble/install/rti_connext_dds_cmake_module:/home/waves/ros2_humble/install/rosgraph_msgs:/home/waves/ros2_humble/install/rosbag2_interfaces:/home/waves/ros2_humble/install/rmw_dds_common:/home/waves/ros2_humble/install/composition_interfaces:/home/waves/ros2_humble/install/rcl_interfaces:/home/waves/ros2_humble/install/pendulum_msgs:/home/waves/ros2_humble/install/lifecycle_msgs:/home/waves/ros2_humble/install/builtin_interfaces:/home/waves/ros2_humble/install/rosidl_default_runtime:/home/waves/ros2_humble/install/rosidl_default_generators:/home/waves/ros2_humble/install/rosidl_generator_py:/home/waves/ros2_humble/install/rosidl_typesupport_introspection_tests:/home/waves/ros2_humble/install/rosidl_typesupport_cpp:/home/waves/ros2_humble/install/rosidl_typesupport_introspection_cpp:/home/waves/ros2_humble/install/rosidl_typesupport_c:/home/waves/ros2_humble/install/rosidl_typesupport_introspection_c:/home/waves/ros2_humble/install/rosidl_typesupport_fastrtps_c:/home/waves/ros2_humble/install/rosidl_typesupport_fastrtps_cpp:/home/waves/ros2_humble/install/rosidl_generator_cpp:/home/waves/ros2_humble/install/rosidl_runtime_cpp:/home/waves/ros2_humble/install/rcl_yaml_param_parser:/home/waves/ros2_humble/install/rmw:/home/waves/ros2_humble/install/rosidl_runtime_c:/home/waves/ros2_humble/install/rosidl_generator_c:/home/waves/ros2_humble/install/rosidl_typesupport_interface:/home/waves/ros2_humble/install/rosidl_generator_dds_idl:/home/waves/ros2_humble/install/rosidl_cmake:/home/waves/ros2_humble/install/rosidl_parser:/home/waves/ros2_humble/install/rosidl_adapter:/home/waves/ros2_humble/install/rosbag2_tests:/home/waves/ros2_humble/install/ros_environment:/home/waves/ros2_humble/install/rmw_implementation_cmake:/home/waves/ros2_humble/install/resource_retriever:/home/waves/ros2_humble/install/class_loader:/home/waves/ros2_humble/install/rcpputils:/home/waves/ros2_humble/install/rcl_logging_noop:/home/waves/ros2_humble/install/rcl_logging_interface:/home/waves/ros2_humble/install/rcutils:/home/waves/ros2_humble/install/qt_gui_py_common:/home/waves/ros2_humble/install/qt_dotgraph:/home/waves/ros2_humble/install/python_qt_binding:/home/waves/ros2_humble/install/python_orocos_kdl_vendor:/home/waves/ros2_humble/install/launch_testing_ament_cmake:/home/waves/ros2_humble/install/python_cmake_module:/home/waves/ros2_humble/install/pybind11_vendor:/home/waves/ros2_humble/install/performance_test_fixture:/home/waves/ros2_humble/install/osrf_testing_tools_cpp:/home/waves/ros2_humble/install/orocos_kdl_vendor:/home/waves/ros2_humble/install/mimick_vendor:/home/waves/ros2_humble/install/libyaml_vendor:/home/waves/ros2_humble/install/libcurl_vendor:/home/waves/ros2_humble/install/keyboard_handler:/home/waves/ros2_humble/install/iceoryx_introspection:/home/waves/ros2_humble/install/cyclonedds:/home/waves/ros2_humble/install/iceoryx_posh:/home/waves/ros2_humble/install/iceoryx_hoofs:/home/waves/ros2_humble/install/iceoryx_binding_c:/home/waves/ros2_humble/install/ament_cmake_ros:/home/waves/ros2_humble/install/ament_cmake_auto:/home/waves/ros2_humble/install/ament_cmake_gmock:/home/waves/ros2_humble/install/gmock_vendor:/home/waves/ros2_humble/install/ament_cmake_gtest:/home/waves/ros2_humble/install/gtest_vendor:/home/waves/ros2_humble/install/ament_cmake_google_benchmark:/home/waves/ros2_humble/install/google_benchmark_vendor:/home/waves/ros2_humble/install/fastrtps:/home/waves/ros2_humble/install/foonathan_memory_vendor:/home/waves/ros2_humble/install/fastrtps_cmake_module:/home/waves/ros2_humble/install/fastcdr:/home/waves/ros2_humble/install/eigen3_cmake_module:/home/waves/ros2_humble/install/console_bridge_vendor:/home/waves/ros2_humble/install/ament_cmake_xmllint:/home/waves/ros2_humble/install/ament_cmake_pyflakes:/home/waves/ros2_humble/install/ament_cmake_pycodestyle:/home/waves/ros2_humble/install/ament_cmake_pep257:/home/waves/ros2_humble/install/ament_cmake_pclint:/home/waves/ros2_humble/install/ament_lint_auto:/home/waves/ros2_humble/install/ament_cmake:/home/waves/ros2_humble/install/ament_cmake_version:/home/waves/ros2_humble/install/ament_cmake_vendor_package:/home/waves/ros2_humble/install/ament_cmake_pytest:/home/waves/ros2_humble/install/ament_cmake_nose:/home/waves/ros2_humble/install/ament_cmake_mypy:/home/waves/ros2_humble/install/ament_cmake_lint_cmake:/home/waves/ros2_humble/install/ament_cmake_flake8:/home/waves/ros2_humble/install/ament_cmake_cpplint:/home/waves/ros2_humble/install/ament_cmake_cppcheck:/home/waves/ros2_humble/install/ament_cmake_copyright:/home/waves/ros2_humble/install/ament_cmake_clang_tidy:/home/waves/ros2_humble/install/ament_cmake_clang_format:/home/waves/ros2_humble/install/ament_cmake_test:/home/waves/ros2_humble/install/ament_cmake_target_dependencies:/home/waves/ros2_humble/install/ament_cmake_python:/home/waves/ros2_humble/install/ament_cmake_export_dependencies:/home/waves/ros2_humble/install/ament_cmake_libraries:/home/waves/ros2_humble/install/ament_cmake_include_directories:/home/waves/ros2_humble/install/ament_cmake_gen_version_h:/home/waves/ros2_humble/install/ament_cmake_export_targets:/home/waves/ros2_humble/install/ament_cmake_export_link_flags:/home/waves/ros2_humble/install/ament_cmake_export_interfaces:/home/waves/ros2_humble/install/ament_cmake_export_libraries:/home/waves/ros2_humble/install/ament_cmake_export_include_directories:/home/waves/ros2_humble/install/ament_cmake_export_definitions:/home/waves/ros2_humble/install/ament_cmake_core:/home/waves/ros2_humble/install/ament_index_cpp /usr/bin/cmake /home/waves/hexapod/src/hexapod_services -DCMAKE_INSTALL_PREFIX=/home/waves/hexapod/install/hexapod_services
[38.639s] DEBUG:colcon.colcon_core.event_handler.log_command:Invoked command in '/home/waves/hexapod/build/hexapod_services' returned '0': CMAKE_PREFIX_PATH=/home/waves/hexapod/install/hexapod_interfaces:/home/waves/hexapod/install/hexapod_services:/home/waves/hexapod/install/hexapod_control:/home/waves/ros2_ws/install/video_runner:/home/waves/ros2_ws/install/robotics_class:/home/waves/ros2_ws/install/my_robot_bringup:/home/waves/ros2_ws/install/my_cpp_prac:/home/waves/ros2_ws/install/my_cpp_pkg:/home/waves/ros2_ws/install/act_5:/home/waves/ros2_ws/install/my_interface:/home/waves/ros2_ws/install/buffer:/home/waves/research/install/cobots:/home/waves/ros2_sim/install/ros2_control_demos:/home/waves/ros2_sim/install/ros2_control_demo_description:/home/waves/ros2_sim/install/my_robot_sim:/home/waves/ros2_sim/install/humanoid:/home/waves/ros2_sim/install/hopper_sim:/home/waves/ros2_sim/install/hopper_description:/home/waves/hexapod/install/hexapod_communication:/home/waves/ros2_ws/install/my_py_pkg:/opt/ros/humble:/home/waves/ros2_humble/install/rqt_bag_plugins:/home/waves/ros2_humble/install/rqt_bag:/home/waves/ros2_humble/install/launch_testing_examples:/home/waves/ros2_humble/install/ros2bag:/home/waves/ros2_humble/install/tracetools_test:/home/waves/ros2_humble/install/tracetools_launch:/home/waves/ros2_humble/install/topic_monitor:/home/waves/ros2_humble/install/tf2_tools:/home/waves/ros2_humble/install/examples_tf2_py:/home/waves/ros2_humble/install/tf2_ros_py:/home/waves/ros2_humble/install/sros2:/home/waves/ros2_humble/install/rqt_topic:/home/waves/ros2_humble/install/rqt_srv:/home/waves/ros2_humble/install/rqt_shell:/home/waves/ros2_humble/install/rqt_service_caller:/home/waves/ros2_humble/install/rqt_reconfigure:/home/waves/ros2_humble/install/rqt_py_console:/home/waves/ros2_humble/install/rqt_publisher:/home/waves/ros2_humble/install/rqt_plot:/home/waves/ros2_humble/install/rqt_action:/home/waves/ros2_humble/install/rqt_msg:/home/waves/ros2_humble/install/rqt_console:/home/waves/ros2_humble/install/rqt:/home/waves/ros2_humble/install/rqt_graph:/home/waves/ros2_humble/install/rqt_gui_py:/home/waves/ros2_humble/install/rqt_gui:/home/waves/ros2_humble/install/ros2trace:/home/waves/ros2_humble/install/ros2topic:/home/waves/ros2_humble/install/ros2test:/home/waves/ros2_humble/install/ros2component:/home/waves/ros2_humble/install/ros2param:/home/waves/ros2_humble/install/ros2lifecycle:/home/waves/ros2_humble/install/ros2service:/home/waves/ros2_humble/install/ros2run:/home/waves/ros2_humble/install/ros2launch:/home/waves/ros2_humble/install/ros2pkg:/home/waves/ros2_humble/install/ros2node:/home/waves/ros2_humble/install/ros2multicast:/home/waves/ros2_humble/install/ros2interface:/home/waves/ros2_humble/install/ros2doctor:/home/waves/ros2_humble/install/ros2action:/home/waves/ros2_humble/install/ros2cli:/home/waves/ros2_humble/install/quality_of_service_demo_py:/home/waves/ros2_humble/install/lifecycle_py:/home/waves/ros2_humble/install/launch_testing_ros:/home/waves/ros2_humble/install/launch_ros:/home/waves/ros2_humble/install/examples_rclpy_pointcloud_publisher:/home/waves/ros2_humble/install/examples_rclpy_minimal_subscriber:/home/waves/ros2_humble/install/examples_rclpy_minimal_service:/home/waves/ros2_humble/install/examples_rclpy_minimal_publisher:/home/waves/ros2_humble/install/examples_rclpy_minimal_client:/home/waves/ros2_humble/install/examples_rclpy_minimal_action_server:/home/waves/ros2_humble/install/examples_rclpy_minimal_action_client:/home/waves/ros2_humble/install/examples_rclpy_guard_conditions:/home/waves/ros2_humble/install/examples_rclpy_executors:/home/waves/ros2_humble/install/demo_nodes_py:/home/waves/ros2_humble/install/camera_info_manager_py:/home/waves/ros2_humble/install/action_tutorials_py:/home/waves/ros2_humble/install/ament_uncrustify:/home/waves/ros2_humble/install/tracetools_trace:/home/waves/ros2_humble/install/tracetools_read:/home/waves/ros2_humble/install/test_tracetools_launch:/home/waves/ros2_humble/install/test_launch_ros:/home/waves/ros2_humble/install/sensor_msgs_py:/home/waves/ros2_humble/install/rpyutils:/home/waves/ros2_humble/install/rosidl_runtime_py:/home/waves/ros2_humble/install/rosidl_cli:/home/waves/ros2_humble/install/launch_pytest:/home/waves/ros2_humble/install/launch_testing:/home/waves/ros2_humble/install/launch_yaml:/home/waves/ros2_humble/install/launch_xml:/home/waves/ros2_humble/install/launch:/home/waves/ros2_humble/install/osrf_pycommon:/home/waves/ros2_humble/install/domain_coordinator:/home/waves/ros2_humble/install/ament_xmllint:/home/waves/ros2_humble/install/ament_pyflakes:/home/waves/ros2_humble/install/ament_pycodestyle:/home/waves/ros2_humble/install/ament_pep257:/home/waves/ros2_humble/install/ament_pclint:/home/waves/ros2_humble/install/ament_package:/home/waves/ros2_humble/install/ament_mypy:/home/waves/ros2_humble/install/ament_lint_cmake:/home/waves/ros2_humble/install/ament_flake8:/home/waves/ros2_humble/install/ament_copyright:/home/waves/ros2_humble/install/ament_lint:/home/waves/ros2_humble/install/ament_index_python:/home/waves/ros2_humble/install/ament_cpplint:/home/waves/ros2_humble/install/ament_cppcheck:/home/waves/ros2_humble/install/ament_clang_tidy:/home/waves/ros2_humble/install/ament_clang_format:/home/waves/ros2_sim/install/hexapod_description:/home/waves/ros2_sim/install/hexapod:/home/waves/ros2_sim/install/franka:/home/waves/ros2_humble/install/rosbag2_storage_mcap:/home/waves/ros2_humble/install/rosbag2:/home/waves/ros2_humble/install/rosbag2_compression_zstd:/home/waves/ros2_humble/install/mcap_vendor:/home/waves/ros2_humble/install/zstd_vendor:/home/waves/ros2_humble/install/rviz_visual_testing_framework:/home/waves/ros2_humble/install/rviz2:/home/waves/ros2_humble/install/rviz_default_plugins:/home/waves/ros2_humble/install/rviz_common:/home/waves/ros2_humble/install/rosbag2_py:/home/waves/ros2_humble/install/rosbag2_transport:/home/waves/ros2_humble/install/rosbag2_storage_default_plugins:/home/waves/ros2_humble/install/rosbag2_performance_benchmarking:/home/waves/ros2_humble/install/rosbag2_compression:/home/waves/ros2_humble/install/rosbag2_cpp:/home/waves/ros2_humble/install/rosbag2_storage:/home/waves/ros2_humble/install/image_common:/home/waves/ros2_humble/install/camera_info_manager:/home/waves/ros2_humble/install/camera_calibration_parsers:/home/waves/ros2_humble/install/yaml_cpp_vendor:/home/waves/ros2_humble/install/interactive_markers:/home/waves/ros2_humble/install/common_interfaces:/home/waves/ros2_humble/install/visualization_msgs:/home/waves/ros2_humble/install/dummy_robot_bringup:/home/waves/ros2_humble/install/robot_state_publisher:/home/waves/ros2_humble/install/kdl_parser:/home/waves/ros2_humble/install/urdf:/home/waves/ros2_humble/install/urdfdom:/home/waves/ros2_humble/install/urdf_parser_plugin:/home/waves/ros2_humble/install/urdfdom_headers:/home/waves/ros2_humble/install/turtlesim:/home/waves/ros2_humble/install/geometry2:/home/waves/ros2_humble/install/tf2_sensor_msgs:/home/waves/ros2_humble/install/test_tf2:/home/waves/ros2_humble/install/tf2_kdl:/home/waves/ros2_humble/install/tf2_geometry_msgs:/home/waves/ros2_humble/install/tf2_eigen:/home/waves/ros2_humble/install/tf2_bullet:/home/waves/ros2_humble/install/tf2_ros:/home/waves/ros2_humble/install/tf2_py:/home/waves/ros2_humble/install/tf2_msgs:/home/waves/ros2_humble/install/test_msgs:/home/waves/ros2_humble/install/sros2_cmake:/home/waves/ros2_humble/install/ros2cli_common_extensions:/home/waves/ros2_humble/install/rqt_py_common:/home/waves/ros2_humble/install/rosbag2_storage_mcap_testdata:/home/waves/ros2_humble/install/ros_testing:/home/waves/ros2_humble/install/ros2cli_test_interfaces:/home/waves/ros2_humble/install/quality_of_service_demo_cpp:/home/waves/ros2_humble/install/image_transport:/home/waves/ros2_humble/install/message_filters:/home/waves/ros2_humble/install/demo_nodes_cpp:/home/waves/ros2_humble/install/composition:/home/waves/ros2_humble/install/laser_geometry:/home/waves/ros2_humble/install/rclpy:/home/waves/ros2_humble/install/examples_rclcpp_minimal_action_server:/home/waves/ros2_humble/install/examples_rclcpp_minimal_action_client:/home/waves/ros2_humble/install/action_tutorials_cpp:/home/waves/ros2_humble/install/rclcpp_action:/home/waves/ros2_humble/install/rcl_action:/home/waves/ros2_humble/install/examples_rclcpp_wait_set:/home/waves/ros2_humble/install/examples_rclcpp_minimal_service:/home/waves/ros2_humble/install/examples_rclcpp_minimal_client:/home/waves/ros2_humble/install/examples_rclcpp_async_client:/home/waves/ros2_humble/install/example_interfaces:/home/waves/ros2_humble/install/action_tutorials_interfaces:/home/waves/ros2_humble/install/action_msgs:/home/waves/ros2_humble/install/unique_identifier_msgs:/home/waves/ros2_humble/install/ament_lint_common:/home/waves/ros2_humble/install/ament_cmake_uncrustify:/home/waves/ros2_humble/install/uncrustify_vendor:/home/waves/ros2_humble/install/trajectory_msgs:/home/waves/ros2_humble/install/topic_statistics_demo:/home/waves/ros2_humble/install/pendulum_control:/home/waves/ros2_humble/install/tlsf_cpp:/home/waves/ros2_humble/install/test_tracetools:/home/waves/ros2_humble/install/rqt_gui_cpp:/home/waves/ros2_humble/install/rosbag2_test_common:/home/waves/ros2_humble/install/ros2lifecycle_test_fixtures:/home/waves/ros2_humble/install/lifecycle:/home/waves/ros2_humble/install/rclcpp_lifecycle:/home/waves/ros2_humble/install/logging_demo:/home/waves/ros2_humble/install/image_tools:/home/waves/ros2_humble/install/examples_rclcpp_minimal_subscriber:/home/waves/ros2_humble/install/examples_rclcpp_minimal_composition:/home/waves/ros2_humble/install/demo_nodes_cpp_native:/home/waves/ros2_humble/install/rclcpp_components:/home/waves/ros2_humble/install/intra_process_demo:/home/waves/ros2_humble/install/examples_rclcpp_multithreaded_executor:/home/waves/ros2_humble/install/examples_rclcpp_minimal_timer:/home/waves/ros2_humble/install/examples_rclcpp_minimal_publisher:/home/waves/ros2_humble/install/examples_rclcpp_cbg_executor:/home/waves/ros2_humble/install/dummy_sensors:/home/waves/ros2_humble/install/dummy_map_server:/home/waves/ros2_humble/install/rclcpp:/home/waves/ros2_humble/install/rcl_lifecycle:/home/waves/ros2_humble/install/libstatistics_collector:/home/waves/ros2_humble/install/rcl:/home/waves/ros2_humble/install/rmw_implementation:/home/waves/ros2_humble/install/rmw_fastrtps_dynamic_cpp:/home/waves/ros2_humble/install/rmw_fastrtps_cpp:/home/waves/ros2_humble/install/rmw_fastrtps_shared_cpp:/home/waves/ros2_humble/install/rmw_cyclonedds_cpp:/home/waves/ros2_humble/install/tracetools:/home/waves/ros2_humble/install/tlsf:/home/waves/ros2_humble/install/tinyxml_vendor:/home/waves/ros2_humble/install/qt_gui_core:/home/waves/ros2_humble/install/qt_gui_cpp:/home/waves/ros2_humble/install/pluginlib:/home/waves/ros2_humble/install/tinyxml2_vendor:/home/waves/ros2_humble/install/tf2_eigen_kdl:/home/waves/ros2_humble/install/tf2:/home/waves/ros2_humble/install/test_security:/home/waves/ros2_humble/install/test_rmw_implementation:/home/waves/ros2_humble/install/test_rclcpp:/home/waves/ros2_humble/install/test_quality_of_service:/home/waves/ros2_humble/install/test_launch_testing:/home/waves/ros2_humble/install/test_interface_files:/home/waves/ros2_humble/install/test_communication:/home/waves/ros2_humble/install/test_cli_remapping:/home/waves/ros2_humble/install/test_cli:/home/waves/ros2_humble/install/qt_gui_app:/home/waves/ros2_humble/install/qt_gui:/home/waves/ros2_humble/install/tango_icons_vendor:/home/waves/ros2_humble/install/stereo_msgs:/home/waves/ros2_humble/install/std_srvs:/home/waves/ros2_humble/install/shape_msgs:/home/waves/ros2_humble/install/map_msgs:/home/waves/ros2_humble/install/sensor_msgs:/home/waves/ros2_humble/install/nav_msgs:/home/waves/ros2_humble/install/diagnostic_msgs:/home/waves/ros2_humble/install/geometry_msgs:/home/waves/ros2_humble/install/actionlib_msgs:/home/waves/ros2_humble/install/std_msgs:/home/waves/ros2_humble/install/statistics_msgs:/home/waves/ros2_humble/install/sqlite3_vendor:/home/waves/ros2_humble/install/rcl_logging_spdlog:/home/waves/ros2_humble/install/spdlog_vendor:/home/waves/ros2_humble/install/shared_queues_vendor:/home/waves/ros2_humble/install/rviz_rendering_tests:/home/waves/ros2_humble/install/rviz_rendering:/home/waves/ros2_humble/install/rviz_ogre_vendor:/home/waves/ros2_humble/install/rviz_assimp_vendor:/home/waves/ros2_humble/install/rttest:/home/waves/ros2_humble/install/rmw_connextddsmicro:/home/waves/ros2_humble/install/rmw_connextdds:/home/waves/ros2_humble/install/rmw_connextdds_common:/home/waves/ros2_humble/install/rti_connext_dds_cmake_module:/home/waves/ros2_humble/install/rosgraph_msgs:/home/waves/ros2_humble/install/rosbag2_interfaces:/home/waves/ros2_humble/install/rmw_dds_common:/home/waves/ros2_humble/install/composition_interfaces:/home/waves/ros2_humble/install/rcl_interfaces:/home/waves/ros2_humble/install/pendulum_msgs:/home/waves/ros2_humble/install/lifecycle_msgs:/home/waves/ros2_humble/install/builtin_interfaces:/home/waves/ros2_humble/install/rosidl_default_runtime:/home/waves/ros2_humble/install/rosidl_default_generators:/home/waves/ros2_humble/install/rosidl_generator_py:/home/waves/ros2_humble/install/rosidl_typesupport_introspection_tests:/home/waves/ros2_humble/install/rosidl_typesupport_cpp:/home/waves/ros2_humble/install/rosidl_typesupport_introspection_cpp:/home/waves/ros2_humble/install/rosidl_typesupport_c:/home/waves/ros2_humble/install/rosidl_typesupport_introspection_c:/home/waves/ros2_humble/install/rosidl_typesupport_fastrtps_c:/home/waves/ros2_humble/install/rosidl_typesupport_fastrtps_cpp:/home/waves/ros2_humble/install/rosidl_generator_cpp:/home/waves/ros2_humble/install/rosidl_runtime_cpp:/home/waves/ros2_humble/install/rcl_yaml_param_parser:/home/waves/ros2_humble/install/rmw:/home/waves/ros2_humble/install/rosidl_runtime_c:/home/waves/ros2_humble/install/rosidl_generator_c:/home/waves/ros2_humble/install/rosidl_typesupport_interface:/home/waves/ros2_humble/install/rosidl_generator_dds_idl:/home/waves/ros2_humble/install/rosidl_cmake:/home/waves/ros2_humble/install/rosidl_parser:/home/waves/ros2_humble/install/rosidl_adapter:/home/waves/ros2_humble/install/rosbag2_tests:/home/waves/ros2_humble/install/ros_environment:/home/waves/ros2_humble/install/rmw_implementation_cmake:/home/waves/ros2_humble/install/resource_retriever:/home/waves/ros2_humble/install/class_loader:/home/waves/ros2_humble/install/rcpputils:/home/waves/ros2_humble/install/rcl_logging_noop:/home/waves/ros2_humble/install/rcl_logging_interface:/home/waves/ros2_humble/install/rcutils:/home/waves/ros2_humble/install/qt_gui_py_common:/home/waves/ros2_humble/install/qt_dotgraph:/home/waves/ros2_humble/install/python_qt_binding:/home/waves/ros2_humble/install/python_orocos_kdl_vendor:/home/waves/ros2_humble/install/launch_testing_ament_cmake:/home/waves/ros2_humble/install/python_cmake_module:/home/waves/ros2_humble/install/pybind11_vendor:/home/waves/ros2_humble/install/performance_test_fixture:/home/waves/ros2_humble/install/osrf_testing_tools_cpp:/home/waves/ros2_humble/install/orocos_kdl_vendor:/home/waves/ros2_humble/install/mimick_vendor:/home/waves/ros2_humble/install/libyaml_vendor:/home/waves/ros2_humble/install/libcurl_vendor:/home/waves/ros2_humble/install/keyboard_handler:/home/waves/ros2_humble/install/iceoryx_introspection:/home/waves/ros2_humble/install/cyclonedds:/home/waves/ros2_humble/install/iceoryx_posh:/home/waves/ros2_humble/install/iceoryx_hoofs:/home/waves/ros2_humble/install/iceoryx_binding_c:/home/waves/ros2_humble/install/ament_cmake_ros:/home/waves/ros2_humble/install/ament_cmake_auto:/home/waves/ros2_humble/install/ament_cmake_gmock:/home/waves/ros2_humble/install/gmock_vendor:/home/waves/ros2_humble/install/ament_cmake_gtest:/home/waves/ros2_humble/install/gtest_vendor:/home/waves/ros2_humble/install/ament_cmake_google_benchmark:/home/waves/ros2_humble/install/google_benchmark_vendor:/home/waves/ros2_humble/install/fastrtps:/home/waves/ros2_humble/install/foonathan_memory_vendor:/home/waves/ros2_humble/install/fastrtps_cmake_module:/home/waves/ros2_humble/install/fastcdr:/home/waves/ros2_humble/install/eigen3_cmake_module:/home/waves/ros2_humble/install/console_bridge_vendor:/home/waves/ros2_humble/install/ament_cmake_xmllint:/home/waves/ros2_humble/install/ament_cmake_pyflakes:/home/waves/ros2_humble/install/ament_cmake_pycodestyle:/home/waves/ros2_humble/install/ament_cmake_pep257:/home/waves/ros2_humble/install/ament_cmake_pclint:/home/waves/ros2_humble/install/ament_lint_auto:/home/waves/ros2_humble/install/ament_cmake:/home/waves/ros2_humble/install/ament_cmake_version:/home/waves/ros2_humble/install/ament_cmake_vendor_package:/home/waves/ros2_humble/install/ament_cmake_pytest:/home/waves/ros2_humble/install/ament_cmake_nose:/home/waves/ros2_humble/install/ament_cmake_mypy:/home/waves/ros2_humble/install/ament_cmake_lint_cmake:/home/waves/ros2_humble/install/ament_cmake_flake8:/home/waves/ros2_humble/install/ament_cmake_cpplint:/home/waves/ros2_humble/install/ament_cmake_cppcheck:/home/waves/ros2_humble/install/ament_cmake_copyright:/home/waves/ros2_humble/install/ament_cmake_clang_tidy:/home/waves/ros2_humble/install/ament_cmake_clang_format:/home/waves/ros2_humble/install/ament_cmake_test:/home/waves/ros2_humble/install/ament_cmake_target_dependencies:/home/waves/ros2_humble/install/ament_cmake_python:/home/waves/ros2_humble/install/ament_cmake_export_dependencies:/home/waves/ros2_humble/install/ament_cmake_libraries:/home/waves/ros2_humble/install/ament_cmake_include_directories:/home/waves/ros2_humble/install/ament_cmake_gen_version_h:/home/waves/ros2_humble/install/ament_cmake_export_targets:/home/waves/ros2_humble/install/ament_cmake_export_link_flags:/home/waves/ros2_humble/install/ament_cmake_export_interfaces:/home/waves/ros2_humble/install/ament_cmake_export_libraries:/home/waves/ros2_humble/install/ament_cmake_export_include_directories:/home/waves/ros2_humble/install/ament_cmake_export_definitions:/home/waves/ros2_humble/install/ament_cmake_core:/home/waves/ros2_humble/install/ament_index_cpp /usr/bin/cmake /home/waves/hexapod/src/hexapod_services -DCMAKE_INSTALL_PREFIX=/home/waves/hexapod/install/hexapod_services
[38.640s] DEBUG:colcon.colcon_core.event_handler.log_command:Invoking command in '/home/waves/hexapod/build/hexapod_services': CMAKE_PREFIX_PATH=/home/waves/hexapod/install/hexapod_interfaces:/home/waves/hexapod/install/hexapod_services:/home/waves/hexapod/install/hexapod_control:/home/waves/ros2_ws/install/video_runner:/home/waves/ros2_ws/install/robotics_class:/home/waves/ros2_ws/install/my_robot_bringup:/home/waves/ros2_ws/install/my_cpp_prac:/home/waves/ros2_ws/install/my_cpp_pkg:/home/waves/ros2_ws/install/act_5:/home/waves/ros2_ws/install/my_interface:/home/waves/ros2_ws/install/buffer:/home/waves/research/install/cobots:/home/waves/ros2_sim/install/ros2_control_demos:/home/waves/ros2_sim/install/ros2_control_demo_description:/home/waves/ros2_sim/install/my_robot_sim:/home/waves/ros2_sim/install/humanoid:/home/waves/ros2_sim/install/hopper_sim:/home/waves/ros2_sim/install/hopper_description:/home/waves/hexapod/install/hexapod_communication:/home/waves/ros2_ws/install/my_py_pkg:/opt/ros/humble:/home/waves/ros2_humble/install/rqt_bag_plugins:/home/waves/ros2_humble/install/rqt_bag:/home/waves/ros2_humble/install/launch_testing_examples:/home/waves/ros2_humble/install/ros2bag:/home/waves/ros2_humble/install/tracetools_test:/home/waves/ros2_humble/install/tracetools_launch:/home/waves/ros2_humble/install/topic_monitor:/home/waves/ros2_humble/install/tf2_tools:/home/waves/ros2_humble/install/examples_tf2_py:/home/waves/ros2_humble/install/tf2_ros_py:/home/waves/ros2_humble/install/sros2:/home/waves/ros2_humble/install/rqt_topic:/home/waves/ros2_humble/install/rqt_srv:/home/waves/ros2_humble/install/rqt_shell:/home/waves/ros2_humble/install/rqt_service_caller:/home/waves/ros2_humble/install/rqt_reconfigure:/home/waves/ros2_humble/install/rqt_py_console:/home/waves/ros2_humble/install/rqt_publisher:/home/waves/ros2_humble/install/rqt_plot:/home/waves/ros2_humble/install/rqt_action:/home/waves/ros2_humble/install/rqt_msg:/home/waves/ros2_humble/install/rqt_console:/home/waves/ros2_humble/install/rqt:/home/waves/ros2_humble/install/rqt_graph:/home/waves/ros2_humble/install/rqt_gui_py:/home/waves/ros2_humble/install/rqt_gui:/home/waves/ros2_humble/install/ros2trace:/home/waves/ros2_humble/install/ros2topic:/home/waves/ros2_humble/install/ros2test:/home/waves/ros2_humble/install/ros2component:/home/waves/ros2_humble/install/ros2param:/home/waves/ros2_humble/install/ros2lifecycle:/home/waves/ros2_humble/install/ros2service:/home/waves/ros2_humble/install/ros2run:/home/waves/ros2_humble/install/ros2launch:/home/waves/ros2_humble/install/ros2pkg:/home/waves/ros2_humble/install/ros2node:/home/waves/ros2_humble/install/ros2multicast:/home/waves/ros2_humble/install/ros2interface:/home/waves/ros2_humble/install/ros2doctor:/home/waves/ros2_humble/install/ros2action:/home/waves/ros2_humble/install/ros2cli:/home/waves/ros2_humble/install/quality_of_service_demo_py:/home/waves/ros2_humble/install/lifecycle_py:/home/waves/ros2_humble/install/launch_testing_ros:/home/waves/ros2_humble/install/launch_ros:/home/waves/ros2_humble/install/examples_rclpy_pointcloud_publisher:/home/waves/ros2_humble/install/examples_rclpy_minimal_subscriber:/home/waves/ros2_humble/install/examples_rclpy_minimal_service:/home/waves/ros2_humble/install/examples_rclpy_minimal_publisher:/home/waves/ros2_humble/install/examples_rclpy_minimal_client:/home/waves/ros2_humble/install/examples_rclpy_minimal_action_server:/home/waves/ros2_humble/install/examples_rclpy_minimal_action_client:/home/waves/ros2_humble/install/examples_rclpy_guard_conditions:/home/waves/ros2_humble/install/examples_rclpy_executors:/home/waves/ros2_humble/install/demo_nodes_py:/home/waves/ros2_humble/install/camera_info_manager_py:/home/waves/ros2_humble/install/action_tutorials_py:/home/waves/ros2_humble/install/ament_uncrustify:/home/waves/ros2_humble/install/tracetools_trace:/home/waves/ros2_humble/install/tracetools_read:/home/waves/ros2_humble/install/test_tracetools_launch:/home/waves/ros2_humble/install/test_launch_ros:/home/waves/ros2_humble/install/sensor_msgs_py:/home/waves/ros2_humble/install/rpyutils:/home/waves/ros2_humble/install/rosidl_runtime_py:/home/waves/ros2_humble/install/rosidl_cli:/home/waves/ros2_humble/install/launch_pytest:/home/waves/ros2_humble/install/launch_testing:/home/waves/ros2_humble/install/launch_yaml:/home/waves/ros2_humble/install/launch_xml:/home/waves/ros2_humble/install/launch:/home/waves/ros2_humble/install/osrf_pycommon:/home/waves/ros2_humble/install/domain_coordinator:/home/waves/ros2_humble/install/ament_xmllint:/home/waves/ros2_humble/install/ament_pyflakes:/home/waves/ros2_humble/install/ament_pycodestyle:/home/waves/ros2_humble/install/ament_pep257:/home/waves/ros2_humble/install/ament_pclint:/home/waves/ros2_humble/install/ament_package:/home/waves/ros2_humble/install/ament_mypy:/home/waves/ros2_humble/install/ament_lint_cmake:/home/waves/ros2_humble/install/ament_flake8:/home/waves/ros2_humble/install/ament_copyright:/home/waves/ros2_humble/install/ament_lint:/home/waves/ros2_humble/install/ament_index_python:/home/waves/ros2_humble/install/ament_cpplint:/home/waves/ros2_humble/install/ament_cppcheck:/home/waves/ros2_humble/install/ament_clang_tidy:/home/waves/ros2_humble/install/ament_clang_format:/home/waves/ros2_sim/install/hexapod_description:/home/waves/ros2_sim/install/hexapod:/home/waves/ros2_sim/install/franka:/home/waves/ros2_humble/install/rosbag2_storage_mcap:/home/waves/ros2_humble/install/rosbag2:/home/waves/ros2_humble/install/rosbag2_compression_zstd:/home/waves/ros2_humble/install/mcap_vendor:/home/waves/ros2_humble/install/zstd_vendor:/home/waves/ros2_humble/install/rviz_visual_testing_framework:/home/waves/ros2_humble/install/rviz2:/home/waves/ros2_humble/install/rviz_default_plugins:/home/waves/ros2_humble/install/rviz_common:/home/waves/ros2_humble/install/rosbag2_py:/home/waves/ros2_humble/install/rosbag2_transport:/home/waves/ros2_humble/install/rosbag2_storage_default_plugins:/home/waves/ros2_humble/install/rosbag2_performance_benchmarking:/home/waves/ros2_humble/install/rosbag2_compression:/home/waves/ros2_humble/install/rosbag2_cpp:/home/waves/ros2_humble/install/rosbag2_storage:/home/waves/ros2_humble/install/image_common:/home/waves/ros2_humble/install/camera_info_manager:/home/waves/ros2_humble/install/camera_calibration_parsers:/home/waves/ros2_humble/install/yaml_cpp_vendor:/home/waves/ros2_humble/install/interactive_markers:/home/waves/ros2_humble/install/common_interfaces:/home/waves/ros2_humble/install/visualization_msgs:/home/waves/ros2_humble/install/dummy_robot_bringup:/home/waves/ros2_humble/install/robot_state_publisher:/home/waves/ros2_humble/install/kdl_parser:/home/waves/ros2_humble/install/urdf:/home/waves/ros2_humble/install/urdfdom:/home/waves/ros2_humble/install/urdf_parser_plugin:/home/waves/ros2_humble/install/urdfdom_headers:/home/waves/ros2_humble/install/turtlesim:/home/waves/ros2_humble/install/geometry2:/home/waves/ros2_humble/install/tf2_sensor_msgs:/home/waves/ros2_humble/install/test_tf2:/home/waves/ros2_humble/install/tf2_kdl:/home/waves/ros2_humble/install/tf2_geometry_msgs:/home/waves/ros2_humble/install/tf2_eigen:/home/waves/ros2_humble/install/tf2_bullet:/home/waves/ros2_humble/install/tf2_ros:/home/waves/ros2_humble/install/tf2_py:/home/waves/ros2_humble/install/tf2_msgs:/home/waves/ros2_humble/install/test_msgs:/home/waves/ros2_humble/install/sros2_cmake:/home/waves/ros2_humble/install/ros2cli_common_extensions:/home/waves/ros2_humble/install/rqt_py_common:/home/waves/ros2_humble/install/rosbag2_storage_mcap_testdata:/home/waves/ros2_humble/install/ros_testing:/home/waves/ros2_humble/install/ros2cli_test_interfaces:/home/waves/ros2_humble/install/quality_of_service_demo_cpp:/home/waves/ros2_humble/install/image_transport:/home/waves/ros2_humble/install/message_filters:/home/waves/ros2_humble/install/demo_nodes_cpp:/home/waves/ros2_humble/install/composition:/home/waves/ros2_humble/install/laser_geometry:/home/waves/ros2_humble/install/rclpy:/home/waves/ros2_humble/install/examples_rclcpp_minimal_action_server:/home/waves/ros2_humble/install/examples_rclcpp_minimal_action_client:/home/waves/ros2_humble/install/action_tutorials_cpp:/home/waves/ros2_humble/install/rclcpp_action:/home/waves/ros2_humble/install/rcl_action:/home/waves/ros2_humble/install/examples_rclcpp_wait_set:/home/waves/ros2_humble/install/examples_rclcpp_minimal_service:/home/waves/ros2_humble/install/examples_rclcpp_minimal_client:/home/waves/ros2_humble/install/examples_rclcpp_async_client:/home/waves/ros2_humble/install/example_interfaces:/home/waves/ros2_humble/install/action_tutorials_interfaces:/home/waves/ros2_humble/install/action_msgs:/home/waves/ros2_humble/install/unique_identifier_msgs:/home/waves/ros2_humble/install/ament_lint_common:/home/waves/ros2_humble/install/ament_cmake_uncrustify:/home/waves/ros2_humble/install/uncrustify_vendor:/home/waves/ros2_humble/install/trajectory_msgs:/home/waves/ros2_humble/install/topic_statistics_demo:/home/waves/ros2_humble/install/pendulum_control:/home/waves/ros2_humble/install/tlsf_cpp:/home/waves/ros2_humble/install/test_tracetools:/home/waves/ros2_humble/install/rqt_gui_cpp:/home/waves/ros2_humble/install/rosbag2_test_common:/home/waves/ros2_humble/install/ros2lifecycle_test_fixtures:/home/waves/ros2_humble/install/lifecycle:/home/waves/ros2_humble/install/rclcpp_lifecycle:/home/waves/ros2_humble/install/logging_demo:/home/waves/ros2_humble/install/image_tools:/home/waves/ros2_humble/install/examples_rclcpp_minimal_subscriber:/home/waves/ros2_humble/install/examples_rclcpp_minimal_composition:/home/waves/ros2_humble/install/demo_nodes_cpp_native:/home/waves/ros2_humble/install/rclcpp_components:/home/waves/ros2_humble/install/intra_process_demo:/home/waves/ros2_humble/install/examples_rclcpp_multithreaded_executor:/home/waves/ros2_humble/install/examples_rclcpp_minimal_timer:/home/waves/ros2_humble/install/examples_rclcpp_minimal_publisher:/home/waves/ros2_humble/install/examples_rclcpp_cbg_executor:/home/waves/ros2_humble/install/dummy_sensors:/home/waves/ros2_humble/install/dummy_map_server:/home/waves/ros2_humble/install/rclcpp:/home/waves/ros2_humble/install/rcl_lifecycle:/home/waves/ros2_humble/install/libstatistics_collector:/home/waves/ros2_humble/install/rcl:/home/waves/ros2_humble/install/rmw_implementation:/home/waves/ros2_humble/install/rmw_fastrtps_dynamic_cpp:/home/waves/ros2_humble/install/rmw_fastrtps_cpp:/home/waves/ros2_humble/install/rmw_fastrtps_shared_cpp:/home/waves/ros2_humble/install/rmw_cyclonedds_cpp:/home/waves/ros2_humble/install/tracetools:/home/waves/ros2_humble/install/tlsf:/home/waves/ros2_humble/install/tinyxml_vendor:/home/waves/ros2_humble/install/qt_gui_core:/home/waves/ros2_humble/install/qt_gui_cpp:/home/waves/ros2_humble/install/pluginlib:/home/waves/ros2_humble/install/tinyxml2_vendor:/home/waves/ros2_humble/install/tf2_eigen_kdl:/home/waves/ros2_humble/install/tf2:/home/waves/ros2_humble/install/test_security:/home/waves/ros2_humble/install/test_rmw_implementation:/home/waves/ros2_humble/install/test_rclcpp:/home/waves/ros2_humble/install/test_quality_of_service:/home/waves/ros2_humble/install/test_launch_testing:/home/waves/ros2_humble/install/test_interface_files:/home/waves/ros2_humble/install/test_communication:/home/waves/ros2_humble/install/test_cli_remapping:/home/waves/ros2_humble/install/test_cli:/home/waves/ros2_humble/install/qt_gui_app:/home/waves/ros2_humble/install/qt_gui:/home/waves/ros2_humble/install/tango_icons_vendor:/home/waves/ros2_humble/install/stereo_msgs:/home/waves/ros2_humble/install/std_srvs:/home/waves/ros2_humble/install/shape_msgs:/home/waves/ros2_humble/install/map_msgs:/home/waves/ros2_humble/install/sensor_msgs:/home/waves/ros2_humble/install/nav_msgs:/home/waves/ros2_humble/install/diagnostic_msgs:/home/waves/ros2_humble/install/geometry_msgs:/home/waves/ros2_humble/install/actionlib_msgs:/home/waves/ros2_humble/install/std_msgs:/home/waves/ros2_humble/install/statistics_msgs:/home/waves/ros2_humble/install/sqlite3_vendor:/home/waves/ros2_humble/install/rcl_logging_spdlog:/home/waves/ros2_humble/install/spdlog_vendor:/home/waves/ros2_humble/install/shared_queues_vendor:/home/waves/ros2_humble/install/rviz_rendering_tests:/home/waves/ros2_humble/install/rviz_rendering:/home/waves/ros2_humble/install/rviz_ogre_vendor:/home/waves/ros2_humble/install/rviz_assimp_vendor:/home/waves/ros2_humble/install/rttest:/home/waves/ros2_humble/install/rmw_connextddsmicro:/home/waves/ros2_humble/install/rmw_connextdds:/home/waves/ros2_humble/install/rmw_connextdds_common:/home/waves/ros2_humble/install/rti_connext_dds_cmake_module:/home/waves/ros2_humble/install/rosgraph_msgs:/home/waves/ros2_humble/install/rosbag2_interfaces:/home/waves/ros2_humble/install/rmw_dds_common:/home/waves/ros2_humble/install/composition_interfaces:/home/waves/ros2_humble/install/rcl_interfaces:/home/waves/ros2_humble/install/pendulum_msgs:/home/waves/ros2_humble/install/lifecycle_msgs:/home/waves/ros2_humble/install/builtin_interfaces:/home/waves/ros2_humble/install/rosidl_default_runtime:/home/waves/ros2_humble/install/rosidl_default_generators:/home/waves/ros2_humble/install/rosidl_generator_py:/home/waves/ros2_humble/install/rosidl_typesupport_introspection_tests:/home/waves/ros2_humble/install/rosidl_typesupport_cpp:/home/waves/ros2_humble/install/rosidl_typesupport_introspection_cpp:/home/waves/ros2_humble/install/rosidl_typesupport_c:/home/waves/ros2_humble/install/rosidl_typesupport_introspection_c:/home/waves/ros2_humble/install/rosidl_typesupport_fastrtps_c:/home/waves/ros2_humble/install/rosidl_typesupport_fastrtps_cpp:/home/waves/ros2_humble/install/rosidl_generator_cpp:/home/waves/ros2_humble/install/rosidl_runtime_cpp:/home/waves/ros2_humble/install/rcl_yaml_param_parser:/home/waves/ros2_humble/install/rmw:/home/waves/ros2_humble/install/rosidl_runtime_c:/home/waves/ros2_humble/install/rosidl_generator_c:/home/waves/ros2_humble/install/rosidl_typesupport_interface:/home/waves/ros2_humble/install/rosidl_generator_dds_idl:/home/waves/ros2_humble/install/rosidl_cmake:/home/waves/ros2_humble/install/rosidl_parser:/home/waves/ros2_humble/install/rosidl_adapter:/home/waves/ros2_humble/install/rosbag2_tests:/home/waves/ros2_humble/install/ros_environment:/home/waves/ros2_humble/install/rmw_implementation_cmake:/home/waves/ros2_humble/install/resource_retriever:/home/waves/ros2_humble/install/class_loader:/home/waves/ros2_humble/install/rcpputils:/home/waves/ros2_humble/install/rcl_logging_noop:/home/waves/ros2_humble/install/rcl_logging_interface:/home/waves/ros2_humble/install/rcutils:/home/waves/ros2_humble/install/qt_gui_py_common:/home/waves/ros2_humble/install/qt_dotgraph:/home/waves/ros2_humble/install/python_qt_binding:/home/waves/ros2_humble/install/python_orocos_kdl_vendor:/home/waves/ros2_humble/install/launch_testing_ament_cmake:/home/waves/ros2_humble/install/python_cmake_module:/home/waves/ros2_humble/install/pybind11_vendor:/home/waves/ros2_humble/install/performance_test_fixture:/home/waves/ros2_humble/install/osrf_testing_tools_cpp:/home/waves/ros2_humble/install/orocos_kdl_vendor:/home/waves/ros2_humble/install/mimick_vendor:/home/waves/ros2_humble/install/libyaml_vendor:/home/waves/ros2_humble/install/libcurl_vendor:/home/waves/ros2_humble/install/keyboard_handler:/home/waves/ros2_humble/install/iceoryx_introspection:/home/waves/ros2_humble/install/cyclonedds:/home/waves/ros2_humble/install/iceoryx_posh:/home/waves/ros2_humble/install/iceoryx_hoofs:/home/waves/ros2_humble/install/iceoryx_binding_c:/home/waves/ros2_humble/install/ament_cmake_ros:/home/waves/ros2_humble/install/ament_cmake_auto:/home/waves/ros2_humble/install/ament_cmake_gmock:/home/waves/ros2_humble/install/gmock_vendor:/home/waves/ros2_humble/install/ament_cmake_gtest:/home/waves/ros2_humble/install/gtest_vendor:/home/waves/ros2_humble/install/ament_cmake_google_benchmark:/home/waves/ros2_humble/install/google_benchmark_vendor:/home/waves/ros2_humble/install/fastrtps:/home/waves/ros2_humble/install/foonathan_memory_vendor:/home/waves/ros2_humble/install/fastrtps_cmake_module:/home/waves/ros2_humble/install/fastcdr:/home/waves/ros2_humble/install/eigen3_cmake_module:/home/waves/ros2_humble/install/console_bridge_vendor:/home/waves/ros2_humble/install/ament_cmake_xmllint:/home/waves/ros2_humble/install/ament_cmake_pyflakes:/home/waves/ros2_humble/install/ament_cmake_pycodestyle:/home/waves/ros2_humble/install/ament_cmake_pep257:/home/waves/ros2_humble/install/ament_cmake_pclint:/home/waves/ros2_humble/install/ament_lint_auto:/home/waves/ros2_humble/install/ament_cmake:/home/waves/ros2_humble/install/ament_cmake_version:/home/waves/ros2_humble/install/ament_cmake_vendor_package:/home/waves/ros2_humble/install/ament_cmake_pytest:/home/waves/ros2_humble/install/ament_cmake_nose:/home/waves/ros2_humble/install/ament_cmake_mypy:/home/waves/ros2_humble/install/ament_cmake_lint_cmake:/home/waves/ros2_humble/install/ament_cmake_flake8:/home/waves/ros2_humble/install/ament_cmake_cpplint:/home/waves/ros2_humble/install/ament_cmake_cppcheck:/home/waves/ros2_humble/install/ament_cmake_copyright:/home/waves/ros2_humble/install/ament_cmake_clang_tidy:/home/waves/ros2_humble/install/ament_cmake_clang_format:/home/waves/ros2_humble/install/ament_cmake_test:/home/waves/ros2_humble/install/ament_cmake_target_dependencies:/home/waves/ros2_humble/install/ament_cmake_python:/home/waves/ros2_humble/install/ament_cmake_export_dependencies:/home/waves/ros2_humble/install/ament_cmake_libraries:/home/waves/ros2_humble/install/ament_cmake_include_directories:/home/waves/ros2_humble/install/ament_cmake_gen_version_h:/home/waves/ros2_humble/install/ament_cmake_export_targets:/home/waves/ros2_humble/install/ament_cmake_export_link_flags:/home/waves/ros2_humble/install/ament_cmake_export_interfaces:/home/waves/ros2_humble/install/ament_cmake_export_libraries:/home/waves/ros2_humble/install/ament_cmake_export_include_directories:/home/waves/ros2_humble/install/ament_cmake_export_definitions:/home/waves/ros2_humble/install/ament_cmake_core:/home/waves/ros2_humble/install/ament_index_cpp /usr/bin/cmake --build /home/waves/hexapod/build/hexapod_services -- -j4 -l4
[38.664s] DEBUG:colcon.colcon_core.event_handler.log_command:Invoked command in '/home/waves/hexapod/build/hexapod_control' returned '0': CMAKE_PREFIX_PATH=/home/waves/hexapod/install/hexapod_interfaces:/home/waves/hexapod/install/hexapod_services:/home/waves/hexapod/install/hexapod_control:/home/waves/ros2_ws/install/video_runner:/home/waves/ros2_ws/install/robotics_class:/home/waves/ros2_ws/install/my_robot_bringup:/home/waves/ros2_ws/install/my_cpp_prac:/home/waves/ros2_ws/install/my_cpp_pkg:/home/waves/ros2_ws/install/act_5:/home/waves/ros2_ws/install/my_interface:/home/waves/ros2_ws/install/buffer:/home/waves/research/install/cobots:/home/waves/ros2_sim/install/ros2_control_demos:/home/waves/ros2_sim/install/ros2_control_demo_description:/home/waves/ros2_sim/install/my_robot_sim:/home/waves/ros2_sim/install/humanoid:/home/waves/ros2_sim/install/hopper_sim:/home/waves/ros2_sim/install/hopper_description:/home/waves/hexapod/install/hexapod_communication:/home/waves/ros2_ws/install/my_py_pkg:/opt/ros/humble:/home/waves/ros2_humble/install/rqt_bag_plugins:/home/waves/ros2_humble/install/rqt_bag:/home/waves/ros2_humble/install/launch_testing_examples:/home/waves/ros2_humble/install/ros2bag:/home/waves/ros2_humble/install/tracetools_test:/home/waves/ros2_humble/install/tracetools_launch:/home/waves/ros2_humble/install/topic_monitor:/home/waves/ros2_humble/install/tf2_tools:/home/waves/ros2_humble/install/examples_tf2_py:/home/waves/ros2_humble/install/tf2_ros_py:/home/waves/ros2_humble/install/sros2:/home/waves/ros2_humble/install/rqt_topic:/home/waves/ros2_humble/install/rqt_srv:/home/waves/ros2_humble/install/rqt_shell:/home/waves/ros2_humble/install/rqt_service_caller:/home/waves/ros2_humble/install/rqt_reconfigure:/home/waves/ros2_humble/install/rqt_py_console:/home/waves/ros2_humble/install/rqt_publisher:/home/waves/ros2_humble/install/rqt_plot:/home/waves/ros2_humble/install/rqt_action:/home/waves/ros2_humble/install/rqt_msg:/home/waves/ros2_humble/install/rqt_console:/home/waves/ros2_humble/install/rqt:/home/waves/ros2_humble/install/rqt_graph:/home/waves/ros2_humble/install/rqt_gui_py:/home/waves/ros2_humble/install/rqt_gui:/home/waves/ros2_humble/install/ros2trace:/home/waves/ros2_humble/install/ros2topic:/home/waves/ros2_humble/install/ros2test:/home/waves/ros2_humble/install/ros2component:/home/waves/ros2_humble/install/ros2param:/home/waves/ros2_humble/install/ros2lifecycle:/home/waves/ros2_humble/install/ros2service:/home/waves/ros2_humble/install/ros2run:/home/waves/ros2_humble/install/ros2launch:/home/waves/ros2_humble/install/ros2pkg:/home/waves/ros2_humble/install/ros2node:/home/waves/ros2_humble/install/ros2multicast:/home/waves/ros2_humble/install/ros2interface:/home/waves/ros2_humble/install/ros2doctor:/home/waves/ros2_humble/install/ros2action:/home/waves/ros2_humble/install/ros2cli:/home/waves/ros2_humble/install/quality_of_service_demo_py:/home/waves/ros2_humble/install/lifecycle_py:/home/waves/ros2_humble/install/launch_testing_ros:/home/waves/ros2_humble/install/launch_ros:/home/waves/ros2_humble/install/examples_rclpy_pointcloud_publisher:/home/waves/ros2_humble/install/examples_rclpy_minimal_subscriber:/home/waves/ros2_humble/install/examples_rclpy_minimal_service:/home/waves/ros2_humble/install/examples_rclpy_minimal_publisher:/home/waves/ros2_humble/install/examples_rclpy_minimal_client:/home/waves/ros2_humble/install/examples_rclpy_minimal_action_server:/home/waves/ros2_humble/install/examples_rclpy_minimal_action_client:/home/waves/ros2_humble/install/examples_rclpy_guard_conditions:/home/waves/ros2_humble/install/examples_rclpy_executors:/home/waves/ros2_humble/install/demo_nodes_py:/home/waves/ros2_humble/install/camera_info_manager_py:/home/waves/ros2_humble/install/action_tutorials_py:/home/waves/ros2_humble/install/ament_uncrustify:/home/waves/ros2_humble/install/tracetools_trace:/home/waves/ros2_humble/install/tracetools_read:/home/waves/ros2_humble/install/test_tracetools_launch:/home/waves/ros2_humble/install/test_launch_ros:/home/waves/ros2_humble/install/sensor_msgs_py:/home/waves/ros2_humble/install/rpyutils:/home/waves/ros2_humble/install/rosidl_runtime_py:/home/waves/ros2_humble/install/rosidl_cli:/home/waves/ros2_humble/install/launch_pytest:/home/waves/ros2_humble/install/launch_testing:/home/waves/ros2_humble/install/launch_yaml:/home/waves/ros2_humble/install/launch_xml:/home/waves/ros2_humble/install/launch:/home/waves/ros2_humble/install/osrf_pycommon:/home/waves/ros2_humble/install/domain_coordinator:/home/waves/ros2_humble/install/ament_xmllint:/home/waves/ros2_humble/install/ament_pyflakes:/home/waves/ros2_humble/install/ament_pycodestyle:/home/waves/ros2_humble/install/ament_pep257:/home/waves/ros2_humble/install/ament_pclint:/home/waves/ros2_humble/install/ament_package:/home/waves/ros2_humble/install/ament_mypy:/home/waves/ros2_humble/install/ament_lint_cmake:/home/waves/ros2_humble/install/ament_flake8:/home/waves/ros2_humble/install/ament_copyright:/home/waves/ros2_humble/install/ament_lint:/home/waves/ros2_humble/install/ament_index_python:/home/waves/ros2_humble/install/ament_cpplint:/home/waves/ros2_humble/install/ament_cppcheck:/home/waves/ros2_humble/install/ament_clang_tidy:/home/waves/ros2_humble/install/ament_clang_format:/home/waves/ros2_sim/install/hexapod_description:/home/waves/ros2_sim/install/hexapod:/home/waves/ros2_sim/install/franka:/home/waves/ros2_humble/install/rosbag2_storage_mcap:/home/waves/ros2_humble/install/rosbag2:/home/waves/ros2_humble/install/rosbag2_compression_zstd:/home/waves/ros2_humble/install/mcap_vendor:/home/waves/ros2_humble/install/zstd_vendor:/home/waves/ros2_humble/install/rviz_visual_testing_framework:/home/waves/ros2_humble/install/rviz2:/home/waves/ros2_humble/install/rviz_default_plugins:/home/waves/ros2_humble/install/rviz_common:/home/waves/ros2_humble/install/rosbag2_py:/home/waves/ros2_humble/install/rosbag2_transport:/home/waves/ros2_humble/install/rosbag2_storage_default_plugins:/home/waves/ros2_humble/install/rosbag2_performance_benchmarking:/home/waves/ros2_humble/install/rosbag2_compression:/home/waves/ros2_humble/install/rosbag2_cpp:/home/waves/ros2_humble/install/rosbag2_storage:/home/waves/ros2_humble/install/image_common:/home/waves/ros2_humble/install/camera_info_manager:/home/waves/ros2_humble/install/camera_calibration_parsers:/home/waves/ros2_humble/install/yaml_cpp_vendor:/home/waves/ros2_humble/install/interactive_markers:/home/waves/ros2_humble/install/common_interfaces:/home/waves/ros2_humble/install/visualization_msgs:/home/waves/ros2_humble/install/dummy_robot_bringup:/home/waves/ros2_humble/install/robot_state_publisher:/home/waves/ros2_humble/install/kdl_parser:/home/waves/ros2_humble/install/urdf:/home/waves/ros2_humble/install/urdfdom:/home/waves/ros2_humble/install/urdf_parser_plugin:/home/waves/ros2_humble/install/urdfdom_headers:/home/waves/ros2_humble/install/turtlesim:/home/waves/ros2_humble/install/geometry2:/home/waves/ros2_humble/install/tf2_sensor_msgs:/home/waves/ros2_humble/install/test_tf2:/home/waves/ros2_humble/install/tf2_kdl:/home/waves/ros2_humble/install/tf2_geometry_msgs:/home/waves/ros2_humble/install/tf2_eigen:/home/waves/ros2_humble/install/tf2_bullet:/home/waves/ros2_humble/install/tf2_ros:/home/waves/ros2_humble/install/tf2_py:/home/waves/ros2_humble/install/tf2_msgs:/home/waves/ros2_humble/install/test_msgs:/home/waves/ros2_humble/install/sros2_cmake:/home/waves/ros2_humble/install/ros2cli_common_extensions:/home/waves/ros2_humble/install/rqt_py_common:/home/waves/ros2_humble/install/rosbag2_storage_mcap_testdata:/home/waves/ros2_humble/install/ros_testing:/home/waves/ros2_humble/install/ros2cli_test_interfaces:/home/waves/ros2_humble/install/quality_of_service_demo_cpp:/home/waves/ros2_humble/install/image_transport:/home/waves/ros2_humble/install/message_filters:/home/waves/ros2_humble/install/demo_nodes_cpp:/home/waves/ros2_humble/install/composition:/home/waves/ros2_humble/install/laser_geometry:/home/waves/ros2_humble/install/rclpy:/home/waves/ros2_humble/install/examples_rclcpp_minimal_action_server:/home/waves/ros2_humble/install/examples_rclcpp_minimal_action_client:/home/waves/ros2_humble/install/action_tutorials_cpp:/home/waves/ros2_humble/install/rclcpp_action:/home/waves/ros2_humble/install/rcl_action:/home/waves/ros2_humble/install/examples_rclcpp_wait_set:/home/waves/ros2_humble/install/examples_rclcpp_minimal_service:/home/waves/ros2_humble/install/examples_rclcpp_minimal_client:/home/waves/ros2_humble/install/examples_rclcpp_async_client:/home/waves/ros2_humble/install/example_interfaces:/home/waves/ros2_humble/install/action_tutorials_interfaces:/home/waves/ros2_humble/install/action_msgs:/home/waves/ros2_humble/install/unique_identifier_msgs:/home/waves/ros2_humble/install/ament_lint_common:/home/waves/ros2_humble/install/ament_cmake_uncrustify:/home/waves/ros2_humble/install/uncrustify_vendor:/home/waves/ros2_humble/install/trajectory_msgs:/home/waves/ros2_humble/install/topic_statistics_demo:/home/waves/ros2_humble/install/pendulum_control:/home/waves/ros2_humble/install/tlsf_cpp:/home/waves/ros2_humble/install/test_tracetools:/home/waves/ros2_humble/install/rqt_gui_cpp:/home/waves/ros2_humble/install/rosbag2_test_common:/home/waves/ros2_humble/install/ros2lifecycle_test_fixtures:/home/waves/ros2_humble/install/lifecycle:/home/waves/ros2_humble/install/rclcpp_lifecycle:/home/waves/ros2_humble/install/logging_demo:/home/waves/ros2_humble/install/image_tools:/home/waves/ros2_humble/install/examples_rclcpp_minimal_subscriber:/home/waves/ros2_humble/install/examples_rclcpp_minimal_composition:/home/waves/ros2_humble/install/demo_nodes_cpp_native:/home/waves/ros2_humble/install/rclcpp_components:/home/waves/ros2_humble/install/intra_process_demo:/home/waves/ros2_humble/install/examples_rclcpp_multithreaded_executor:/home/waves/ros2_humble/install/examples_rclcpp_minimal_timer:/home/waves/ros2_humble/install/examples_rclcpp_minimal_publisher:/home/waves/ros2_humble/install/examples_rclcpp_cbg_executor:/home/waves/ros2_humble/install/dummy_sensors:/home/waves/ros2_humble/install/dummy_map_server:/home/waves/ros2_humble/install/rclcpp:/home/waves/ros2_humble/install/rcl_lifecycle:/home/waves/ros2_humble/install/libstatistics_collector:/home/waves/ros2_humble/install/rcl:/home/waves/ros2_humble/install/rmw_implementation:/home/waves/ros2_humble/install/rmw_fastrtps_dynamic_cpp:/home/waves/ros2_humble/install/rmw_fastrtps_cpp:/home/waves/ros2_humble/install/rmw_fastrtps_shared_cpp:/home/waves/ros2_humble/install/rmw_cyclonedds_cpp:/home/waves/ros2_humble/install/tracetools:/home/waves/ros2_humble/install/tlsf:/home/waves/ros2_humble/install/tinyxml_vendor:/home/waves/ros2_humble/install/qt_gui_core:/home/waves/ros2_humble/install/qt_gui_cpp:/home/waves/ros2_humble/install/pluginlib:/home/waves/ros2_humble/install/tinyxml2_vendor:/home/waves/ros2_humble/install/tf2_eigen_kdl:/home/waves/ros2_humble/install/tf2:/home/waves/ros2_humble/install/test_security:/home/waves/ros2_humble/install/test_rmw_implementation:/home/waves/ros2_humble/install/test_rclcpp:/home/waves/ros2_humble/install/test_quality_of_service:/home/waves/ros2_humble/install/test_launch_testing:/home/waves/ros2_humble/install/test_interface_files:/home/waves/ros2_humble/install/test_communication:/home/waves/ros2_humble/install/test_cli_remapping:/home/waves/ros2_humble/install/test_cli:/home/waves/ros2_humble/install/qt_gui_app:/home/waves/ros2_humble/install/qt_gui:/home/waves/ros2_humble/install/tango_icons_vendor:/home/waves/ros2_humble/install/stereo_msgs:/home/waves/ros2_humble/install/std_srvs:/home/waves/ros2_humble/install/shape_msgs:/home/waves/ros2_humble/install/map_msgs:/home/waves/ros2_humble/install/sensor_msgs:/home/waves/ros2_humble/install/nav_msgs:/home/waves/ros2_humble/install/diagnostic_msgs:/home/waves/ros2_humble/install/geometry_msgs:/home/waves/ros2_humble/install/actionlib_msgs:/home/waves/ros2_humble/install/std_msgs:/home/waves/ros2_humble/install/statistics_msgs:/home/waves/ros2_humble/install/sqlite3_vendor:/home/waves/ros2_humble/install/rcl_logging_spdlog:/home/waves/ros2_humble/install/spdlog_vendor:/home/waves/ros2_humble/install/shared_queues_vendor:/home/waves/ros2_humble/install/rviz_rendering_tests:/home/waves/ros2_humble/install/rviz_rendering:/home/waves/ros2_humble/install/rviz_ogre_vendor:/home/waves/ros2_humble/install/rviz_assimp_vendor:/home/waves/ros2_humble/install/rttest:/home/waves/ros2_humble/install/rmw_connextddsmicro:/home/waves/ros2_humble/install/rmw_connextdds:/home/waves/ros2_humble/install/rmw_connextdds_common:/home/waves/ros2_humble/install/rti_connext_dds_cmake_module:/home/waves/ros2_humble/install/rosgraph_msgs:/home/waves/ros2_humble/install/rosbag2_interfaces:/home/waves/ros2_humble/install/rmw_dds_common:/home/waves/ros2_humble/install/composition_interfaces:/home/waves/ros2_humble/install/rcl_interfaces:/home/waves/ros2_humble/install/pendulum_msgs:/home/waves/ros2_humble/install/lifecycle_msgs:/home/waves/ros2_humble/install/builtin_interfaces:/home/waves/ros2_humble/install/rosidl_default_runtime:/home/waves/ros2_humble/install/rosidl_default_generators:/home/waves/ros2_humble/install/rosidl_generator_py:/home/waves/ros2_humble/install/rosidl_typesupport_introspection_tests:/home/waves/ros2_humble/install/rosidl_typesupport_cpp:/home/waves/ros2_humble/install/rosidl_typesupport_introspection_cpp:/home/waves/ros2_humble/install/rosidl_typesupport_c:/home/waves/ros2_humble/install/rosidl_typesupport_introspection_c:/home/waves/ros2_humble/install/rosidl_typesupport_fastrtps_c:/home/waves/ros2_humble/install/rosidl_typesupport_fastrtps_cpp:/home/waves/ros2_humble/install/rosidl_generator_cpp:/home/waves/ros2_humble/install/rosidl_runtime_cpp:/home/waves/ros2_humble/install/rcl_yaml_param_parser:/home/waves/ros2_humble/install/rmw:/home/waves/ros2_humble/install/rosidl_runtime_c:/home/waves/ros2_humble/install/rosidl_generator_c:/home/waves/ros2_humble/install/rosidl_typesupport_interface:/home/waves/ros2_humble/install/rosidl_generator_dds_idl:/home/waves/ros2_humble/install/rosidl_cmake:/home/waves/ros2_humble/install/rosidl_parser:/home/waves/ros2_humble/install/rosidl_adapter:/home/waves/ros2_humble/install/rosbag2_tests:/home/waves/ros2_humble/install/ros_environment:/home/waves/ros2_humble/install/rmw_implementation_cmake:/home/waves/ros2_humble/install/resource_retriever:/home/waves/ros2_humble/install/class_loader:/home/waves/ros2_humble/install/rcpputils:/home/waves/ros2_humble/install/rcl_logging_noop:/home/waves/ros2_humble/install/rcl_logging_interface:/home/waves/ros2_humble/install/rcutils:/home/waves/ros2_humble/install/qt_gui_py_common:/home/waves/ros2_humble/install/qt_dotgraph:/home/waves/ros2_humble/install/python_qt_binding:/home/waves/ros2_humble/install/python_orocos_kdl_vendor:/home/waves/ros2_humble/install/launch_testing_ament_cmake:/home/waves/ros2_humble/install/python_cmake_module:/home/waves/ros2_humble/install/pybind11_vendor:/home/waves/ros2_humble/install/performance_test_fixture:/home/waves/ros2_humble/install/osrf_testing_tools_cpp:/home/waves/ros2_humble/install/orocos_kdl_vendor:/home/waves/ros2_humble/install/mimick_vendor:/home/waves/ros2_humble/install/libyaml_vendor:/home/waves/ros2_humble/install/libcurl_vendor:/home/waves/ros2_humble/install/keyboard_handler:/home/waves/ros2_humble/install/iceoryx_introspection:/home/waves/ros2_humble/install/cyclonedds:/home/waves/ros2_humble/install/iceoryx_posh:/home/waves/ros2_humble/install/iceoryx_hoofs:/home/waves/ros2_humble/install/iceoryx_binding_c:/home/waves/ros2_humble/install/ament_cmake_ros:/home/waves/ros2_humble/install/ament_cmake_auto:/home/waves/ros2_humble/install/ament_cmake_gmock:/home/waves/ros2_humble/install/gmock_vendor:/home/waves/ros2_humble/install/ament_cmake_gtest:/home/waves/ros2_humble/install/gtest_vendor:/home/waves/ros2_humble/install/ament_cmake_google_benchmark:/home/waves/ros2_humble/install/google_benchmark_vendor:/home/waves/ros2_humble/install/fastrtps:/home/waves/ros2_humble/install/foonathan_memory_vendor:/home/waves/ros2_humble/install/fastrtps_cmake_module:/home/waves/ros2_humble/install/fastcdr:/home/waves/ros2_humble/install/eigen3_cmake_module:/home/waves/ros2_humble/install/console_bridge_vendor:/home/waves/ros2_humble/install/ament_cmake_xmllint:/home/waves/ros2_humble/install/ament_cmake_pyflakes:/home/waves/ros2_humble/install/ament_cmake_pycodestyle:/home/waves/ros2_humble/install/ament_cmake_pep257:/home/waves/ros2_humble/install/ament_cmake_pclint:/home/waves/ros2_humble/install/ament_lint_auto:/home/waves/ros2_humble/install/ament_cmake:/home/waves/ros2_humble/install/ament_cmake_version:/home/waves/ros2_humble/install/ament_cmake_vendor_package:/home/waves/ros2_humble/install/ament_cmake_pytest:/home/waves/ros2_humble/install/ament_cmake_nose:/home/waves/ros2_humble/install/ament_cmake_mypy:/home/waves/ros2_humble/install/ament_cmake_lint_cmake:/home/waves/ros2_humble/install/ament_cmake_flake8:/home/waves/ros2_humble/install/ament_cmake_cpplint:/home/waves/ros2_humble/install/ament_cmake_cppcheck:/home/waves/ros2_humble/install/ament_cmake_copyright:/home/waves/ros2_humble/install/ament_cmake_clang_tidy:/home/waves/ros2_humble/install/ament_cmake_clang_format:/home/waves/ros2_humble/install/ament_cmake_test:/home/waves/ros2_humble/install/ament_cmake_target_dependencies:/home/waves/ros2_humble/install/ament_cmake_python:/home/waves/ros2_humble/install/ament_cmake_export_dependencies:/home/waves/ros2_humble/install/ament_cmake_libraries:/home/waves/ros2_humble/install/ament_cmake_include_directories:/home/waves/ros2_humble/install/ament_cmake_gen_version_h:/home/waves/ros2_humble/install/ament_cmake_export_targets:/home/waves/ros2_humble/install/ament_cmake_export_link_flags:/home/waves/ros2_humble/install/ament_cmake_export_interfaces:/home/waves/ros2_humble/install/ament_cmake_export_libraries:/home/waves/ros2_humble/install/ament_cmake_export_include_directories:/home/waves/ros2_humble/install/ament_cmake_export_definitions:/home/waves/ros2_humble/install/ament_cmake_core:/home/waves/ros2_humble/install/ament_index_cpp /usr/bin/cmake /home/waves/hexapod/src/hexapod_control -DCMAKE_INSTALL_PREFIX=/home/waves/hexapod/install/hexapod_control
[38.671s] DEBUG:colcon.colcon_core.event_handler.log_command:Invoking command in '/home/waves/hexapod/build/hexapod_control': CMAKE_PREFIX_PATH=/home/waves/hexapod/install/hexapod_interfaces:/home/waves/hexapod/install/hexapod_services:/home/waves/hexapod/install/hexapod_control:/home/waves/ros2_ws/install/video_runner:/home/waves/ros2_ws/install/robotics_class:/home/waves/ros2_ws/install/my_robot_bringup:/home/waves/ros2_ws/install/my_cpp_prac:/home/waves/ros2_ws/install/my_cpp_pkg:/home/waves/ros2_ws/install/act_5:/home/waves/ros2_ws/install/my_interface:/home/waves/ros2_ws/install/buffer:/home/waves/research/install/cobots:/home/waves/ros2_sim/install/ros2_control_demos:/home/waves/ros2_sim/install/ros2_control_demo_description:/home/waves/ros2_sim/install/my_robot_sim:/home/waves/ros2_sim/install/humanoid:/home/waves/ros2_sim/install/hopper_sim:/home/waves/ros2_sim/install/hopper_description:/home/waves/hexapod/install/hexapod_communication:/home/waves/ros2_ws/install/my_py_pkg:/opt/ros/humble:/home/waves/ros2_humble/install/rqt_bag_plugins:/home/waves/ros2_humble/install/rqt_bag:/home/waves/ros2_humble/install/launch_testing_examples:/home/waves/ros2_humble/install/ros2bag:/home/waves/ros2_humble/install/tracetools_test:/home/waves/ros2_humble/install/tracetools_launch:/home/waves/ros2_humble/install/topic_monitor:/home/waves/ros2_humble/install/tf2_tools:/home/waves/ros2_humble/install/examples_tf2_py:/home/waves/ros2_humble/install/tf2_ros_py:/home/waves/ros2_humble/install/sros2:/home/waves/ros2_humble/install/rqt_topic:/home/waves/ros2_humble/install/rqt_srv:/home/waves/ros2_humble/install/rqt_shell:/home/waves/ros2_humble/install/rqt_service_caller:/home/waves/ros2_humble/install/rqt_reconfigure:/home/waves/ros2_humble/install/rqt_py_console:/home/waves/ros2_humble/install/rqt_publisher:/home/waves/ros2_humble/install/rqt_plot:/home/waves/ros2_humble/install/rqt_action:/home/waves/ros2_humble/install/rqt_msg:/home/waves/ros2_humble/install/rqt_console:/home/waves/ros2_humble/install/rqt:/home/waves/ros2_humble/install/rqt_graph:/home/waves/ros2_humble/install/rqt_gui_py:/home/waves/ros2_humble/install/rqt_gui:/home/waves/ros2_humble/install/ros2trace:/home/waves/ros2_humble/install/ros2topic:/home/waves/ros2_humble/install/ros2test:/home/waves/ros2_humble/install/ros2component:/home/waves/ros2_humble/install/ros2param:/home/waves/ros2_humble/install/ros2lifecycle:/home/waves/ros2_humble/install/ros2service:/home/waves/ros2_humble/install/ros2run:/home/waves/ros2_humble/install/ros2launch:/home/waves/ros2_humble/install/ros2pkg:/home/waves/ros2_humble/install/ros2node:/home/waves/ros2_humble/install/ros2multicast:/home/waves/ros2_humble/install/ros2interface:/home/waves/ros2_humble/install/ros2doctor:/home/waves/ros2_humble/install/ros2action:/home/waves/ros2_humble/install/ros2cli:/home/waves/ros2_humble/install/quality_of_service_demo_py:/home/waves/ros2_humble/install/lifecycle_py:/home/waves/ros2_humble/install/launch_testing_ros:/home/waves/ros2_humble/install/launch_ros:/home/waves/ros2_humble/install/examples_rclpy_pointcloud_publisher:/home/waves/ros2_humble/install/examples_rclpy_minimal_subscriber:/home/waves/ros2_humble/install/examples_rclpy_minimal_service:/home/waves/ros2_humble/install/examples_rclpy_minimal_publisher:/home/waves/ros2_humble/install/examples_rclpy_minimal_client:/home/waves/ros2_humble/install/examples_rclpy_minimal_action_server:/home/waves/ros2_humble/install/examples_rclpy_minimal_action_client:/home/waves/ros2_humble/install/examples_rclpy_guard_conditions:/home/waves/ros2_humble/install/examples_rclpy_executors:/home/waves/ros2_humble/install/demo_nodes_py:/home/waves/ros2_humble/install/camera_info_manager_py:/home/waves/ros2_humble/install/action_tutorials_py:/home/waves/ros2_humble/install/ament_uncrustify:/home/waves/ros2_humble/install/tracetools_trace:/home/waves/ros2_humble/install/tracetools_read:/home/waves/ros2_humble/install/test_tracetools_launch:/home/waves/ros2_humble/install/test_launch_ros:/home/waves/ros2_humble/install/sensor_msgs_py:/home/waves/ros2_humble/install/rpyutils:/home/waves/ros2_humble/install/rosidl_runtime_py:/home/waves/ros2_humble/install/rosidl_cli:/home/waves/ros2_humble/install/launch_pytest:/home/waves/ros2_humble/install/launch_testing:/home/waves/ros2_humble/install/launch_yaml:/home/waves/ros2_humble/install/launch_xml:/home/waves/ros2_humble/install/launch:/home/waves/ros2_humble/install/osrf_pycommon:/home/waves/ros2_humble/install/domain_coordinator:/home/waves/ros2_humble/install/ament_xmllint:/home/waves/ros2_humble/install/ament_pyflakes:/home/waves/ros2_humble/install/ament_pycodestyle:/home/waves/ros2_humble/install/ament_pep257:/home/waves/ros2_humble/install/ament_pclint:/home/waves/ros2_humble/install/ament_package:/home/waves/ros2_humble/install/ament_mypy:/home/waves/ros2_humble/install/ament_lint_cmake:/home/waves/ros2_humble/install/ament_flake8:/home/waves/ros2_humble/install/ament_copyright:/home/waves/ros2_humble/install/ament_lint:/home/waves/ros2_humble/install/ament_index_python:/home/waves/ros2_humble/install/ament_cpplint:/home/waves/ros2_humble/install/ament_cppcheck:/home/waves/ros2_humble/install/ament_clang_tidy:/home/waves/ros2_humble/install/ament_clang_format:/home/waves/ros2_sim/install/hexapod_description:/home/waves/ros2_sim/install/hexapod:/home/waves/ros2_sim/install/franka:/home/waves/ros2_humble/install/rosbag2_storage_mcap:/home/waves/ros2_humble/install/rosbag2:/home/waves/ros2_humble/install/rosbag2_compression_zstd:/home/waves/ros2_humble/install/mcap_vendor:/home/waves/ros2_humble/install/zstd_vendor:/home/waves/ros2_humble/install/rviz_visual_testing_framework:/home/waves/ros2_humble/install/rviz2:/home/waves/ros2_humble/install/rviz_default_plugins:/home/waves/ros2_humble/install/rviz_common:/home/waves/ros2_humble/install/rosbag2_py:/home/waves/ros2_humble/install/rosbag2_transport:/home/waves/ros2_humble/install/rosbag2_storage_default_plugins:/home/waves/ros2_humble/install/rosbag2_performance_benchmarking:/home/waves/ros2_humble/install/rosbag2_compression:/home/waves/ros2_humble/install/rosbag2_cpp:/home/waves/ros2_humble/install/rosbag2_storage:/home/waves/ros2_humble/install/image_common:/home/waves/ros2_humble/install/camera_info_manager:/home/waves/ros2_humble/install/camera_calibration_parsers:/home/waves/ros2_humble/install/yaml_cpp_vendor:/home/waves/ros2_humble/install/interactive_markers:/home/waves/ros2_humble/install/common_interfaces:/home/waves/ros2_humble/install/visualization_msgs:/home/waves/ros2_humble/install/dummy_robot_bringup:/home/waves/ros2_humble/install/robot_state_publisher:/home/waves/ros2_humble/install/kdl_parser:/home/waves/ros2_humble/install/urdf:/home/waves/ros2_humble/install/urdfdom:/home/waves/ros2_humble/install/urdf_parser_plugin:/home/waves/ros2_humble/install/urdfdom_headers:/home/waves/ros2_humble/install/turtlesim:/home/waves/ros2_humble/install/geometry2:/home/waves/ros2_humble/install/tf2_sensor_msgs:/home/waves/ros2_humble/install/test_tf2:/home/waves/ros2_humble/install/tf2_kdl:/home/waves/ros2_humble/install/tf2_geometry_msgs:/home/waves/ros2_humble/install/tf2_eigen:/home/waves/ros2_humble/install/tf2_bullet:/home/waves/ros2_humble/install/tf2_ros:/home/waves/ros2_humble/install/tf2_py:/home/waves/ros2_humble/install/tf2_msgs:/home/waves/ros2_humble/install/test_msgs:/home/waves/ros2_humble/install/sros2_cmake:/home/waves/ros2_humble/install/ros2cli_common_extensions:/home/waves/ros2_humble/install/rqt_py_common:/home/waves/ros2_humble/install/rosbag2_storage_mcap_testdata:/home/waves/ros2_humble/install/ros_testing:/home/waves/ros2_humble/install/ros2cli_test_interfaces:/home/waves/ros2_humble/install/quality_of_service_demo_cpp:/home/waves/ros2_humble/install/image_transport:/home/waves/ros2_humble/install/message_filters:/home/waves/ros2_humble/install/demo_nodes_cpp:/home/waves/ros2_humble/install/composition:/home/waves/ros2_humble/install/laser_geometry:/home/waves/ros2_humble/install/rclpy:/home/waves/ros2_humble/install/examples_rclcpp_minimal_action_server:/home/waves/ros2_humble/install/examples_rclcpp_minimal_action_client:/home/waves/ros2_humble/install/action_tutorials_cpp:/home/waves/ros2_humble/install/rclcpp_action:/home/waves/ros2_humble/install/rcl_action:/home/waves/ros2_humble/install/examples_rclcpp_wait_set:/home/waves/ros2_humble/install/examples_rclcpp_minimal_service:/home/waves/ros2_humble/install/examples_rclcpp_minimal_client:/home/waves/ros2_humble/install/examples_rclcpp_async_client:/home/waves/ros2_humble/install/example_interfaces:/home/waves/ros2_humble/install/action_tutorials_interfaces:/home/waves/ros2_humble/install/action_msgs:/home/waves/ros2_humble/install/unique_identifier_msgs:/home/waves/ros2_humble/install/ament_lint_common:/home/waves/ros2_humble/install/ament_cmake_uncrustify:/home/waves/ros2_humble/install/uncrustify_vendor:/home/waves/ros2_humble/install/trajectory_msgs:/home/waves/ros2_humble/install/topic_statistics_demo:/home/waves/ros2_humble/install/pendulum_control:/home/waves/ros2_humble/install/tlsf_cpp:/home/waves/ros2_humble/install/test_tracetools:/home/waves/ros2_humble/install/rqt_gui_cpp:/home/waves/ros2_humble/install/rosbag2_test_common:/home/waves/ros2_humble/install/ros2lifecycle_test_fixtures:/home/waves/ros2_humble/install/lifecycle:/home/waves/ros2_humble/install/rclcpp_lifecycle:/home/waves/ros2_humble/install/logging_demo:/home/waves/ros2_humble/install/image_tools:/home/waves/ros2_humble/install/examples_rclcpp_minimal_subscriber:/home/waves/ros2_humble/install/examples_rclcpp_minimal_composition:/home/waves/ros2_humble/install/demo_nodes_cpp_native:/home/waves/ros2_humble/install/rclcpp_components:/home/waves/ros2_humble/install/intra_process_demo:/home/waves/ros2_humble/install/examples_rclcpp_multithreaded_executor:/home/waves/ros2_humble/install/examples_rclcpp_minimal_timer:/home/waves/ros2_humble/install/examples_rclcpp_minimal_publisher:/home/waves/ros2_humble/install/examples_rclcpp_cbg_executor:/home/waves/ros2_humble/install/dummy_sensors:/home/waves/ros2_humble/install/dummy_map_server:/home/waves/ros2_humble/install/rclcpp:/home/waves/ros2_humble/install/rcl_lifecycle:/home/waves/ros2_humble/install/libstatistics_collector:/home/waves/ros2_humble/install/rcl:/home/waves/ros2_humble/install/rmw_implementation:/home/waves/ros2_humble/install/rmw_fastrtps_dynamic_cpp:/home/waves/ros2_humble/install/rmw_fastrtps_cpp:/home/waves/ros2_humble/install/rmw_fastrtps_shared_cpp:/home/waves/ros2_humble/install/rmw_cyclonedds_cpp:/home/waves/ros2_humble/install/tracetools:/home/waves/ros2_humble/install/tlsf:/home/waves/ros2_humble/install/tinyxml_vendor:/home/waves/ros2_humble/install/qt_gui_core:/home/waves/ros2_humble/install/qt_gui_cpp:/home/waves/ros2_humble/install/pluginlib:/home/waves/ros2_humble/install/tinyxml2_vendor:/home/waves/ros2_humble/install/tf2_eigen_kdl:/home/waves/ros2_humble/install/tf2:/home/waves/ros2_humble/install/test_security:/home/waves/ros2_humble/install/test_rmw_implementation:/home/waves/ros2_humble/install/test_rclcpp:/home/waves/ros2_humble/install/test_quality_of_service:/home/waves/ros2_humble/install/test_launch_testing:/home/waves/ros2_humble/install/test_interface_files:/home/waves/ros2_humble/install/test_communication:/home/waves/ros2_humble/install/test_cli_remapping:/home/waves/ros2_humble/install/test_cli:/home/waves/ros2_humble/install/qt_gui_app:/home/waves/ros2_humble/install/qt_gui:/home/waves/ros2_humble/install/tango_icons_vendor:/home/waves/ros2_humble/install/stereo_msgs:/home/waves/ros2_humble/install/std_srvs:/home/waves/ros2_humble/install/shape_msgs:/home/waves/ros2_humble/install/map_msgs:/home/waves/ros2_humble/install/sensor_msgs:/home/waves/ros2_humble/install/nav_msgs:/home/waves/ros2_humble/install/diagnostic_msgs:/home/waves/ros2_humble/install/geometry_msgs:/home/waves/ros2_humble/install/actionlib_msgs:/home/waves/ros2_humble/install/std_msgs:/home/waves/ros2_humble/install/statistics_msgs:/home/waves/ros2_humble/install/sqlite3_vendor:/home/waves/ros2_humble/install/rcl_logging_spdlog:/home/waves/ros2_humble/install/spdlog_vendor:/home/waves/ros2_humble/install/shared_queues_vendor:/home/waves/ros2_humble/install/rviz_rendering_tests:/home/waves/ros2_humble/install/rviz_rendering:/home/waves/ros2_humble/install/rviz_ogre_vendor:/home/waves/ros2_humble/install/rviz_assimp_vendor:/home/waves/ros2_humble/install/rttest:/home/waves/ros2_humble/install/rmw_connextddsmicro:/home/waves/ros2_humble/install/rmw_connextdds:/home/waves/ros2_humble/install/rmw_connextdds_common:/home/waves/ros2_humble/install/rti_connext_dds_cmake_module:/home/waves/ros2_humble/install/rosgraph_msgs:/home/waves/ros2_humble/install/rosbag2_interfaces:/home/waves/ros2_humble/install/rmw_dds_common:/home/waves/ros2_humble/install/composition_interfaces:/home/waves/ros2_humble/install/rcl_interfaces:/home/waves/ros2_humble/install/pendulum_msgs:/home/waves/ros2_humble/install/lifecycle_msgs:/home/waves/ros2_humble/install/builtin_interfaces:/home/waves/ros2_humble/install/rosidl_default_runtime:/home/waves/ros2_humble/install/rosidl_default_generators:/home/waves/ros2_humble/install/rosidl_generator_py:/home/waves/ros2_humble/install/rosidl_typesupport_introspection_tests:/home/waves/ros2_humble/install/rosidl_typesupport_cpp:/home/waves/ros2_humble/install/rosidl_typesupport_introspection_cpp:/home/waves/ros2_humble/install/rosidl_typesupport_c:/home/waves/ros2_humble/install/rosidl_typesupport_introspection_c:/home/waves/ros2_humble/install/rosidl_typesupport_fastrtps_c:/home/waves/ros2_humble/install/rosidl_typesupport_fastrtps_cpp:/home/waves/ros2_humble/install/rosidl_generator_cpp:/home/waves/ros2_humble/install/rosidl_runtime_cpp:/home/waves/ros2_humble/install/rcl_yaml_param_parser:/home/waves/ros2_humble/install/rmw:/home/waves/ros2_humble/install/rosidl_runtime_c:/home/waves/ros2_humble/install/rosidl_generator_c:/home/waves/ros2_humble/install/rosidl_typesupport_interface:/home/waves/ros2_humble/install/rosidl_generator_dds_idl:/home/waves/ros2_humble/install/rosidl_cmake:/home/waves/ros2_humble/install/rosidl_parser:/home/waves/ros2_humble/install/rosidl_adapter:/home/waves/ros2_humble/install/rosbag2_tests:/home/waves/ros2_humble/install/ros_environment:/home/waves/ros2_humble/install/rmw_implementation_cmake:/home/waves/ros2_humble/install/resource_retriever:/home/waves/ros2_humble/install/class_loader:/home/waves/ros2_humble/install/rcpputils:/home/waves/ros2_humble/install/rcl_logging_noop:/home/waves/ros2_humble/install/rcl_logging_interface:/home/waves/ros2_humble/install/rcutils:/home/waves/ros2_humble/install/qt_gui_py_common:/home/waves/ros2_humble/install/qt_dotgraph:/home/waves/ros2_humble/install/python_qt_binding:/home/waves/ros2_humble/install/python_orocos_kdl_vendor:/home/waves/ros2_humble/install/launch_testing_ament_cmake:/home/waves/ros2_humble/install/python_cmake_module:/home/waves/ros2_humble/install/pybind11_vendor:/home/waves/ros2_humble/install/performance_test_fixture:/home/waves/ros2_humble/install/osrf_testing_tools_cpp:/home/waves/ros2_humble/install/orocos_kdl_vendor:/home/waves/ros2_humble/install/mimick_vendor:/home/waves/ros2_humble/install/libyaml_vendor:/home/waves/ros2_humble/install/libcurl_vendor:/home/waves/ros2_humble/install/keyboard_handler:/home/waves/ros2_humble/install/iceoryx_introspection:/home/waves/ros2_humble/install/cyclonedds:/home/waves/ros2_humble/install/iceoryx_posh:/home/waves/ros2_humble/install/iceoryx_hoofs:/home/waves/ros2_humble/install/iceoryx_binding_c:/home/waves/ros2_humble/install/ament_cmake_ros:/home/waves/ros2_humble/install/ament_cmake_auto:/home/waves/ros2_humble/install/ament_cmake_gmock:/home/waves/ros2_humble/install/gmock_vendor:/home/waves/ros2_humble/install/ament_cmake_gtest:/home/waves/ros2_humble/install/gtest_vendor:/home/waves/ros2_humble/install/ament_cmake_google_benchmark:/home/waves/ros2_humble/install/google_benchmark_vendor:/home/waves/ros2_humble/install/fastrtps:/home/waves/ros2_humble/install/foonathan_memory_vendor:/home/waves/ros2_humble/install/fastrtps_cmake_module:/home/waves/ros2_humble/install/fastcdr:/home/waves/ros2_humble/install/eigen3_cmake_module:/home/waves/ros2_humble/install/console_bridge_vendor:/home/waves/ros2_humble/install/ament_cmake_xmllint:/home/waves/ros2_humble/install/ament_cmake_pyflakes:/home/waves/ros2_humble/install/ament_cmake_pycodestyle:/home/waves/ros2_humble/install/ament_cmake_pep257:/home/waves/ros2_humble/install/ament_cmake_pclint:/home/waves/ros2_humble/install/ament_lint_auto:/home/waves/ros2_humble/install/ament_cmake:/home/waves/ros2_humble/install/ament_cmake_version:/home/waves/ros2_humble/install/ament_cmake_vendor_package:/home/waves/ros2_humble/install/ament_cmake_pytest:/home/waves/ros2_humble/install/ament_cmake_nose:/home/waves/ros2_humble/install/ament_cmake_mypy:/home/waves/ros2_humble/install/ament_cmake_lint_cmake:/home/waves/ros2_humble/install/ament_cmake_flake8:/home/waves/ros2_humble/install/ament_cmake_cpplint:/home/waves/ros2_humble/install/ament_cmake_cppcheck:/home/waves/ros2_humble/install/ament_cmake_copyright:/home/waves/ros2_humble/install/ament_cmake_clang_tidy:/home/waves/ros2_humble/install/ament_cmake_clang_format:/home/waves/ros2_humble/install/ament_cmake_test:/home/waves/ros2_humble/install/ament_cmake_target_dependencies:/home/waves/ros2_humble/install/ament_cmake_python:/home/waves/ros2_humble/install/ament_cmake_export_dependencies:/home/waves/ros2_humble/install/ament_cmake_libraries:/home/waves/ros2_humble/install/ament_cmake_include_directories:/home/waves/ros2_humble/install/ament_cmake_gen_version_h:/home/waves/ros2_humble/install/ament_cmake_export_targets:/home/waves/ros2_humble/install/ament_cmake_export_link_flags:/home/waves/ros2_humble/install/ament_cmake_export_interfaces:/home/waves/ros2_humble/install/ament_cmake_export_libraries:/home/waves/ros2_humble/install/ament_cmake_export_include_directories:/home/waves/ros2_humble/install/ament_cmake_export_definitions:/home/waves/ros2_humble/install/ament_cmake_core:/home/waves/ros2_humble/install/ament_index_cpp /usr/bin/cmake --build /home/waves/hexapod/build/hexapod_control -- -j4 -l4
[49.229s] DEBUG:colcon.colcon_core.event_handler.log_command:Invoked command in '/home/waves/hexapod/build/hexapod_services' returned '0': CMAKE_PREFIX_PATH=/home/waves/hexapod/install/hexapod_interfaces:/home/waves/hexapod/install/hexapod_services:/home/waves/hexapod/install/hexapod_control:/home/waves/ros2_ws/install/video_runner:/home/waves/ros2_ws/install/robotics_class:/home/waves/ros2_ws/install/my_robot_bringup:/home/waves/ros2_ws/install/my_cpp_prac:/home/waves/ros2_ws/install/my_cpp_pkg:/home/waves/ros2_ws/install/act_5:/home/waves/ros2_ws/install/my_interface:/home/waves/ros2_ws/install/buffer:/home/waves/research/install/cobots:/home/waves/ros2_sim/install/ros2_control_demos:/home/waves/ros2_sim/install/ros2_control_demo_description:/home/waves/ros2_sim/install/my_robot_sim:/home/waves/ros2_sim/install/humanoid:/home/waves/ros2_sim/install/hopper_sim:/home/waves/ros2_sim/install/hopper_description:/home/waves/hexapod/install/hexapod_communication:/home/waves/ros2_ws/install/my_py_pkg:/opt/ros/humble:/home/waves/ros2_humble/install/rqt_bag_plugins:/home/waves/ros2_humble/install/rqt_bag:/home/waves/ros2_humble/install/launch_testing_examples:/home/waves/ros2_humble/install/ros2bag:/home/waves/ros2_humble/install/tracetools_test:/home/waves/ros2_humble/install/tracetools_launch:/home/waves/ros2_humble/install/topic_monitor:/home/waves/ros2_humble/install/tf2_tools:/home/waves/ros2_humble/install/examples_tf2_py:/home/waves/ros2_humble/install/tf2_ros_py:/home/waves/ros2_humble/install/sros2:/home/waves/ros2_humble/install/rqt_topic:/home/waves/ros2_humble/install/rqt_srv:/home/waves/ros2_humble/install/rqt_shell:/home/waves/ros2_humble/install/rqt_service_caller:/home/waves/ros2_humble/install/rqt_reconfigure:/home/waves/ros2_humble/install/rqt_py_console:/home/waves/ros2_humble/install/rqt_publisher:/home/waves/ros2_humble/install/rqt_plot:/home/waves/ros2_humble/install/rqt_action:/home/waves/ros2_humble/install/rqt_msg:/home/waves/ros2_humble/install/rqt_console:/home/waves/ros2_humble/install/rqt:/home/waves/ros2_humble/install/rqt_graph:/home/waves/ros2_humble/install/rqt_gui_py:/home/waves/ros2_humble/install/rqt_gui:/home/waves/ros2_humble/install/ros2trace:/home/waves/ros2_humble/install/ros2topic:/home/waves/ros2_humble/install/ros2test:/home/waves/ros2_humble/install/ros2component:/home/waves/ros2_humble/install/ros2param:/home/waves/ros2_humble/install/ros2lifecycle:/home/waves/ros2_humble/install/ros2service:/home/waves/ros2_humble/install/ros2run:/home/waves/ros2_humble/install/ros2launch:/home/waves/ros2_humble/install/ros2pkg:/home/waves/ros2_humble/install/ros2node:/home/waves/ros2_humble/install/ros2multicast:/home/waves/ros2_humble/install/ros2interface:/home/waves/ros2_humble/install/ros2doctor:/home/waves/ros2_humble/install/ros2action:/home/waves/ros2_humble/install/ros2cli:/home/waves/ros2_humble/install/quality_of_service_demo_py:/home/waves/ros2_humble/install/lifecycle_py:/home/waves/ros2_humble/install/launch_testing_ros:/home/waves/ros2_humble/install/launch_ros:/home/waves/ros2_humble/install/examples_rclpy_pointcloud_publisher:/home/waves/ros2_humble/install/examples_rclpy_minimal_subscriber:/home/waves/ros2_humble/install/examples_rclpy_minimal_service:/home/waves/ros2_humble/install/examples_rclpy_minimal_publisher:/home/waves/ros2_humble/install/examples_rclpy_minimal_client:/home/waves/ros2_humble/install/examples_rclpy_minimal_action_server:/home/waves/ros2_humble/install/examples_rclpy_minimal_action_client:/home/waves/ros2_humble/install/examples_rclpy_guard_conditions:/home/waves/ros2_humble/install/examples_rclpy_executors:/home/waves/ros2_humble/install/demo_nodes_py:/home/waves/ros2_humble/install/camera_info_manager_py:/home/waves/ros2_humble/install/action_tutorials_py:/home/waves/ros2_humble/install/ament_uncrustify:/home/waves/ros2_humble/install/tracetools_trace:/home/waves/ros2_humble/install/tracetools_read:/home/waves/ros2_humble/install/test_tracetools_launch:/home/waves/ros2_humble/install/test_launch_ros:/home/waves/ros2_humble/install/sensor_msgs_py:/home/waves/ros2_humble/install/rpyutils:/home/waves/ros2_humble/install/rosidl_runtime_py:/home/waves/ros2_humble/install/rosidl_cli:/home/waves/ros2_humble/install/launch_pytest:/home/waves/ros2_humble/install/launch_testing:/home/waves/ros2_humble/install/launch_yaml:/home/waves/ros2_humble/install/launch_xml:/home/waves/ros2_humble/install/launch:/home/waves/ros2_humble/install/osrf_pycommon:/home/waves/ros2_humble/install/domain_coordinator:/home/waves/ros2_humble/install/ament_xmllint:/home/waves/ros2_humble/install/ament_pyflakes:/home/waves/ros2_humble/install/ament_pycodestyle:/home/waves/ros2_humble/install/ament_pep257:/home/waves/ros2_humble/install/ament_pclint:/home/waves/ros2_humble/install/ament_package:/home/waves/ros2_humble/install/ament_mypy:/home/waves/ros2_humble/install/ament_lint_cmake:/home/waves/ros2_humble/install/ament_flake8:/home/waves/ros2_humble/install/ament_copyright:/home/waves/ros2_humble/install/ament_lint:/home/waves/ros2_humble/install/ament_index_python:/home/waves/ros2_humble/install/ament_cpplint:/home/waves/ros2_humble/install/ament_cppcheck:/home/waves/ros2_humble/install/ament_clang_tidy:/home/waves/ros2_humble/install/ament_clang_format:/home/waves/ros2_sim/install/hexapod_description:/home/waves/ros2_sim/install/hexapod:/home/waves/ros2_sim/install/franka:/home/waves/ros2_humble/install/rosbag2_storage_mcap:/home/waves/ros2_humble/install/rosbag2:/home/waves/ros2_humble/install/rosbag2_compression_zstd:/home/waves/ros2_humble/install/mcap_vendor:/home/waves/ros2_humble/install/zstd_vendor:/home/waves/ros2_humble/install/rviz_visual_testing_framework:/home/waves/ros2_humble/install/rviz2:/home/waves/ros2_humble/install/rviz_default_plugins:/home/waves/ros2_humble/install/rviz_common:/home/waves/ros2_humble/install/rosbag2_py:/home/waves/ros2_humble/install/rosbag2_transport:/home/waves/ros2_humble/install/rosbag2_storage_default_plugins:/home/waves/ros2_humble/install/rosbag2_performance_benchmarking:/home/waves/ros2_humble/install/rosbag2_compression:/home/waves/ros2_humble/install/rosbag2_cpp:/home/waves/ros2_humble/install/rosbag2_storage:/home/waves/ros2_humble/install/image_common:/home/waves/ros2_humble/install/camera_info_manager:/home/waves/ros2_humble/install/camera_calibration_parsers:/home/waves/ros2_humble/install/yaml_cpp_vendor:/home/waves/ros2_humble/install/interactive_markers:/home/waves/ros2_humble/install/common_interfaces:/home/waves/ros2_humble/install/visualization_msgs:/home/waves/ros2_humble/install/dummy_robot_bringup:/home/waves/ros2_humble/install/robot_state_publisher:/home/waves/ros2_humble/install/kdl_parser:/home/waves/ros2_humble/install/urdf:/home/waves/ros2_humble/install/urdfdom:/home/waves/ros2_humble/install/urdf_parser_plugin:/home/waves/ros2_humble/install/urdfdom_headers:/home/waves/ros2_humble/install/turtlesim:/home/waves/ros2_humble/install/geometry2:/home/waves/ros2_humble/install/tf2_sensor_msgs:/home/waves/ros2_humble/install/test_tf2:/home/waves/ros2_humble/install/tf2_kdl:/home/waves/ros2_humble/install/tf2_geometry_msgs:/home/waves/ros2_humble/install/tf2_eigen:/home/waves/ros2_humble/install/tf2_bullet:/home/waves/ros2_humble/install/tf2_ros:/home/waves/ros2_humble/install/tf2_py:/home/waves/ros2_humble/install/tf2_msgs:/home/waves/ros2_humble/install/test_msgs:/home/waves/ros2_humble/install/sros2_cmake:/home/waves/ros2_humble/install/ros2cli_common_extensions:/home/waves/ros2_humble/install/rqt_py_common:/home/waves/ros2_humble/install/rosbag2_storage_mcap_testdata:/home/waves/ros2_humble/install/ros_testing:/home/waves/ros2_humble/install/ros2cli_test_interfaces:/home/waves/ros2_humble/install/quality_of_service_demo_cpp:/home/waves/ros2_humble/install/image_transport:/home/waves/ros2_humble/install/message_filters:/home/waves/ros2_humble/install/demo_nodes_cpp:/home/waves/ros2_humble/install/composition:/home/waves/ros2_humble/install/laser_geometry:/home/waves/ros2_humble/install/rclpy:/home/waves/ros2_humble/install/examples_rclcpp_minimal_action_server:/home/waves/ros2_humble/install/examples_rclcpp_minimal_action_client:/home/waves/ros2_humble/install/action_tutorials_cpp:/home/waves/ros2_humble/install/rclcpp_action:/home/waves/ros2_humble/install/rcl_action:/home/waves/ros2_humble/install/examples_rclcpp_wait_set:/home/waves/ros2_humble/install/examples_rclcpp_minimal_service:/home/waves/ros2_humble/install/examples_rclcpp_minimal_client:/home/waves/ros2_humble/install/examples_rclcpp_async_client:/home/waves/ros2_humble/install/example_interfaces:/home/waves/ros2_humble/install/action_tutorials_interfaces:/home/waves/ros2_humble/install/action_msgs:/home/waves/ros2_humble/install/unique_identifier_msgs:/home/waves/ros2_humble/install/ament_lint_common:/home/waves/ros2_humble/install/ament_cmake_uncrustify:/home/waves/ros2_humble/install/uncrustify_vendor:/home/waves/ros2_humble/install/trajectory_msgs:/home/waves/ros2_humble/install/topic_statistics_demo:/home/waves/ros2_humble/install/pendulum_control:/home/waves/ros2_humble/install/tlsf_cpp:/home/waves/ros2_humble/install/test_tracetools:/home/waves/ros2_humble/install/rqt_gui_cpp:/home/waves/ros2_humble/install/rosbag2_test_common:/home/waves/ros2_humble/install/ros2lifecycle_test_fixtures:/home/waves/ros2_humble/install/lifecycle:/home/waves/ros2_humble/install/rclcpp_lifecycle:/home/waves/ros2_humble/install/logging_demo:/home/waves/ros2_humble/install/image_tools:/home/waves/ros2_humble/install/examples_rclcpp_minimal_subscriber:/home/waves/ros2_humble/install/examples_rclcpp_minimal_composition:/home/waves/ros2_humble/install/demo_nodes_cpp_native:/home/waves/ros2_humble/install/rclcpp_components:/home/waves/ros2_humble/install/intra_process_demo:/home/waves/ros2_humble/install/examples_rclcpp_multithreaded_executor:/home/waves/ros2_humble/install/examples_rclcpp_minimal_timer:/home/waves/ros2_humble/install/examples_rclcpp_minimal_publisher:/home/waves/ros2_humble/install/examples_rclcpp_cbg_executor:/home/waves/ros2_humble/install/dummy_sensors:/home/waves/ros2_humble/install/dummy_map_server:/home/waves/ros2_humble/install/rclcpp:/home/waves/ros2_humble/install/rcl_lifecycle:/home/waves/ros2_humble/install/libstatistics_collector:/home/waves/ros2_humble/install/rcl:/home/waves/ros2_humble/install/rmw_implementation:/home/waves/ros2_humble/install/rmw_fastrtps_dynamic_cpp:/home/waves/ros2_humble/install/rmw_fastrtps_cpp:/home/waves/ros2_humble/install/rmw_fastrtps_shared_cpp:/home/waves/ros2_humble/install/rmw_cyclonedds_cpp:/home/waves/ros2_humble/install/tracetools:/home/waves/ros2_humble/install/tlsf:/home/waves/ros2_humble/install/tinyxml_vendor:/home/waves/ros2_humble/install/qt_gui_core:/home/waves/ros2_humble/install/qt_gui_cpp:/home/waves/ros2_humble/install/pluginlib:/home/waves/ros2_humble/install/tinyxml2_vendor:/home/waves/ros2_humble/install/tf2_eigen_kdl:/home/waves/ros2_humble/install/tf2:/home/waves/ros2_humble/install/test_security:/home/waves/ros2_humble/install/test_rmw_implementation:/home/waves/ros2_humble/install/test_rclcpp:/home/waves/ros2_humble/install/test_quality_of_service:/home/waves/ros2_humble/install/test_launch_testing:/home/waves/ros2_humble/install/test_interface_files:/home/waves/ros2_humble/install/test_communication:/home/waves/ros2_humble/install/test_cli_remapping:/home/waves/ros2_humble/install/test_cli:/home/waves/ros2_humble/install/qt_gui_app:/home/waves/ros2_humble/install/qt_gui:/home/waves/ros2_humble/install/tango_icons_vendor:/home/waves/ros2_humble/install/stereo_msgs:/home/waves/ros2_humble/install/std_srvs:/home/waves/ros2_humble/install/shape_msgs:/home/waves/ros2_humble/install/map_msgs:/home/waves/ros2_humble/install/sensor_msgs:/home/waves/ros2_humble/install/nav_msgs:/home/waves/ros2_humble/install/diagnostic_msgs:/home/waves/ros2_humble/install/geometry_msgs:/home/waves/ros2_humble/install/actionlib_msgs:/home/waves/ros2_humble/install/std_msgs:/home/waves/ros2_humble/install/statistics_msgs:/home/waves/ros2_humble/install/sqlite3_vendor:/home/waves/ros2_humble/install/rcl_logging_spdlog:/home/waves/ros2_humble/install/spdlog_vendor:/home/waves/ros2_humble/install/shared_queues_vendor:/home/waves/ros2_humble/install/rviz_rendering_tests:/home/waves/ros2_humble/install/rviz_rendering:/home/waves/ros2_humble/install/rviz_ogre_vendor:/home/waves/ros2_humble/install/rviz_assimp_vendor:/home/waves/ros2_humble/install/rttest:/home/waves/ros2_humble/install/rmw_connextddsmicro:/home/waves/ros2_humble/install/rmw_connextdds:/home/waves/ros2_humble/install/rmw_connextdds_common:/home/waves/ros2_humble/install/rti_connext_dds_cmake_module:/home/waves/ros2_humble/install/rosgraph_msgs:/home/waves/ros2_humble/install/rosbag2_interfaces:/home/waves/ros2_humble/install/rmw_dds_common:/home/waves/ros2_humble/install/composition_interfaces:/home/waves/ros2_humble/install/rcl_interfaces:/home/waves/ros2_humble/install/pendulum_msgs:/home/waves/ros2_humble/install/lifecycle_msgs:/home/waves/ros2_humble/install/builtin_interfaces:/home/waves/ros2_humble/install/rosidl_default_runtime:/home/waves/ros2_humble/install/rosidl_default_generators:/home/waves/ros2_humble/install/rosidl_generator_py:/home/waves/ros2_humble/install/rosidl_typesupport_introspection_tests:/home/waves/ros2_humble/install/rosidl_typesupport_cpp:/home/waves/ros2_humble/install/rosidl_typesupport_introspection_cpp:/home/waves/ros2_humble/install/rosidl_typesupport_c:/home/waves/ros2_humble/install/rosidl_typesupport_introspection_c:/home/waves/ros2_humble/install/rosidl_typesupport_fastrtps_c:/home/waves/ros2_humble/install/rosidl_typesupport_fastrtps_cpp:/home/waves/ros2_humble/install/rosidl_generator_cpp:/home/waves/ros2_humble/install/rosidl_runtime_cpp:/home/waves/ros2_humble/install/rcl_yaml_param_parser:/home/waves/ros2_humble/install/rmw:/home/waves/ros2_humble/install/rosidl_runtime_c:/home/waves/ros2_humble/install/rosidl_generator_c:/home/waves/ros2_humble/install/rosidl_typesupport_interface:/home/waves/ros2_humble/install/rosidl_generator_dds_idl:/home/waves/ros2_humble/install/rosidl_cmake:/home/waves/ros2_humble/install/rosidl_parser:/home/waves/ros2_humble/install/rosidl_adapter:/home/waves/ros2_humble/install/rosbag2_tests:/home/waves/ros2_humble/install/ros_environment:/home/waves/ros2_humble/install/rmw_implementation_cmake:/home/waves/ros2_humble/install/resource_retriever:/home/waves/ros2_humble/install/class_loader:/home/waves/ros2_humble/install/rcpputils:/home/waves/ros2_humble/install/rcl_logging_noop:/home/waves/ros2_humble/install/rcl_logging_interface:/home/waves/ros2_humble/install/rcutils:/home/waves/ros2_humble/install/qt_gui_py_common:/home/waves/ros2_humble/install/qt_dotgraph:/home/waves/ros2_humble/install/python_qt_binding:/home/waves/ros2_humble/install/python_orocos_kdl_vendor:/home/waves/ros2_humble/install/launch_testing_ament_cmake:/home/waves/ros2_humble/install/python_cmake_module:/home/waves/ros2_humble/install/pybind11_vendor:/home/waves/ros2_humble/install/performance_test_fixture:/home/waves/ros2_humble/install/osrf_testing_tools_cpp:/home/waves/ros2_humble/install/orocos_kdl_vendor:/home/waves/ros2_humble/install/mimick_vendor:/home/waves/ros2_humble/install/libyaml_vendor:/home/waves/ros2_humble/install/libcurl_vendor:/home/waves/ros2_humble/install/keyboard_handler:/home/waves/ros2_humble/install/iceoryx_introspection:/home/waves/ros2_humble/install/cyclonedds:/home/waves/ros2_humble/install/iceoryx_posh:/home/waves/ros2_humble/install/iceoryx_hoofs:/home/waves/ros2_humble/install/iceoryx_binding_c:/home/waves/ros2_humble/install/ament_cmake_ros:/home/waves/ros2_humble/install/ament_cmake_auto:/home/waves/ros2_humble/install/ament_cmake_gmock:/home/waves/ros2_humble/install/gmock_vendor:/home/waves/ros2_humble/install/ament_cmake_gtest:/home/waves/ros2_humble/install/gtest_vendor:/home/waves/ros2_humble/install/ament_cmake_google_benchmark:/home/waves/ros2_humble/install/google_benchmark_vendor:/home/waves/ros2_humble/install/fastrtps:/home/waves/ros2_humble/install/foonathan_memory_vendor:/home/waves/ros2_humble/install/fastrtps_cmake_module:/home/waves/ros2_humble/install/fastcdr:/home/waves/ros2_humble/install/eigen3_cmake_module:/home/waves/ros2_humble/install/console_bridge_vendor:/home/waves/ros2_humble/install/ament_cmake_xmllint:/home/waves/ros2_humble/install/ament_cmake_pyflakes:/home/waves/ros2_humble/install/ament_cmake_pycodestyle:/home/waves/ros2_humble/install/ament_cmake_pep257:/home/waves/ros2_humble/install/ament_cmake_pclint:/home/waves/ros2_humble/install/ament_lint_auto:/home/waves/ros2_humble/install/ament_cmake:/home/waves/ros2_humble/install/ament_cmake_version:/home/waves/ros2_humble/install/ament_cmake_vendor_package:/home/waves/ros2_humble/install/ament_cmake_pytest:/home/waves/ros2_humble/install/ament_cmake_nose:/home/waves/ros2_humble/install/ament_cmake_mypy:/home/waves/ros2_humble/install/ament_cmake_lint_cmake:/home/waves/ros2_humble/install/ament_cmake_flake8:/home/waves/ros2_humble/install/ament_cmake_cpplint:/home/waves/ros2_humble/install/ament_cmake_cppcheck:/home/waves/ros2_humble/install/ament_cmake_copyright:/home/waves/ros2_humble/install/ament_cmake_clang_tidy:/home/waves/ros2_humble/install/ament_cmake_clang_format:/home/waves/ros2_humble/install/ament_cmake_test:/home/waves/ros2_humble/install/ament_cmake_target_dependencies:/home/waves/ros2_humble/install/ament_cmake_python:/home/waves/ros2_humble/install/ament_cmake_export_dependencies:/home/waves/ros2_humble/install/ament_cmake_libraries:/home/waves/ros2_humble/install/ament_cmake_include_directories:/home/waves/ros2_humble/install/ament_cmake_gen_version_h:/home/waves/ros2_humble/install/ament_cmake_export_targets:/home/waves/ros2_humble/install/ament_cmake_export_link_flags:/home/waves/ros2_humble/install/ament_cmake_export_interfaces:/home/waves/ros2_humble/install/ament_cmake_export_libraries:/home/waves/ros2_humble/install/ament_cmake_export_include_directories:/home/waves/ros2_humble/install/ament_cmake_export_definitions:/home/waves/ros2_humble/install/ament_cmake_core:/home/waves/ros2_humble/install/ament_index_cpp /usr/bin/cmake --build /home/waves/hexapod/build/hexapod_services -- -j4 -l4
[49.230s] DEBUG:colcon.colcon_core.event_handler.log_command:Invoking command in '/home/waves/hexapod/build/hexapod_services': CMAKE_PREFIX_PATH=/home/waves/hexapod/install/hexapod_interfaces:/home/waves/hexapod/install/hexapod_services:/home/waves/hexapod/install/hexapod_control:/home/waves/ros2_ws/install/video_runner:/home/waves/ros2_ws/install/robotics_class:/home/waves/ros2_ws/install/my_robot_bringup:/home/waves/ros2_ws/install/my_cpp_prac:/home/waves/ros2_ws/install/my_cpp_pkg:/home/waves/ros2_ws/install/act_5:/home/waves/ros2_ws/install/my_interface:/home/waves/ros2_ws/install/buffer:/home/waves/research/install/cobots:/home/waves/ros2_sim/install/ros2_control_demos:/home/waves/ros2_sim/install/ros2_control_demo_description:/home/waves/ros2_sim/install/my_robot_sim:/home/waves/ros2_sim/install/humanoid:/home/waves/ros2_sim/install/hopper_sim:/home/waves/ros2_sim/install/hopper_description:/home/waves/hexapod/install/hexapod_communication:/home/waves/ros2_ws/install/my_py_pkg:/opt/ros/humble:/home/waves/ros2_humble/install/rqt_bag_plugins:/home/waves/ros2_humble/install/rqt_bag:/home/waves/ros2_humble/install/launch_testing_examples:/home/waves/ros2_humble/install/ros2bag:/home/waves/ros2_humble/install/tracetools_test:/home/waves/ros2_humble/install/tracetools_launch:/home/waves/ros2_humble/install/topic_monitor:/home/waves/ros2_humble/install/tf2_tools:/home/waves/ros2_humble/install/examples_tf2_py:/home/waves/ros2_humble/install/tf2_ros_py:/home/waves/ros2_humble/install/sros2:/home/waves/ros2_humble/install/rqt_topic:/home/waves/ros2_humble/install/rqt_srv:/home/waves/ros2_humble/install/rqt_shell:/home/waves/ros2_humble/install/rqt_service_caller:/home/waves/ros2_humble/install/rqt_reconfigure:/home/waves/ros2_humble/install/rqt_py_console:/home/waves/ros2_humble/install/rqt_publisher:/home/waves/ros2_humble/install/rqt_plot:/home/waves/ros2_humble/install/rqt_action:/home/waves/ros2_humble/install/rqt_msg:/home/waves/ros2_humble/install/rqt_console:/home/waves/ros2_humble/install/rqt:/home/waves/ros2_humble/install/rqt_graph:/home/waves/ros2_humble/install/rqt_gui_py:/home/waves/ros2_humble/install/rqt_gui:/home/waves/ros2_humble/install/ros2trace:/home/waves/ros2_humble/install/ros2topic:/home/waves/ros2_humble/install/ros2test:/home/waves/ros2_humble/install/ros2component:/home/waves/ros2_humble/install/ros2param:/home/waves/ros2_humble/install/ros2lifecycle:/home/waves/ros2_humble/install/ros2service:/home/waves/ros2_humble/install/ros2run:/home/waves/ros2_humble/install/ros2launch:/home/waves/ros2_humble/install/ros2pkg:/home/waves/ros2_humble/install/ros2node:/home/waves/ros2_humble/install/ros2multicast:/home/waves/ros2_humble/install/ros2interface:/home/waves/ros2_humble/install/ros2doctor:/home/waves/ros2_humble/install/ros2action:/home/waves/ros2_humble/install/ros2cli:/home/waves/ros2_humble/install/quality_of_service_demo_py:/home/waves/ros2_humble/install/lifecycle_py:/home/waves/ros2_humble/install/launch_testing_ros:/home/waves/ros2_humble/install/launch_ros:/home/waves/ros2_humble/install/examples_rclpy_pointcloud_publisher:/home/waves/ros2_humble/install/examples_rclpy_minimal_subscriber:/home/waves/ros2_humble/install/examples_rclpy_minimal_service:/home/waves/ros2_humble/install/examples_rclpy_minimal_publisher:/home/waves/ros2_humble/install/examples_rclpy_minimal_client:/home/waves/ros2_humble/install/examples_rclpy_minimal_action_server:/home/waves/ros2_humble/install/examples_rclpy_minimal_action_client:/home/waves/ros2_humble/install/examples_rclpy_guard_conditions:/home/waves/ros2_humble/install/examples_rclpy_executors:/home/waves/ros2_humble/install/demo_nodes_py:/home/waves/ros2_humble/install/camera_info_manager_py:/home/waves/ros2_humble/install/action_tutorials_py:/home/waves/ros2_humble/install/ament_uncrustify:/home/waves/ros2_humble/install/tracetools_trace:/home/waves/ros2_humble/install/tracetools_read:/home/waves/ros2_humble/install/test_tracetools_launch:/home/waves/ros2_humble/install/test_launch_ros:/home/waves/ros2_humble/install/sensor_msgs_py:/home/waves/ros2_humble/install/rpyutils:/home/waves/ros2_humble/install/rosidl_runtime_py:/home/waves/ros2_humble/install/rosidl_cli:/home/waves/ros2_humble/install/launch_pytest:/home/waves/ros2_humble/install/launch_testing:/home/waves/ros2_humble/install/launch_yaml:/home/waves/ros2_humble/install/launch_xml:/home/waves/ros2_humble/install/launch:/home/waves/ros2_humble/install/osrf_pycommon:/home/waves/ros2_humble/install/domain_coordinator:/home/waves/ros2_humble/install/ament_xmllint:/home/waves/ros2_humble/install/ament_pyflakes:/home/waves/ros2_humble/install/ament_pycodestyle:/home/waves/ros2_humble/install/ament_pep257:/home/waves/ros2_humble/install/ament_pclint:/home/waves/ros2_humble/install/ament_package:/home/waves/ros2_humble/install/ament_mypy:/home/waves/ros2_humble/install/ament_lint_cmake:/home/waves/ros2_humble/install/ament_flake8:/home/waves/ros2_humble/install/ament_copyright:/home/waves/ros2_humble/install/ament_lint:/home/waves/ros2_humble/install/ament_index_python:/home/waves/ros2_humble/install/ament_cpplint:/home/waves/ros2_humble/install/ament_cppcheck:/home/waves/ros2_humble/install/ament_clang_tidy:/home/waves/ros2_humble/install/ament_clang_format:/home/waves/ros2_sim/install/hexapod_description:/home/waves/ros2_sim/install/hexapod:/home/waves/ros2_sim/install/franka:/home/waves/ros2_humble/install/rosbag2_storage_mcap:/home/waves/ros2_humble/install/rosbag2:/home/waves/ros2_humble/install/rosbag2_compression_zstd:/home/waves/ros2_humble/install/mcap_vendor:/home/waves/ros2_humble/install/zstd_vendor:/home/waves/ros2_humble/install/rviz_visual_testing_framework:/home/waves/ros2_humble/install/rviz2:/home/waves/ros2_humble/install/rviz_default_plugins:/home/waves/ros2_humble/install/rviz_common:/home/waves/ros2_humble/install/rosbag2_py:/home/waves/ros2_humble/install/rosbag2_transport:/home/waves/ros2_humble/install/rosbag2_storage_default_plugins:/home/waves/ros2_humble/install/rosbag2_performance_benchmarking:/home/waves/ros2_humble/install/rosbag2_compression:/home/waves/ros2_humble/install/rosbag2_cpp:/home/waves/ros2_humble/install/rosbag2_storage:/home/waves/ros2_humble/install/image_common:/home/waves/ros2_humble/install/camera_info_manager:/home/waves/ros2_humble/install/camera_calibration_parsers:/home/waves/ros2_humble/install/yaml_cpp_vendor:/home/waves/ros2_humble/install/interactive_markers:/home/waves/ros2_humble/install/common_interfaces:/home/waves/ros2_humble/install/visualization_msgs:/home/waves/ros2_humble/install/dummy_robot_bringup:/home/waves/ros2_humble/install/robot_state_publisher:/home/waves/ros2_humble/install/kdl_parser:/home/waves/ros2_humble/install/urdf:/home/waves/ros2_humble/install/urdfdom:/home/waves/ros2_humble/install/urdf_parser_plugin:/home/waves/ros2_humble/install/urdfdom_headers:/home/waves/ros2_humble/install/turtlesim:/home/waves/ros2_humble/install/geometry2:/home/waves/ros2_humble/install/tf2_sensor_msgs:/home/waves/ros2_humble/install/test_tf2:/home/waves/ros2_humble/install/tf2_kdl:/home/waves/ros2_humble/install/tf2_geometry_msgs:/home/waves/ros2_humble/install/tf2_eigen:/home/waves/ros2_humble/install/tf2_bullet:/home/waves/ros2_humble/install/tf2_ros:/home/waves/ros2_humble/install/tf2_py:/home/waves/ros2_humble/install/tf2_msgs:/home/waves/ros2_humble/install/test_msgs:/home/waves/ros2_humble/install/sros2_cmake:/home/waves/ros2_humble/install/ros2cli_common_extensions:/home/waves/ros2_humble/install/rqt_py_common:/home/waves/ros2_humble/install/rosbag2_storage_mcap_testdata:/home/waves/ros2_humble/install/ros_testing:/home/waves/ros2_humble/install/ros2cli_test_interfaces:/home/waves/ros2_humble/install/quality_of_service_demo_cpp:/home/waves/ros2_humble/install/image_transport:/home/waves/ros2_humble/install/message_filters:/home/waves/ros2_humble/install/demo_nodes_cpp:/home/waves/ros2_humble/install/composition:/home/waves/ros2_humble/install/laser_geometry:/home/waves/ros2_humble/install/rclpy:/home/waves/ros2_humble/install/examples_rclcpp_minimal_action_server:/home/waves/ros2_humble/install/examples_rclcpp_minimal_action_client:/home/waves/ros2_humble/install/action_tutorials_cpp:/home/waves/ros2_humble/install/rclcpp_action:/home/waves/ros2_humble/install/rcl_action:/home/waves/ros2_humble/install/examples_rclcpp_wait_set:/home/waves/ros2_humble/install/examples_rclcpp_minimal_service:/home/waves/ros2_humble/install/examples_rclcpp_minimal_client:/home/waves/ros2_humble/install/examples_rclcpp_async_client:/home/waves/ros2_humble/install/example_interfaces:/home/waves/ros2_humble/install/action_tutorials_interfaces:/home/waves/ros2_humble/install/action_msgs:/home/waves/ros2_humble/install/unique_identifier_msgs:/home/waves/ros2_humble/install/ament_lint_common:/home/waves/ros2_humble/install/ament_cmake_uncrustify:/home/waves/ros2_humble/install/uncrustify_vendor:/home/waves/ros2_humble/install/trajectory_msgs:/home/waves/ros2_humble/install/topic_statistics_demo:/home/waves/ros2_humble/install/pendulum_control:/home/waves/ros2_humble/install/tlsf_cpp:/home/waves/ros2_humble/install/test_tracetools:/home/waves/ros2_humble/install/rqt_gui_cpp:/home/waves/ros2_humble/install/rosbag2_test_common:/home/waves/ros2_humble/install/ros2lifecycle_test_fixtures:/home/waves/ros2_humble/install/lifecycle:/home/waves/ros2_humble/install/rclcpp_lifecycle:/home/waves/ros2_humble/install/logging_demo:/home/waves/ros2_humble/install/image_tools:/home/waves/ros2_humble/install/examples_rclcpp_minimal_subscriber:/home/waves/ros2_humble/install/examples_rclcpp_minimal_composition:/home/waves/ros2_humble/install/demo_nodes_cpp_native:/home/waves/ros2_humble/install/rclcpp_components:/home/waves/ros2_humble/install/intra_process_demo:/home/waves/ros2_humble/install/examples_rclcpp_multithreaded_executor:/home/waves/ros2_humble/install/examples_rclcpp_minimal_timer:/home/waves/ros2_humble/install/examples_rclcpp_minimal_publisher:/home/waves/ros2_humble/install/examples_rclcpp_cbg_executor:/home/waves/ros2_humble/install/dummy_sensors:/home/waves/ros2_humble/install/dummy_map_server:/home/waves/ros2_humble/install/rclcpp:/home/waves/ros2_humble/install/rcl_lifecycle:/home/waves/ros2_humble/install/libstatistics_collector:/home/waves/ros2_humble/install/rcl:/home/waves/ros2_humble/install/rmw_implementation:/home/waves/ros2_humble/install/rmw_fastrtps_dynamic_cpp:/home/waves/ros2_humble/install/rmw_fastrtps_cpp:/home/waves/ros2_humble/install/rmw_fastrtps_shared_cpp:/home/waves/ros2_humble/install/rmw_cyclonedds_cpp:/home/waves/ros2_humble/install/tracetools:/home/waves/ros2_humble/install/tlsf:/home/waves/ros2_humble/install/tinyxml_vendor:/home/waves/ros2_humble/install/qt_gui_core:/home/waves/ros2_humble/install/qt_gui_cpp:/home/waves/ros2_humble/install/pluginlib:/home/waves/ros2_humble/install/tinyxml2_vendor:/home/waves/ros2_humble/install/tf2_eigen_kdl:/home/waves/ros2_humble/install/tf2:/home/waves/ros2_humble/install/test_security:/home/waves/ros2_humble/install/test_rmw_implementation:/home/waves/ros2_humble/install/test_rclcpp:/home/waves/ros2_humble/install/test_quality_of_service:/home/waves/ros2_humble/install/test_launch_testing:/home/waves/ros2_humble/install/test_interface_files:/home/waves/ros2_humble/install/test_communication:/home/waves/ros2_humble/install/test_cli_remapping:/home/waves/ros2_humble/install/test_cli:/home/waves/ros2_humble/install/qt_gui_app:/home/waves/ros2_humble/install/qt_gui:/home/waves/ros2_humble/install/tango_icons_vendor:/home/waves/ros2_humble/install/stereo_msgs:/home/waves/ros2_humble/install/std_srvs:/home/waves/ros2_humble/install/shape_msgs:/home/waves/ros2_humble/install/map_msgs:/home/waves/ros2_humble/install/sensor_msgs:/home/waves/ros2_humble/install/nav_msgs:/home/waves/ros2_humble/install/diagnostic_msgs:/home/waves/ros2_humble/install/geometry_msgs:/home/waves/ros2_humble/install/actionlib_msgs:/home/waves/ros2_humble/install/std_msgs:/home/waves/ros2_humble/install/statistics_msgs:/home/waves/ros2_humble/install/sqlite3_vendor:/home/waves/ros2_humble/install/rcl_logging_spdlog:/home/waves/ros2_humble/install/spdlog_vendor:/home/waves/ros2_humble/install/shared_queues_vendor:/home/waves/ros2_humble/install/rviz_rendering_tests:/home/waves/ros2_humble/install/rviz_rendering:/home/waves/ros2_humble/install/rviz_ogre_vendor:/home/waves/ros2_humble/install/rviz_assimp_vendor:/home/waves/ros2_humble/install/rttest:/home/waves/ros2_humble/install/rmw_connextddsmicro:/home/waves/ros2_humble/install/rmw_connextdds:/home/waves/ros2_humble/install/rmw_connextdds_common:/home/waves/ros2_humble/install/rti_connext_dds_cmake_module:/home/waves/ros2_humble/install/rosgraph_msgs:/home/waves/ros2_humble/install/rosbag2_interfaces:/home/waves/ros2_humble/install/rmw_dds_common:/home/waves/ros2_humble/install/composition_interfaces:/home/waves/ros2_humble/install/rcl_interfaces:/home/waves/ros2_humble/install/pendulum_msgs:/home/waves/ros2_humble/install/lifecycle_msgs:/home/waves/ros2_humble/install/builtin_interfaces:/home/waves/ros2_humble/install/rosidl_default_runtime:/home/waves/ros2_humble/install/rosidl_default_generators:/home/waves/ros2_humble/install/rosidl_generator_py:/home/waves/ros2_humble/install/rosidl_typesupport_introspection_tests:/home/waves/ros2_humble/install/rosidl_typesupport_cpp:/home/waves/ros2_humble/install/rosidl_typesupport_introspection_cpp:/home/waves/ros2_humble/install/rosidl_typesupport_c:/home/waves/ros2_humble/install/rosidl_typesupport_introspection_c:/home/waves/ros2_humble/install/rosidl_typesupport_fastrtps_c:/home/waves/ros2_humble/install/rosidl_typesupport_fastrtps_cpp:/home/waves/ros2_humble/install/rosidl_generator_cpp:/home/waves/ros2_humble/install/rosidl_runtime_cpp:/home/waves/ros2_humble/install/rcl_yaml_param_parser:/home/waves/ros2_humble/install/rmw:/home/waves/ros2_humble/install/rosidl_runtime_c:/home/waves/ros2_humble/install/rosidl_generator_c:/home/waves/ros2_humble/install/rosidl_typesupport_interface:/home/waves/ros2_humble/install/rosidl_generator_dds_idl:/home/waves/ros2_humble/install/rosidl_cmake:/home/waves/ros2_humble/install/rosidl_parser:/home/waves/ros2_humble/install/rosidl_adapter:/home/waves/ros2_humble/install/rosbag2_tests:/home/waves/ros2_humble/install/ros_environment:/home/waves/ros2_humble/install/rmw_implementation_cmake:/home/waves/ros2_humble/install/resource_retriever:/home/waves/ros2_humble/install/class_loader:/home/waves/ros2_humble/install/rcpputils:/home/waves/ros2_humble/install/rcl_logging_noop:/home/waves/ros2_humble/install/rcl_logging_interface:/home/waves/ros2_humble/install/rcutils:/home/waves/ros2_humble/install/qt_gui_py_common:/home/waves/ros2_humble/install/qt_dotgraph:/home/waves/ros2_humble/install/python_qt_binding:/home/waves/ros2_humble/install/python_orocos_kdl_vendor:/home/waves/ros2_humble/install/launch_testing_ament_cmake:/home/waves/ros2_humble/install/python_cmake_module:/home/waves/ros2_humble/install/pybind11_vendor:/home/waves/ros2_humble/install/performance_test_fixture:/home/waves/ros2_humble/install/osrf_testing_tools_cpp:/home/waves/ros2_humble/install/orocos_kdl_vendor:/home/waves/ros2_humble/install/mimick_vendor:/home/waves/ros2_humble/install/libyaml_vendor:/home/waves/ros2_humble/install/libcurl_vendor:/home/waves/ros2_humble/install/keyboard_handler:/home/waves/ros2_humble/install/iceoryx_introspection:/home/waves/ros2_humble/install/cyclonedds:/home/waves/ros2_humble/install/iceoryx_posh:/home/waves/ros2_humble/install/iceoryx_hoofs:/home/waves/ros2_humble/install/iceoryx_binding_c:/home/waves/ros2_humble/install/ament_cmake_ros:/home/waves/ros2_humble/install/ament_cmake_auto:/home/waves/ros2_humble/install/ament_cmake_gmock:/home/waves/ros2_humble/install/gmock_vendor:/home/waves/ros2_humble/install/ament_cmake_gtest:/home/waves/ros2_humble/install/gtest_vendor:/home/waves/ros2_humble/install/ament_cmake_google_benchmark:/home/waves/ros2_humble/install/google_benchmark_vendor:/home/waves/ros2_humble/install/fastrtps:/home/waves/ros2_humble/install/foonathan_memory_vendor:/home/waves/ros2_humble/install/fastrtps_cmake_module:/home/waves/ros2_humble/install/fastcdr:/home/waves/ros2_humble/install/eigen3_cmake_module:/home/waves/ros2_humble/install/console_bridge_vendor:/home/waves/ros2_humble/install/ament_cmake_xmllint:/home/waves/ros2_humble/install/ament_cmake_pyflakes:/home/waves/ros2_humble/install/ament_cmake_pycodestyle:/home/waves/ros2_humble/install/ament_cmake_pep257:/home/waves/ros2_humble/install/ament_cmake_pclint:/home/waves/ros2_humble/install/ament_lint_auto:/home/waves/ros2_humble/install/ament_cmake:/home/waves/ros2_humble/install/ament_cmake_version:/home/waves/ros2_humble/install/ament_cmake_vendor_package:/home/waves/ros2_humble/install/ament_cmake_pytest:/home/waves/ros2_humble/install/ament_cmake_nose:/home/waves/ros2_humble/install/ament_cmake_mypy:/home/waves/ros2_humble/install/ament_cmake_lint_cmake:/home/waves/ros2_humble/install/ament_cmake_flake8:/home/waves/ros2_humble/install/ament_cmake_cpplint:/home/waves/ros2_humble/install/ament_cmake_cppcheck:/home/waves/ros2_humble/install/ament_cmake_copyright:/home/waves/ros2_humble/install/ament_cmake_clang_tidy:/home/waves/ros2_humble/install/ament_cmake_clang_format:/home/waves/ros2_humble/install/ament_cmake_test:/home/waves/ros2_humble/install/ament_cmake_target_dependencies:/home/waves/ros2_humble/install/ament_cmake_python:/home/waves/ros2_humble/install/ament_cmake_export_dependencies:/home/waves/ros2_humble/install/ament_cmake_libraries:/home/waves/ros2_humble/install/ament_cmake_include_directories:/home/waves/ros2_humble/install/ament_cmake_gen_version_h:/home/waves/ros2_humble/install/ament_cmake_export_targets:/home/waves/ros2_humble/install/ament_cmake_export_link_flags:/home/waves/ros2_humble/install/ament_cmake_export_interfaces:/home/waves/ros2_humble/install/ament_cmake_export_libraries:/home/waves/ros2_humble/install/ament_cmake_export_include_directories:/home/waves/ros2_humble/install/ament_cmake_export_definitions:/home/waves/ros2_humble/install/ament_cmake_core:/home/waves/ros2_humble/install/ament_index_cpp /usr/bin/cmake --install /home/waves/hexapod/build/hexapod_services
[49.279s] Level 1:colcon.colcon_core.environment:create_environment_scripts_only(hexapod_services)
[49.279s] Level 1:colcon.colcon_core.environment:checking '/home/waves/hexapod/install/hexapod_services' for CMake module files
[49.280s] Level 1:colcon.colcon_core.environment:checking '/home/waves/hexapod/install/hexapod_services' for CMake config files
[49.281s] Level 1:colcon.colcon_core.shell:create_environment_hook('hexapod_services', 'cmake_prefix_path')
[49.281s] INFO:colcon.colcon_core.shell:Creating environment hook '/home/waves/hexapod/install/hexapod_services/share/hexapod_services/hook/cmake_prefix_path.ps1'
[49.282s] INFO:colcon.colcon_core.shell:Creating environment descriptor '/home/waves/hexapod/install/hexapod_services/share/hexapod_services/hook/cmake_prefix_path.dsv'
[49.282s] INFO:colcon.colcon_core.shell:Creating environment hook '/home/waves/hexapod/install/hexapod_services/share/hexapod_services/hook/cmake_prefix_path.sh'
[49.284s] Level 1:colcon.colcon_core.environment:checking '/home/waves/hexapod/install/hexapod_services/lib'
[49.284s] Level 1:colcon.colcon_core.environment:checking '/home/waves/hexapod/install/hexapod_services/bin'
[49.284s] Level 1:colcon.colcon_core.environment:checking '/home/waves/hexapod/install/hexapod_services/lib/pkgconfig/hexapod_services.pc'
[49.284s] Level 1:colcon.colcon_core.environment:checking '/home/waves/hexapod/install/hexapod_services/lib/python3.10/site-packages'
[49.284s] Level 1:colcon.colcon_core.environment:checking '/home/waves/hexapod/install/hexapod_services/bin'
[49.285s] INFO:colcon.colcon_core.shell:Creating package script '/home/waves/hexapod/install/hexapod_services/share/hexapod_services/package.ps1'
[49.286s] INFO:colcon.colcon_core.shell:Creating package descriptor '/home/waves/hexapod/install/hexapod_services/share/hexapod_services/package.dsv'
[49.287s] INFO:colcon.colcon_core.shell:Creating package script '/home/waves/hexapod/install/hexapod_services/share/hexapod_services/package.sh'
[49.288s] INFO:colcon.colcon_core.shell:Creating package script '/home/waves/hexapod/install/hexapod_services/share/hexapod_services/package.bash'
[49.288s] INFO:colcon.colcon_core.shell:Creating package script '/home/waves/hexapod/install/hexapod_services/share/hexapod_services/package.zsh'
[49.289s] Level 1:colcon.colcon_core.environment:create_file_with_runtime_dependencies(/home/waves/hexapod/install/hexapod_services/share/colcon-core/packages/hexapod_services)
[49.289s] Level 1:colcon.colcon_core.environment:create_environment_scripts_only(hexapod_services)
[49.290s] Level 1:colcon.colcon_core.environment:checking '/home/waves/hexapod/install/hexapod_services' for CMake module files
[49.290s] Level 1:colcon.colcon_core.environment:checking '/home/waves/hexapod/install/hexapod_services' for CMake config files
[49.290s] Level 1:colcon.colcon_core.shell:create_environment_hook('hexapod_services', 'cmake_prefix_path')
[49.291s] INFO:colcon.colcon_core.shell:Creating environment hook '/home/waves/hexapod/install/hexapod_services/share/hexapod_services/hook/cmake_prefix_path.ps1'
[49.292s] INFO:colcon.colcon_core.shell:Creating environment descriptor '/home/waves/hexapod/install/hexapod_services/share/hexapod_services/hook/cmake_prefix_path.dsv'
[49.292s] INFO:colcon.colcon_core.shell:Creating environment hook '/home/waves/hexapod/install/hexapod_services/share/hexapod_services/hook/cmake_prefix_path.sh'
[49.293s] Level 1:colcon.colcon_core.environment:checking '/home/waves/hexapod/install/hexapod_services/lib'
[49.293s] Level 1:colcon.colcon_core.environment:checking '/home/waves/hexapod/install/hexapod_services/bin'
[49.293s] Level 1:colcon.colcon_core.environment:checking '/home/waves/hexapod/install/hexapod_services/lib/pkgconfig/hexapod_services.pc'
[49.294s] Level 1:colcon.colcon_core.environment:checking '/home/waves/hexapod/install/hexapod_services/lib/python3.10/site-packages'
[49.294s] Level 1:colcon.colcon_core.environment:checking '/home/waves/hexapod/install/hexapod_services/bin'
[49.294s] INFO:colcon.colcon_core.shell:Creating package script '/home/waves/hexapod/install/hexapod_services/share/hexapod_services/package.ps1'
[49.295s] INFO:colcon.colcon_core.shell:Creating package descriptor '/home/waves/hexapod/install/hexapod_services/share/hexapod_services/package.dsv'
[49.296s] INFO:colcon.colcon_core.shell:Creating package script '/home/waves/hexapod/install/hexapod_services/share/hexapod_services/package.sh'
[49.297s] INFO:colcon.colcon_core.shell:Creating package script '/home/waves/hexapod/install/hexapod_services/share/hexapod_services/package.bash'
[49.298s] INFO:colcon.colcon_core.shell:Creating package script '/home/waves/hexapod/install/hexapod_services/share/hexapod_services/package.zsh'
[49.299s] Level 1:colcon.colcon_core.environment:create_file_with_runtime_dependencies(/home/waves/hexapod/install/hexapod_services/share/colcon-core/packages/hexapod_services)
[49.300s] DEBUG:colcon.colcon_core.event_handler.log_command:Invoked command in '/home/waves/hexapod/build/hexapod_services' returned '0': CMAKE_PREFIX_PATH=/home/waves/hexapod/install/hexapod_interfaces:/home/waves/hexapod/install/hexapod_services:/home/waves/hexapod/install/hexapod_control:/home/waves/ros2_ws/install/video_runner:/home/waves/ros2_ws/install/robotics_class:/home/waves/ros2_ws/install/my_robot_bringup:/home/waves/ros2_ws/install/my_cpp_prac:/home/waves/ros2_ws/install/my_cpp_pkg:/home/waves/ros2_ws/install/act_5:/home/waves/ros2_ws/install/my_interface:/home/waves/ros2_ws/install/buffer:/home/waves/research/install/cobots:/home/waves/ros2_sim/install/ros2_control_demos:/home/waves/ros2_sim/install/ros2_control_demo_description:/home/waves/ros2_sim/install/my_robot_sim:/home/waves/ros2_sim/install/humanoid:/home/waves/ros2_sim/install/hopper_sim:/home/waves/ros2_sim/install/hopper_description:/home/waves/hexapod/install/hexapod_communication:/home/waves/ros2_ws/install/my_py_pkg:/opt/ros/humble:/home/waves/ros2_humble/install/rqt_bag_plugins:/home/waves/ros2_humble/install/rqt_bag:/home/waves/ros2_humble/install/launch_testing_examples:/home/waves/ros2_humble/install/ros2bag:/home/waves/ros2_humble/install/tracetools_test:/home/waves/ros2_humble/install/tracetools_launch:/home/waves/ros2_humble/install/topic_monitor:/home/waves/ros2_humble/install/tf2_tools:/home/waves/ros2_humble/install/examples_tf2_py:/home/waves/ros2_humble/install/tf2_ros_py:/home/waves/ros2_humble/install/sros2:/home/waves/ros2_humble/install/rqt_topic:/home/waves/ros2_humble/install/rqt_srv:/home/waves/ros2_humble/install/rqt_shell:/home/waves/ros2_humble/install/rqt_service_caller:/home/waves/ros2_humble/install/rqt_reconfigure:/home/waves/ros2_humble/install/rqt_py_console:/home/waves/ros2_humble/install/rqt_publisher:/home/waves/ros2_humble/install/rqt_plot:/home/waves/ros2_humble/install/rqt_action:/home/waves/ros2_humble/install/rqt_msg:/home/waves/ros2_humble/install/rqt_console:/home/waves/ros2_humble/install/rqt:/home/waves/ros2_humble/install/rqt_graph:/home/waves/ros2_humble/install/rqt_gui_py:/home/waves/ros2_humble/install/rqt_gui:/home/waves/ros2_humble/install/ros2trace:/home/waves/ros2_humble/install/ros2topic:/home/waves/ros2_humble/install/ros2test:/home/waves/ros2_humble/install/ros2component:/home/waves/ros2_humble/install/ros2param:/home/waves/ros2_humble/install/ros2lifecycle:/home/waves/ros2_humble/install/ros2service:/home/waves/ros2_humble/install/ros2run:/home/waves/ros2_humble/install/ros2launch:/home/waves/ros2_humble/install/ros2pkg:/home/waves/ros2_humble/install/ros2node:/home/waves/ros2_humble/install/ros2multicast:/home/waves/ros2_humble/install/ros2interface:/home/waves/ros2_humble/install/ros2doctor:/home/waves/ros2_humble/install/ros2action:/home/waves/ros2_humble/install/ros2cli:/home/waves/ros2_humble/install/quality_of_service_demo_py:/home/waves/ros2_humble/install/lifecycle_py:/home/waves/ros2_humble/install/launch_testing_ros:/home/waves/ros2_humble/install/launch_ros:/home/waves/ros2_humble/install/examples_rclpy_pointcloud_publisher:/home/waves/ros2_humble/install/examples_rclpy_minimal_subscriber:/home/waves/ros2_humble/install/examples_rclpy_minimal_service:/home/waves/ros2_humble/install/examples_rclpy_minimal_publisher:/home/waves/ros2_humble/install/examples_rclpy_minimal_client:/home/waves/ros2_humble/install/examples_rclpy_minimal_action_server:/home/waves/ros2_humble/install/examples_rclpy_minimal_action_client:/home/waves/ros2_humble/install/examples_rclpy_guard_conditions:/home/waves/ros2_humble/install/examples_rclpy_executors:/home/waves/ros2_humble/install/demo_nodes_py:/home/waves/ros2_humble/install/camera_info_manager_py:/home/waves/ros2_humble/install/action_tutorials_py:/home/waves/ros2_humble/install/ament_uncrustify:/home/waves/ros2_humble/install/tracetools_trace:/home/waves/ros2_humble/install/tracetools_read:/home/waves/ros2_humble/install/test_tracetools_launch:/home/waves/ros2_humble/install/test_launch_ros:/home/waves/ros2_humble/install/sensor_msgs_py:/home/waves/ros2_humble/install/rpyutils:/home/waves/ros2_humble/install/rosidl_runtime_py:/home/waves/ros2_humble/install/rosidl_cli:/home/waves/ros2_humble/install/launch_pytest:/home/waves/ros2_humble/install/launch_testing:/home/waves/ros2_humble/install/launch_yaml:/home/waves/ros2_humble/install/launch_xml:/home/waves/ros2_humble/install/launch:/home/waves/ros2_humble/install/osrf_pycommon:/home/waves/ros2_humble/install/domain_coordinator:/home/waves/ros2_humble/install/ament_xmllint:/home/waves/ros2_humble/install/ament_pyflakes:/home/waves/ros2_humble/install/ament_pycodestyle:/home/waves/ros2_humble/install/ament_pep257:/home/waves/ros2_humble/install/ament_pclint:/home/waves/ros2_humble/install/ament_package:/home/waves/ros2_humble/install/ament_mypy:/home/waves/ros2_humble/install/ament_lint_cmake:/home/waves/ros2_humble/install/ament_flake8:/home/waves/ros2_humble/install/ament_copyright:/home/waves/ros2_humble/install/ament_lint:/home/waves/ros2_humble/install/ament_index_python:/home/waves/ros2_humble/install/ament_cpplint:/home/waves/ros2_humble/install/ament_cppcheck:/home/waves/ros2_humble/install/ament_clang_tidy:/home/waves/ros2_humble/install/ament_clang_format:/home/waves/ros2_sim/install/hexapod_description:/home/waves/ros2_sim/install/hexapod:/home/waves/ros2_sim/install/franka:/home/waves/ros2_humble/install/rosbag2_storage_mcap:/home/waves/ros2_humble/install/rosbag2:/home/waves/ros2_humble/install/rosbag2_compression_zstd:/home/waves/ros2_humble/install/mcap_vendor:/home/waves/ros2_humble/install/zstd_vendor:/home/waves/ros2_humble/install/rviz_visual_testing_framework:/home/waves/ros2_humble/install/rviz2:/home/waves/ros2_humble/install/rviz_default_plugins:/home/waves/ros2_humble/install/rviz_common:/home/waves/ros2_humble/install/rosbag2_py:/home/waves/ros2_humble/install/rosbag2_transport:/home/waves/ros2_humble/install/rosbag2_storage_default_plugins:/home/waves/ros2_humble/install/rosbag2_performance_benchmarking:/home/waves/ros2_humble/install/rosbag2_compression:/home/waves/ros2_humble/install/rosbag2_cpp:/home/waves/ros2_humble/install/rosbag2_storage:/home/waves/ros2_humble/install/image_common:/home/waves/ros2_humble/install/camera_info_manager:/home/waves/ros2_humble/install/camera_calibration_parsers:/home/waves/ros2_humble/install/yaml_cpp_vendor:/home/waves/ros2_humble/install/interactive_markers:/home/waves/ros2_humble/install/common_interfaces:/home/waves/ros2_humble/install/visualization_msgs:/home/waves/ros2_humble/install/dummy_robot_bringup:/home/waves/ros2_humble/install/robot_state_publisher:/home/waves/ros2_humble/install/kdl_parser:/home/waves/ros2_humble/install/urdf:/home/waves/ros2_humble/install/urdfdom:/home/waves/ros2_humble/install/urdf_parser_plugin:/home/waves/ros2_humble/install/urdfdom_headers:/home/waves/ros2_humble/install/turtlesim:/home/waves/ros2_humble/install/geometry2:/home/waves/ros2_humble/install/tf2_sensor_msgs:/home/waves/ros2_humble/install/test_tf2:/home/waves/ros2_humble/install/tf2_kdl:/home/waves/ros2_humble/install/tf2_geometry_msgs:/home/waves/ros2_humble/install/tf2_eigen:/home/waves/ros2_humble/install/tf2_bullet:/home/waves/ros2_humble/install/tf2_ros:/home/waves/ros2_humble/install/tf2_py:/home/waves/ros2_humble/install/tf2_msgs:/home/waves/ros2_humble/install/test_msgs:/home/waves/ros2_humble/install/sros2_cmake:/home/waves/ros2_humble/install/ros2cli_common_extensions:/home/waves/ros2_humble/install/rqt_py_common:/home/waves/ros2_humble/install/rosbag2_storage_mcap_testdata:/home/waves/ros2_humble/install/ros_testing:/home/waves/ros2_humble/install/ros2cli_test_interfaces:/home/waves/ros2_humble/install/quality_of_service_demo_cpp:/home/waves/ros2_humble/install/image_transport:/home/waves/ros2_humble/install/message_filters:/home/waves/ros2_humble/install/demo_nodes_cpp:/home/waves/ros2_humble/install/composition:/home/waves/ros2_humble/install/laser_geometry:/home/waves/ros2_humble/install/rclpy:/home/waves/ros2_humble/install/examples_rclcpp_minimal_action_server:/home/waves/ros2_humble/install/examples_rclcpp_minimal_action_client:/home/waves/ros2_humble/install/action_tutorials_cpp:/home/waves/ros2_humble/install/rclcpp_action:/home/waves/ros2_humble/install/rcl_action:/home/waves/ros2_humble/install/examples_rclcpp_wait_set:/home/waves/ros2_humble/install/examples_rclcpp_minimal_service:/home/waves/ros2_humble/install/examples_rclcpp_minimal_client:/home/waves/ros2_humble/install/examples_rclcpp_async_client:/home/waves/ros2_humble/install/example_interfaces:/home/waves/ros2_humble/install/action_tutorials_interfaces:/home/waves/ros2_humble/install/action_msgs:/home/waves/ros2_humble/install/unique_identifier_msgs:/home/waves/ros2_humble/install/ament_lint_common:/home/waves/ros2_humble/install/ament_cmake_uncrustify:/home/waves/ros2_humble/install/uncrustify_vendor:/home/waves/ros2_humble/install/trajectory_msgs:/home/waves/ros2_humble/install/topic_statistics_demo:/home/waves/ros2_humble/install/pendulum_control:/home/waves/ros2_humble/install/tlsf_cpp:/home/waves/ros2_humble/install/test_tracetools:/home/waves/ros2_humble/install/rqt_gui_cpp:/home/waves/ros2_humble/install/rosbag2_test_common:/home/waves/ros2_humble/install/ros2lifecycle_test_fixtures:/home/waves/ros2_humble/install/lifecycle:/home/waves/ros2_humble/install/rclcpp_lifecycle:/home/waves/ros2_humble/install/logging_demo:/home/waves/ros2_humble/install/image_tools:/home/waves/ros2_humble/install/examples_rclcpp_minimal_subscriber:/home/waves/ros2_humble/install/examples_rclcpp_minimal_composition:/home/waves/ros2_humble/install/demo_nodes_cpp_native:/home/waves/ros2_humble/install/rclcpp_components:/home/waves/ros2_humble/install/intra_process_demo:/home/waves/ros2_humble/install/examples_rclcpp_multithreaded_executor:/home/waves/ros2_humble/install/examples_rclcpp_minimal_timer:/home/waves/ros2_humble/install/examples_rclcpp_minimal_publisher:/home/waves/ros2_humble/install/examples_rclcpp_cbg_executor:/home/waves/ros2_humble/install/dummy_sensors:/home/waves/ros2_humble/install/dummy_map_server:/home/waves/ros2_humble/install/rclcpp:/home/waves/ros2_humble/install/rcl_lifecycle:/home/waves/ros2_humble/install/libstatistics_collector:/home/waves/ros2_humble/install/rcl:/home/waves/ros2_humble/install/rmw_implementation:/home/waves/ros2_humble/install/rmw_fastrtps_dynamic_cpp:/home/waves/ros2_humble/install/rmw_fastrtps_cpp:/home/waves/ros2_humble/install/rmw_fastrtps_shared_cpp:/home/waves/ros2_humble/install/rmw_cyclonedds_cpp:/home/waves/ros2_humble/install/tracetools:/home/waves/ros2_humble/install/tlsf:/home/waves/ros2_humble/install/tinyxml_vendor:/home/waves/ros2_humble/install/qt_gui_core:/home/waves/ros2_humble/install/qt_gui_cpp:/home/waves/ros2_humble/install/pluginlib:/home/waves/ros2_humble/install/tinyxml2_vendor:/home/waves/ros2_humble/install/tf2_eigen_kdl:/home/waves/ros2_humble/install/tf2:/home/waves/ros2_humble/install/test_security:/home/waves/ros2_humble/install/test_rmw_implementation:/home/waves/ros2_humble/install/test_rclcpp:/home/waves/ros2_humble/install/test_quality_of_service:/home/waves/ros2_humble/install/test_launch_testing:/home/waves/ros2_humble/install/test_interface_files:/home/waves/ros2_humble/install/test_communication:/home/waves/ros2_humble/install/test_cli_remapping:/home/waves/ros2_humble/install/test_cli:/home/waves/ros2_humble/install/qt_gui_app:/home/waves/ros2_humble/install/qt_gui:/home/waves/ros2_humble/install/tango_icons_vendor:/home/waves/ros2_humble/install/stereo_msgs:/home/waves/ros2_humble/install/std_srvs:/home/waves/ros2_humble/install/shape_msgs:/home/waves/ros2_humble/install/map_msgs:/home/waves/ros2_humble/install/sensor_msgs:/home/waves/ros2_humble/install/nav_msgs:/home/waves/ros2_humble/install/diagnostic_msgs:/home/waves/ros2_humble/install/geometry_msgs:/home/waves/ros2_humble/install/actionlib_msgs:/home/waves/ros2_humble/install/std_msgs:/home/waves/ros2_humble/install/statistics_msgs:/home/waves/ros2_humble/install/sqlite3_vendor:/home/waves/ros2_humble/install/rcl_logging_spdlog:/home/waves/ros2_humble/install/spdlog_vendor:/home/waves/ros2_humble/install/shared_queues_vendor:/home/waves/ros2_humble/install/rviz_rendering_tests:/home/waves/ros2_humble/install/rviz_rendering:/home/waves/ros2_humble/install/rviz_ogre_vendor:/home/waves/ros2_humble/install/rviz_assimp_vendor:/home/waves/ros2_humble/install/rttest:/home/waves/ros2_humble/install/rmw_connextddsmicro:/home/waves/ros2_humble/install/rmw_connextdds:/home/waves/ros2_humble/install/rmw_connextdds_common:/home/waves/ros2_humble/install/rti_connext_dds_cmake_module:/home/waves/ros2_humble/install/rosgraph_msgs:/home/waves/ros2_humble/install/rosbag2_interfaces:/home/waves/ros2_humble/install/rmw_dds_common:/home/waves/ros2_humble/install/composition_interfaces:/home/waves/ros2_humble/install/rcl_interfaces:/home/waves/ros2_humble/install/pendulum_msgs:/home/waves/ros2_humble/install/lifecycle_msgs:/home/waves/ros2_humble/install/builtin_interfaces:/home/waves/ros2_humble/install/rosidl_default_runtime:/home/waves/ros2_humble/install/rosidl_default_generators:/home/waves/ros2_humble/install/rosidl_generator_py:/home/waves/ros2_humble/install/rosidl_typesupport_introspection_tests:/home/waves/ros2_humble/install/rosidl_typesupport_cpp:/home/waves/ros2_humble/install/rosidl_typesupport_introspection_cpp:/home/waves/ros2_humble/install/rosidl_typesupport_c:/home/waves/ros2_humble/install/rosidl_typesupport_introspection_c:/home/waves/ros2_humble/install/rosidl_typesupport_fastrtps_c:/home/waves/ros2_humble/install/rosidl_typesupport_fastrtps_cpp:/home/waves/ros2_humble/install/rosidl_generator_cpp:/home/waves/ros2_humble/install/rosidl_runtime_cpp:/home/waves/ros2_humble/install/rcl_yaml_param_parser:/home/waves/ros2_humble/install/rmw:/home/waves/ros2_humble/install/rosidl_runtime_c:/home/waves/ros2_humble/install/rosidl_generator_c:/home/waves/ros2_humble/install/rosidl_typesupport_interface:/home/waves/ros2_humble/install/rosidl_generator_dds_idl:/home/waves/ros2_humble/install/rosidl_cmake:/home/waves/ros2_humble/install/rosidl_parser:/home/waves/ros2_humble/install/rosidl_adapter:/home/waves/ros2_humble/install/rosbag2_tests:/home/waves/ros2_humble/install/ros_environment:/home/waves/ros2_humble/install/rmw_implementation_cmake:/home/waves/ros2_humble/install/resource_retriever:/home/waves/ros2_humble/install/class_loader:/home/waves/ros2_humble/install/rcpputils:/home/waves/ros2_humble/install/rcl_logging_noop:/home/waves/ros2_humble/install/rcl_logging_interface:/home/waves/ros2_humble/install/rcutils:/home/waves/ros2_humble/install/qt_gui_py_common:/home/waves/ros2_humble/install/qt_dotgraph:/home/waves/ros2_humble/install/python_qt_binding:/home/waves/ros2_humble/install/python_orocos_kdl_vendor:/home/waves/ros2_humble/install/launch_testing_ament_cmake:/home/waves/ros2_humble/install/python_cmake_module:/home/waves/ros2_humble/install/pybind11_vendor:/home/waves/ros2_humble/install/performance_test_fixture:/home/waves/ros2_humble/install/osrf_testing_tools_cpp:/home/waves/ros2_humble/install/orocos_kdl_vendor:/home/waves/ros2_humble/install/mimick_vendor:/home/waves/ros2_humble/install/libyaml_vendor:/home/waves/ros2_humble/install/libcurl_vendor:/home/waves/ros2_humble/install/keyboard_handler:/home/waves/ros2_humble/install/iceoryx_introspection:/home/waves/ros2_humble/install/cyclonedds:/home/waves/ros2_humble/install/iceoryx_posh:/home/waves/ros2_humble/install/iceoryx_hoofs:/home/waves/ros2_humble/install/iceoryx_binding_c:/home/waves/ros2_humble/install/ament_cmake_ros:/home/waves/ros2_humble/install/ament_cmake_auto:/home/waves/ros2_humble/install/ament_cmake_gmock:/home/waves/ros2_humble/install/gmock_vendor:/home/waves/ros2_humble/install/ament_cmake_gtest:/home/waves/ros2_humble/install/gtest_vendor:/home/waves/ros2_humble/install/ament_cmake_google_benchmark:/home/waves/ros2_humble/install/google_benchmark_vendor:/home/waves/ros2_humble/install/fastrtps:/home/waves/ros2_humble/install/foonathan_memory_vendor:/home/waves/ros2_humble/install/fastrtps_cmake_module:/home/waves/ros2_humble/install/fastcdr:/home/waves/ros2_humble/install/eigen3_cmake_module:/home/waves/ros2_humble/install/console_bridge_vendor:/home/waves/ros2_humble/install/ament_cmake_xmllint:/home/waves/ros2_humble/install/ament_cmake_pyflakes:/home/waves/ros2_humble/install/ament_cmake_pycodestyle:/home/waves/ros2_humble/install/ament_cmake_pep257:/home/waves/ros2_humble/install/ament_cmake_pclint:/home/waves/ros2_humble/install/ament_lint_auto:/home/waves/ros2_humble/install/ament_cmake:/home/waves/ros2_humble/install/ament_cmake_version:/home/waves/ros2_humble/install/ament_cmake_vendor_package:/home/waves/ros2_humble/install/ament_cmake_pytest:/home/waves/ros2_humble/install/ament_cmake_nose:/home/waves/ros2_humble/install/ament_cmake_mypy:/home/waves/ros2_humble/install/ament_cmake_lint_cmake:/home/waves/ros2_humble/install/ament_cmake_flake8:/home/waves/ros2_humble/install/ament_cmake_cpplint:/home/waves/ros2_humble/install/ament_cmake_cppcheck:/home/waves/ros2_humble/install/ament_cmake_copyright:/home/waves/ros2_humble/install/ament_cmake_clang_tidy:/home/waves/ros2_humble/install/ament_cmake_clang_format:/home/waves/ros2_humble/install/ament_cmake_test:/home/waves/ros2_humble/install/ament_cmake_target_dependencies:/home/waves/ros2_humble/install/ament_cmake_python:/home/waves/ros2_humble/install/ament_cmake_export_dependencies:/home/waves/ros2_humble/install/ament_cmake_libraries:/home/waves/ros2_humble/install/ament_cmake_include_directories:/home/waves/ros2_humble/install/ament_cmake_gen_version_h:/home/waves/ros2_humble/install/ament_cmake_export_targets:/home/waves/ros2_humble/install/ament_cmake_export_link_flags:/home/waves/ros2_humble/install/ament_cmake_export_interfaces:/home/waves/ros2_humble/install/ament_cmake_export_libraries:/home/waves/ros2_humble/install/ament_cmake_export_include_directories:/home/waves/ros2_humble/install/ament_cmake_export_definitions:/home/waves/ros2_humble/install/ament_cmake_core:/home/waves/ros2_humble/install/ament_index_cpp /usr/bin/cmake --install /home/waves/hexapod/build/hexapod_services
[61.457s] DEBUG:colcon.colcon_core.event_handler.log_command:Invoked command in '/home/waves/hexapod/build/hexapod_control' returned '0': CMAKE_PREFIX_PATH=/home/waves/hexapod/install/hexapod_interfaces:/home/waves/hexapod/install/hexapod_services:/home/waves/hexapod/install/hexapod_control:/home/waves/ros2_ws/install/video_runner:/home/waves/ros2_ws/install/robotics_class:/home/waves/ros2_ws/install/my_robot_bringup:/home/waves/ros2_ws/install/my_cpp_prac:/home/waves/ros2_ws/install/my_cpp_pkg:/home/waves/ros2_ws/install/act_5:/home/waves/ros2_ws/install/my_interface:/home/waves/ros2_ws/install/buffer:/home/waves/research/install/cobots:/home/waves/ros2_sim/install/ros2_control_demos:/home/waves/ros2_sim/install/ros2_control_demo_description:/home/waves/ros2_sim/install/my_robot_sim:/home/waves/ros2_sim/install/humanoid:/home/waves/ros2_sim/install/hopper_sim:/home/waves/ros2_sim/install/hopper_description:/home/waves/hexapod/install/hexapod_communication:/home/waves/ros2_ws/install/my_py_pkg:/opt/ros/humble:/home/waves/ros2_humble/install/rqt_bag_plugins:/home/waves/ros2_humble/install/rqt_bag:/home/waves/ros2_humble/install/launch_testing_examples:/home/waves/ros2_humble/install/ros2bag:/home/waves/ros2_humble/install/tracetools_test:/home/waves/ros2_humble/install/tracetools_launch:/home/waves/ros2_humble/install/topic_monitor:/home/waves/ros2_humble/install/tf2_tools:/home/waves/ros2_humble/install/examples_tf2_py:/home/waves/ros2_humble/install/tf2_ros_py:/home/waves/ros2_humble/install/sros2:/home/waves/ros2_humble/install/rqt_topic:/home/waves/ros2_humble/install/rqt_srv:/home/waves/ros2_humble/install/rqt_shell:/home/waves/ros2_humble/install/rqt_service_caller:/home/waves/ros2_humble/install/rqt_reconfigure:/home/waves/ros2_humble/install/rqt_py_console:/home/waves/ros2_humble/install/rqt_publisher:/home/waves/ros2_humble/install/rqt_plot:/home/waves/ros2_humble/install/rqt_action:/home/waves/ros2_humble/install/rqt_msg:/home/waves/ros2_humble/install/rqt_console:/home/waves/ros2_humble/install/rqt:/home/waves/ros2_humble/install/rqt_graph:/home/waves/ros2_humble/install/rqt_gui_py:/home/waves/ros2_humble/install/rqt_gui:/home/waves/ros2_humble/install/ros2trace:/home/waves/ros2_humble/install/ros2topic:/home/waves/ros2_humble/install/ros2test:/home/waves/ros2_humble/install/ros2component:/home/waves/ros2_humble/install/ros2param:/home/waves/ros2_humble/install/ros2lifecycle:/home/waves/ros2_humble/install/ros2service:/home/waves/ros2_humble/install/ros2run:/home/waves/ros2_humble/install/ros2launch:/home/waves/ros2_humble/install/ros2pkg:/home/waves/ros2_humble/install/ros2node:/home/waves/ros2_humble/install/ros2multicast:/home/waves/ros2_humble/install/ros2interface:/home/waves/ros2_humble/install/ros2doctor:/home/waves/ros2_humble/install/ros2action:/home/waves/ros2_humble/install/ros2cli:/home/waves/ros2_humble/install/quality_of_service_demo_py:/home/waves/ros2_humble/install/lifecycle_py:/home/waves/ros2_humble/install/launch_testing_ros:/home/waves/ros2_humble/install/launch_ros:/home/waves/ros2_humble/install/examples_rclpy_pointcloud_publisher:/home/waves/ros2_humble/install/examples_rclpy_minimal_subscriber:/home/waves/ros2_humble/install/examples_rclpy_minimal_service:/home/waves/ros2_humble/install/examples_rclpy_minimal_publisher:/home/waves/ros2_humble/install/examples_rclpy_minimal_client:/home/waves/ros2_humble/install/examples_rclpy_minimal_action_server:/home/waves/ros2_humble/install/examples_rclpy_minimal_action_client:/home/waves/ros2_humble/install/examples_rclpy_guard_conditions:/home/waves/ros2_humble/install/examples_rclpy_executors:/home/waves/ros2_humble/install/demo_nodes_py:/home/waves/ros2_humble/install/camera_info_manager_py:/home/waves/ros2_humble/install/action_tutorials_py:/home/waves/ros2_humble/install/ament_uncrustify:/home/waves/ros2_humble/install/tracetools_trace:/home/waves/ros2_humble/install/tracetools_read:/home/waves/ros2_humble/install/test_tracetools_launch:/home/waves/ros2_humble/install/test_launch_ros:/home/waves/ros2_humble/install/sensor_msgs_py:/home/waves/ros2_humble/install/rpyutils:/home/waves/ros2_humble/install/rosidl_runtime_py:/home/waves/ros2_humble/install/rosidl_cli:/home/waves/ros2_humble/install/launch_pytest:/home/waves/ros2_humble/install/launch_testing:/home/waves/ros2_humble/install/launch_yaml:/home/waves/ros2_humble/install/launch_xml:/home/waves/ros2_humble/install/launch:/home/waves/ros2_humble/install/osrf_pycommon:/home/waves/ros2_humble/install/domain_coordinator:/home/waves/ros2_humble/install/ament_xmllint:/home/waves/ros2_humble/install/ament_pyflakes:/home/waves/ros2_humble/install/ament_pycodestyle:/home/waves/ros2_humble/install/ament_pep257:/home/waves/ros2_humble/install/ament_pclint:/home/waves/ros2_humble/install/ament_package:/home/waves/ros2_humble/install/ament_mypy:/home/waves/ros2_humble/install/ament_lint_cmake:/home/waves/ros2_humble/install/ament_flake8:/home/waves/ros2_humble/install/ament_copyright:/home/waves/ros2_humble/install/ament_lint:/home/waves/ros2_humble/install/ament_index_python:/home/waves/ros2_humble/install/ament_cpplint:/home/waves/ros2_humble/install/ament_cppcheck:/home/waves/ros2_humble/install/ament_clang_tidy:/home/waves/ros2_humble/install/ament_clang_format:/home/waves/ros2_sim/install/hexapod_description:/home/waves/ros2_sim/install/hexapod:/home/waves/ros2_sim/install/franka:/home/waves/ros2_humble/install/rosbag2_storage_mcap:/home/waves/ros2_humble/install/rosbag2:/home/waves/ros2_humble/install/rosbag2_compression_zstd:/home/waves/ros2_humble/install/mcap_vendor:/home/waves/ros2_humble/install/zstd_vendor:/home/waves/ros2_humble/install/rviz_visual_testing_framework:/home/waves/ros2_humble/install/rviz2:/home/waves/ros2_humble/install/rviz_default_plugins:/home/waves/ros2_humble/install/rviz_common:/home/waves/ros2_humble/install/rosbag2_py:/home/waves/ros2_humble/install/rosbag2_transport:/home/waves/ros2_humble/install/rosbag2_storage_default_plugins:/home/waves/ros2_humble/install/rosbag2_performance_benchmarking:/home/waves/ros2_humble/install/rosbag2_compression:/home/waves/ros2_humble/install/rosbag2_cpp:/home/waves/ros2_humble/install/rosbag2_storage:/home/waves/ros2_humble/install/image_common:/home/waves/ros2_humble/install/camera_info_manager:/home/waves/ros2_humble/install/camera_calibration_parsers:/home/waves/ros2_humble/install/yaml_cpp_vendor:/home/waves/ros2_humble/install/interactive_markers:/home/waves/ros2_humble/install/common_interfaces:/home/waves/ros2_humble/install/visualization_msgs:/home/waves/ros2_humble/install/dummy_robot_bringup:/home/waves/ros2_humble/install/robot_state_publisher:/home/waves/ros2_humble/install/kdl_parser:/home/waves/ros2_humble/install/urdf:/home/waves/ros2_humble/install/urdfdom:/home/waves/ros2_humble/install/urdf_parser_plugin:/home/waves/ros2_humble/install/urdfdom_headers:/home/waves/ros2_humble/install/turtlesim:/home/waves/ros2_humble/install/geometry2:/home/waves/ros2_humble/install/tf2_sensor_msgs:/home/waves/ros2_humble/install/test_tf2:/home/waves/ros2_humble/install/tf2_kdl:/home/waves/ros2_humble/install/tf2_geometry_msgs:/home/waves/ros2_humble/install/tf2_eigen:/home/waves/ros2_humble/install/tf2_bullet:/home/waves/ros2_humble/install/tf2_ros:/home/waves/ros2_humble/install/tf2_py:/home/waves/ros2_humble/install/tf2_msgs:/home/waves/ros2_humble/install/test_msgs:/home/waves/ros2_humble/install/sros2_cmake:/home/waves/ros2_humble/install/ros2cli_common_extensions:/home/waves/ros2_humble/install/rqt_py_common:/home/waves/ros2_humble/install/rosbag2_storage_mcap_testdata:/home/waves/ros2_humble/install/ros_testing:/home/waves/ros2_humble/install/ros2cli_test_interfaces:/home/waves/ros2_humble/install/quality_of_service_demo_cpp:/home/waves/ros2_humble/install/image_transport:/home/waves/ros2_humble/install/message_filters:/home/waves/ros2_humble/install/demo_nodes_cpp:/home/waves/ros2_humble/install/composition:/home/waves/ros2_humble/install/laser_geometry:/home/waves/ros2_humble/install/rclpy:/home/waves/ros2_humble/install/examples_rclcpp_minimal_action_server:/home/waves/ros2_humble/install/examples_rclcpp_minimal_action_client:/home/waves/ros2_humble/install/action_tutorials_cpp:/home/waves/ros2_humble/install/rclcpp_action:/home/waves/ros2_humble/install/rcl_action:/home/waves/ros2_humble/install/examples_rclcpp_wait_set:/home/waves/ros2_humble/install/examples_rclcpp_minimal_service:/home/waves/ros2_humble/install/examples_rclcpp_minimal_client:/home/waves/ros2_humble/install/examples_rclcpp_async_client:/home/waves/ros2_humble/install/example_interfaces:/home/waves/ros2_humble/install/action_tutorials_interfaces:/home/waves/ros2_humble/install/action_msgs:/home/waves/ros2_humble/install/unique_identifier_msgs:/home/waves/ros2_humble/install/ament_lint_common:/home/waves/ros2_humble/install/ament_cmake_uncrustify:/home/waves/ros2_humble/install/uncrustify_vendor:/home/waves/ros2_humble/install/trajectory_msgs:/home/waves/ros2_humble/install/topic_statistics_demo:/home/waves/ros2_humble/install/pendulum_control:/home/waves/ros2_humble/install/tlsf_cpp:/home/waves/ros2_humble/install/test_tracetools:/home/waves/ros2_humble/install/rqt_gui_cpp:/home/waves/ros2_humble/install/rosbag2_test_common:/home/waves/ros2_humble/install/ros2lifecycle_test_fixtures:/home/waves/ros2_humble/install/lifecycle:/home/waves/ros2_humble/install/rclcpp_lifecycle:/home/waves/ros2_humble/install/logging_demo:/home/waves/ros2_humble/install/image_tools:/home/waves/ros2_humble/install/examples_rclcpp_minimal_subscriber:/home/waves/ros2_humble/install/examples_rclcpp_minimal_composition:/home/waves/ros2_humble/install/demo_nodes_cpp_native:/home/waves/ros2_humble/install/rclcpp_components:/home/waves/ros2_humble/install/intra_process_demo:/home/waves/ros2_humble/install/examples_rclcpp_multithreaded_executor:/home/waves/ros2_humble/install/examples_rclcpp_minimal_timer:/home/waves/ros2_humble/install/examples_rclcpp_minimal_publisher:/home/waves/ros2_humble/install/examples_rclcpp_cbg_executor:/home/waves/ros2_humble/install/dummy_sensors:/home/waves/ros2_humble/install/dummy_map_server:/home/waves/ros2_humble/install/rclcpp:/home/waves/ros2_humble/install/rcl_lifecycle:/home/waves/ros2_humble/install/libstatistics_collector:/home/waves/ros2_humble/install/rcl:/home/waves/ros2_humble/install/rmw_implementation:/home/waves/ros2_humble/install/rmw_fastrtps_dynamic_cpp:/home/waves/ros2_humble/install/rmw_fastrtps_cpp:/home/waves/ros2_humble/install/rmw_fastrtps_shared_cpp:/home/waves/ros2_humble/install/rmw_cyclonedds_cpp:/home/waves/ros2_humble/install/tracetools:/home/waves/ros2_humble/install/tlsf:/home/waves/ros2_humble/install/tinyxml_vendor:/home/waves/ros2_humble/install/qt_gui_core:/home/waves/ros2_humble/install/qt_gui_cpp:/home/waves/ros2_humble/install/pluginlib:/home/waves/ros2_humble/install/tinyxml2_vendor:/home/waves/ros2_humble/install/tf2_eigen_kdl:/home/waves/ros2_humble/install/tf2:/home/waves/ros2_humble/install/test_security:/home/waves/ros2_humble/install/test_rmw_implementation:/home/waves/ros2_humble/install/test_rclcpp:/home/waves/ros2_humble/install/test_quality_of_service:/home/waves/ros2_humble/install/test_launch_testing:/home/waves/ros2_humble/install/test_interface_files:/home/waves/ros2_humble/install/test_communication:/home/waves/ros2_humble/install/test_cli_remapping:/home/waves/ros2_humble/install/test_cli:/home/waves/ros2_humble/install/qt_gui_app:/home/waves/ros2_humble/install/qt_gui:/home/waves/ros2_humble/install/tango_icons_vendor:/home/waves/ros2_humble/install/stereo_msgs:/home/waves/ros2_humble/install/std_srvs:/home/waves/ros2_humble/install/shape_msgs:/home/waves/ros2_humble/install/map_msgs:/home/waves/ros2_humble/install/sensor_msgs:/home/waves/ros2_humble/install/nav_msgs:/home/waves/ros2_humble/install/diagnostic_msgs:/home/waves/ros2_humble/install/geometry_msgs:/home/waves/ros2_humble/install/actionlib_msgs:/home/waves/ros2_humble/install/std_msgs:/home/waves/ros2_humble/install/statistics_msgs:/home/waves/ros2_humble/install/sqlite3_vendor:/home/waves/ros2_humble/install/rcl_logging_spdlog:/home/waves/ros2_humble/install/spdlog_vendor:/home/waves/ros2_humble/install/shared_queues_vendor:/home/waves/ros2_humble/install/rviz_rendering_tests:/home/waves/ros2_humble/install/rviz_rendering:/home/waves/ros2_humble/install/rviz_ogre_vendor:/home/waves/ros2_humble/install/rviz_assimp_vendor:/home/waves/ros2_humble/install/rttest:/home/waves/ros2_humble/install/rmw_connextddsmicro:/home/waves/ros2_humble/install/rmw_connextdds:/home/waves/ros2_humble/install/rmw_connextdds_common:/home/waves/ros2_humble/install/rti_connext_dds_cmake_module:/home/waves/ros2_humble/install/rosgraph_msgs:/home/waves/ros2_humble/install/rosbag2_interfaces:/home/waves/ros2_humble/install/rmw_dds_common:/home/waves/ros2_humble/install/composition_interfaces:/home/waves/ros2_humble/install/rcl_interfaces:/home/waves/ros2_humble/install/pendulum_msgs:/home/waves/ros2_humble/install/lifecycle_msgs:/home/waves/ros2_humble/install/builtin_interfaces:/home/waves/ros2_humble/install/rosidl_default_runtime:/home/waves/ros2_humble/install/rosidl_default_generators:/home/waves/ros2_humble/install/rosidl_generator_py:/home/waves/ros2_humble/install/rosidl_typesupport_introspection_tests:/home/waves/ros2_humble/install/rosidl_typesupport_cpp:/home/waves/ros2_humble/install/rosidl_typesupport_introspection_cpp:/home/waves/ros2_humble/install/rosidl_typesupport_c:/home/waves/ros2_humble/install/rosidl_typesupport_introspection_c:/home/waves/ros2_humble/install/rosidl_typesupport_fastrtps_c:/home/waves/ros2_humble/install/rosidl_typesupport_fastrtps_cpp:/home/waves/ros2_humble/install/rosidl_generator_cpp:/home/waves/ros2_humble/install/rosidl_runtime_cpp:/home/waves/ros2_humble/install/rcl_yaml_param_parser:/home/waves/ros2_humble/install/rmw:/home/waves/ros2_humble/install/rosidl_runtime_c:/home/waves/ros2_humble/install/rosidl_generator_c:/home/waves/ros2_humble/install/rosidl_typesupport_interface:/home/waves/ros2_humble/install/rosidl_generator_dds_idl:/home/waves/ros2_humble/install/rosidl_cmake:/home/waves/ros2_humble/install/rosidl_parser:/home/waves/ros2_humble/install/rosidl_adapter:/home/waves/ros2_humble/install/rosbag2_tests:/home/waves/ros2_humble/install/ros_environment:/home/waves/ros2_humble/install/rmw_implementation_cmake:/home/waves/ros2_humble/install/resource_retriever:/home/waves/ros2_humble/install/class_loader:/home/waves/ros2_humble/install/rcpputils:/home/waves/ros2_humble/install/rcl_logging_noop:/home/waves/ros2_humble/install/rcl_logging_interface:/home/waves/ros2_humble/install/rcutils:/home/waves/ros2_humble/install/qt_gui_py_common:/home/waves/ros2_humble/install/qt_dotgraph:/home/waves/ros2_humble/install/python_qt_binding:/home/waves/ros2_humble/install/python_orocos_kdl_vendor:/home/waves/ros2_humble/install/launch_testing_ament_cmake:/home/waves/ros2_humble/install/python_cmake_module:/home/waves/ros2_humble/install/pybind11_vendor:/home/waves/ros2_humble/install/performance_test_fixture:/home/waves/ros2_humble/install/osrf_testing_tools_cpp:/home/waves/ros2_humble/install/orocos_kdl_vendor:/home/waves/ros2_humble/install/mimick_vendor:/home/waves/ros2_humble/install/libyaml_vendor:/home/waves/ros2_humble/install/libcurl_vendor:/home/waves/ros2_humble/install/keyboard_handler:/home/waves/ros2_humble/install/iceoryx_introspection:/home/waves/ros2_humble/install/cyclonedds:/home/waves/ros2_humble/install/iceoryx_posh:/home/waves/ros2_humble/install/iceoryx_hoofs:/home/waves/ros2_humble/install/iceoryx_binding_c:/home/waves/ros2_humble/install/ament_cmake_ros:/home/waves/ros2_humble/install/ament_cmake_auto:/home/waves/ros2_humble/install/ament_cmake_gmock:/home/waves/ros2_humble/install/gmock_vendor:/home/waves/ros2_humble/install/ament_cmake_gtest:/home/waves/ros2_humble/install/gtest_vendor:/home/waves/ros2_humble/install/ament_cmake_google_benchmark:/home/waves/ros2_humble/install/google_benchmark_vendor:/home/waves/ros2_humble/install/fastrtps:/home/waves/ros2_humble/install/foonathan_memory_vendor:/home/waves/ros2_humble/install/fastrtps_cmake_module:/home/waves/ros2_humble/install/fastcdr:/home/waves/ros2_humble/install/eigen3_cmake_module:/home/waves/ros2_humble/install/console_bridge_vendor:/home/waves/ros2_humble/install/ament_cmake_xmllint:/home/waves/ros2_humble/install/ament_cmake_pyflakes:/home/waves/ros2_humble/install/ament_cmake_pycodestyle:/home/waves/ros2_humble/install/ament_cmake_pep257:/home/waves/ros2_humble/install/ament_cmake_pclint:/home/waves/ros2_humble/install/ament_lint_auto:/home/waves/ros2_humble/install/ament_cmake:/home/waves/ros2_humble/install/ament_cmake_version:/home/waves/ros2_humble/install/ament_cmake_vendor_package:/home/waves/ros2_humble/install/ament_cmake_pytest:/home/waves/ros2_humble/install/ament_cmake_nose:/home/waves/ros2_humble/install/ament_cmake_mypy:/home/waves/ros2_humble/install/ament_cmake_lint_cmake:/home/waves/ros2_humble/install/ament_cmake_flake8:/home/waves/ros2_humble/install/ament_cmake_cpplint:/home/waves/ros2_humble/install/ament_cmake_cppcheck:/home/waves/ros2_humble/install/ament_cmake_copyright:/home/waves/ros2_humble/install/ament_cmake_clang_tidy:/home/waves/ros2_humble/install/ament_cmake_clang_format:/home/waves/ros2_humble/install/ament_cmake_test:/home/waves/ros2_humble/install/ament_cmake_target_dependencies:/home/waves/ros2_humble/install/ament_cmake_python:/home/waves/ros2_humble/install/ament_cmake_export_dependencies:/home/waves/ros2_humble/install/ament_cmake_libraries:/home/waves/ros2_humble/install/ament_cmake_include_directories:/home/waves/ros2_humble/install/ament_cmake_gen_version_h:/home/waves/ros2_humble/install/ament_cmake_export_targets:/home/waves/ros2_humble/install/ament_cmake_export_link_flags:/home/waves/ros2_humble/install/ament_cmake_export_interfaces:/home/waves/ros2_humble/install/ament_cmake_export_libraries:/home/waves/ros2_humble/install/ament_cmake_export_include_directories:/home/waves/ros2_humble/install/ament_cmake_export_definitions:/home/waves/ros2_humble/install/ament_cmake_core:/home/waves/ros2_humble/install/ament_index_cpp /usr/bin/cmake --build /home/waves/hexapod/build/hexapod_control -- -j4 -l4
[61.461s] DEBUG:colcon.colcon_core.event_handler.log_command:Invoking command in '/home/waves/hexapod/build/hexapod_control': CMAKE_PREFIX_PATH=/home/waves/hexapod/install/hexapod_interfaces:/home/waves/hexapod/install/hexapod_services:/home/waves/hexapod/install/hexapod_control:/home/waves/ros2_ws/install/video_runner:/home/waves/ros2_ws/install/robotics_class:/home/waves/ros2_ws/install/my_robot_bringup:/home/waves/ros2_ws/install/my_cpp_prac:/home/waves/ros2_ws/install/my_cpp_pkg:/home/waves/ros2_ws/install/act_5:/home/waves/ros2_ws/install/my_interface:/home/waves/ros2_ws/install/buffer:/home/waves/research/install/cobots:/home/waves/ros2_sim/install/ros2_control_demos:/home/waves/ros2_sim/install/ros2_control_demo_description:/home/waves/ros2_sim/install/my_robot_sim:/home/waves/ros2_sim/install/humanoid:/home/waves/ros2_sim/install/hopper_sim:/home/waves/ros2_sim/install/hopper_description:/home/waves/hexapod/install/hexapod_communication:/home/waves/ros2_ws/install/my_py_pkg:/opt/ros/humble:/home/waves/ros2_humble/install/rqt_bag_plugins:/home/waves/ros2_humble/install/rqt_bag:/home/waves/ros2_humble/install/launch_testing_examples:/home/waves/ros2_humble/install/ros2bag:/home/waves/ros2_humble/install/tracetools_test:/home/waves/ros2_humble/install/tracetools_launch:/home/waves/ros2_humble/install/topic_monitor:/home/waves/ros2_humble/install/tf2_tools:/home/waves/ros2_humble/install/examples_tf2_py:/home/waves/ros2_humble/install/tf2_ros_py:/home/waves/ros2_humble/install/sros2:/home/waves/ros2_humble/install/rqt_topic:/home/waves/ros2_humble/install/rqt_srv:/home/waves/ros2_humble/install/rqt_shell:/home/waves/ros2_humble/install/rqt_service_caller:/home/waves/ros2_humble/install/rqt_reconfigure:/home/waves/ros2_humble/install/rqt_py_console:/home/waves/ros2_humble/install/rqt_publisher:/home/waves/ros2_humble/install/rqt_plot:/home/waves/ros2_humble/install/rqt_action:/home/waves/ros2_humble/install/rqt_msg:/home/waves/ros2_humble/install/rqt_console:/home/waves/ros2_humble/install/rqt:/home/waves/ros2_humble/install/rqt_graph:/home/waves/ros2_humble/install/rqt_gui_py:/home/waves/ros2_humble/install/rqt_gui:/home/waves/ros2_humble/install/ros2trace:/home/waves/ros2_humble/install/ros2topic:/home/waves/ros2_humble/install/ros2test:/home/waves/ros2_humble/install/ros2component:/home/waves/ros2_humble/install/ros2param:/home/waves/ros2_humble/install/ros2lifecycle:/home/waves/ros2_humble/install/ros2service:/home/waves/ros2_humble/install/ros2run:/home/waves/ros2_humble/install/ros2launch:/home/waves/ros2_humble/install/ros2pkg:/home/waves/ros2_humble/install/ros2node:/home/waves/ros2_humble/install/ros2multicast:/home/waves/ros2_humble/install/ros2interface:/home/waves/ros2_humble/install/ros2doctor:/home/waves/ros2_humble/install/ros2action:/home/waves/ros2_humble/install/ros2cli:/home/waves/ros2_humble/install/quality_of_service_demo_py:/home/waves/ros2_humble/install/lifecycle_py:/home/waves/ros2_humble/install/launch_testing_ros:/home/waves/ros2_humble/install/launch_ros:/home/waves/ros2_humble/install/examples_rclpy_pointcloud_publisher:/home/waves/ros2_humble/install/examples_rclpy_minimal_subscriber:/home/waves/ros2_humble/install/examples_rclpy_minimal_service:/home/waves/ros2_humble/install/examples_rclpy_minimal_publisher:/home/waves/ros2_humble/install/examples_rclpy_minimal_client:/home/waves/ros2_humble/install/examples_rclpy_minimal_action_server:/home/waves/ros2_humble/install/examples_rclpy_minimal_action_client:/home/waves/ros2_humble/install/examples_rclpy_guard_conditions:/home/waves/ros2_humble/install/examples_rclpy_executors:/home/waves/ros2_humble/install/demo_nodes_py:/home/waves/ros2_humble/install/camera_info_manager_py:/home/waves/ros2_humble/install/action_tutorials_py:/home/waves/ros2_humble/install/ament_uncrustify:/home/waves/ros2_humble/install/tracetools_trace:/home/waves/ros2_humble/install/tracetools_read:/home/waves/ros2_humble/install/test_tracetools_launch:/home/waves/ros2_humble/install/test_launch_ros:/home/waves/ros2_humble/install/sensor_msgs_py:/home/waves/ros2_humble/install/rpyutils:/home/waves/ros2_humble/install/rosidl_runtime_py:/home/waves/ros2_humble/install/rosidl_cli:/home/waves/ros2_humble/install/launch_pytest:/home/waves/ros2_humble/install/launch_testing:/home/waves/ros2_humble/install/launch_yaml:/home/waves/ros2_humble/install/launch_xml:/home/waves/ros2_humble/install/launch:/home/waves/ros2_humble/install/osrf_pycommon:/home/waves/ros2_humble/install/domain_coordinator:/home/waves/ros2_humble/install/ament_xmllint:/home/waves/ros2_humble/install/ament_pyflakes:/home/waves/ros2_humble/install/ament_pycodestyle:/home/waves/ros2_humble/install/ament_pep257:/home/waves/ros2_humble/install/ament_pclint:/home/waves/ros2_humble/install/ament_package:/home/waves/ros2_humble/install/ament_mypy:/home/waves/ros2_humble/install/ament_lint_cmake:/home/waves/ros2_humble/install/ament_flake8:/home/waves/ros2_humble/install/ament_copyright:/home/waves/ros2_humble/install/ament_lint:/home/waves/ros2_humble/install/ament_index_python:/home/waves/ros2_humble/install/ament_cpplint:/home/waves/ros2_humble/install/ament_cppcheck:/home/waves/ros2_humble/install/ament_clang_tidy:/home/waves/ros2_humble/install/ament_clang_format:/home/waves/ros2_sim/install/hexapod_description:/home/waves/ros2_sim/install/hexapod:/home/waves/ros2_sim/install/franka:/home/waves/ros2_humble/install/rosbag2_storage_mcap:/home/waves/ros2_humble/install/rosbag2:/home/waves/ros2_humble/install/rosbag2_compression_zstd:/home/waves/ros2_humble/install/mcap_vendor:/home/waves/ros2_humble/install/zstd_vendor:/home/waves/ros2_humble/install/rviz_visual_testing_framework:/home/waves/ros2_humble/install/rviz2:/home/waves/ros2_humble/install/rviz_default_plugins:/home/waves/ros2_humble/install/rviz_common:/home/waves/ros2_humble/install/rosbag2_py:/home/waves/ros2_humble/install/rosbag2_transport:/home/waves/ros2_humble/install/rosbag2_storage_default_plugins:/home/waves/ros2_humble/install/rosbag2_performance_benchmarking:/home/waves/ros2_humble/install/rosbag2_compression:/home/waves/ros2_humble/install/rosbag2_cpp:/home/waves/ros2_humble/install/rosbag2_storage:/home/waves/ros2_humble/install/image_common:/home/waves/ros2_humble/install/camera_info_manager:/home/waves/ros2_humble/install/camera_calibration_parsers:/home/waves/ros2_humble/install/yaml_cpp_vendor:/home/waves/ros2_humble/install/interactive_markers:/home/waves/ros2_humble/install/common_interfaces:/home/waves/ros2_humble/install/visualization_msgs:/home/waves/ros2_humble/install/dummy_robot_bringup:/home/waves/ros2_humble/install/robot_state_publisher:/home/waves/ros2_humble/install/kdl_parser:/home/waves/ros2_humble/install/urdf:/home/waves/ros2_humble/install/urdfdom:/home/waves/ros2_humble/install/urdf_parser_plugin:/home/waves/ros2_humble/install/urdfdom_headers:/home/waves/ros2_humble/install/turtlesim:/home/waves/ros2_humble/install/geometry2:/home/waves/ros2_humble/install/tf2_sensor_msgs:/home/waves/ros2_humble/install/test_tf2:/home/waves/ros2_humble/install/tf2_kdl:/home/waves/ros2_humble/install/tf2_geometry_msgs:/home/waves/ros2_humble/install/tf2_eigen:/home/waves/ros2_humble/install/tf2_bullet:/home/waves/ros2_humble/install/tf2_ros:/home/waves/ros2_humble/install/tf2_py:/home/waves/ros2_humble/install/tf2_msgs:/home/waves/ros2_humble/install/test_msgs:/home/waves/ros2_humble/install/sros2_cmake:/home/waves/ros2_humble/install/ros2cli_common_extensions:/home/waves/ros2_humble/install/rqt_py_common:/home/waves/ros2_humble/install/rosbag2_storage_mcap_testdata:/home/waves/ros2_humble/install/ros_testing:/home/waves/ros2_humble/install/ros2cli_test_interfaces:/home/waves/ros2_humble/install/quality_of_service_demo_cpp:/home/waves/ros2_humble/install/image_transport:/home/waves/ros2_humble/install/message_filters:/home/waves/ros2_humble/install/demo_nodes_cpp:/home/waves/ros2_humble/install/composition:/home/waves/ros2_humble/install/laser_geometry:/home/waves/ros2_humble/install/rclpy:/home/waves/ros2_humble/install/examples_rclcpp_minimal_action_server:/home/waves/ros2_humble/install/examples_rclcpp_minimal_action_client:/home/waves/ros2_humble/install/action_tutorials_cpp:/home/waves/ros2_humble/install/rclcpp_action:/home/waves/ros2_humble/install/rcl_action:/home/waves/ros2_humble/install/examples_rclcpp_wait_set:/home/waves/ros2_humble/install/examples_rclcpp_minimal_service:/home/waves/ros2_humble/install/examples_rclcpp_minimal_client:/home/waves/ros2_humble/install/examples_rclcpp_async_client:/home/waves/ros2_humble/install/example_interfaces:/home/waves/ros2_humble/install/action_tutorials_interfaces:/home/waves/ros2_humble/install/action_msgs:/home/waves/ros2_humble/install/unique_identifier_msgs:/home/waves/ros2_humble/install/ament_lint_common:/home/waves/ros2_humble/install/ament_cmake_uncrustify:/home/waves/ros2_humble/install/uncrustify_vendor:/home/waves/ros2_humble/install/trajectory_msgs:/home/waves/ros2_humble/install/topic_statistics_demo:/home/waves/ros2_humble/install/pendulum_control:/home/waves/ros2_humble/install/tlsf_cpp:/home/waves/ros2_humble/install/test_tracetools:/home/waves/ros2_humble/install/rqt_gui_cpp:/home/waves/ros2_humble/install/rosbag2_test_common:/home/waves/ros2_humble/install/ros2lifecycle_test_fixtures:/home/waves/ros2_humble/install/lifecycle:/home/waves/ros2_humble/install/rclcpp_lifecycle:/home/waves/ros2_humble/install/logging_demo:/home/waves/ros2_humble/install/image_tools:/home/waves/ros2_humble/install/examples_rclcpp_minimal_subscriber:/home/waves/ros2_humble/install/examples_rclcpp_minimal_composition:/home/waves/ros2_humble/install/demo_nodes_cpp_native:/home/waves/ros2_humble/install/rclcpp_components:/home/waves/ros2_humble/install/intra_process_demo:/home/waves/ros2_humble/install/examples_rclcpp_multithreaded_executor:/home/waves/ros2_humble/install/examples_rclcpp_minimal_timer:/home/waves/ros2_humble/install/examples_rclcpp_minimal_publisher:/home/waves/ros2_humble/install/examples_rclcpp_cbg_executor:/home/waves/ros2_humble/install/dummy_sensors:/home/waves/ros2_humble/install/dummy_map_server:/home/waves/ros2_humble/install/rclcpp:/home/waves/ros2_humble/install/rcl_lifecycle:/home/waves/ros2_humble/install/libstatistics_collector:/home/waves/ros2_humble/install/rcl:/home/waves/ros2_humble/install/rmw_implementation:/home/waves/ros2_humble/install/rmw_fastrtps_dynamic_cpp:/home/waves/ros2_humble/install/rmw_fastrtps_cpp:/home/waves/ros2_humble/install/rmw_fastrtps_shared_cpp:/home/waves/ros2_humble/install/rmw_cyclonedds_cpp:/home/waves/ros2_humble/install/tracetools:/home/waves/ros2_humble/install/tlsf:/home/waves/ros2_humble/install/tinyxml_vendor:/home/waves/ros2_humble/install/qt_gui_core:/home/waves/ros2_humble/install/qt_gui_cpp:/home/waves/ros2_humble/install/pluginlib:/home/waves/ros2_humble/install/tinyxml2_vendor:/home/waves/ros2_humble/install/tf2_eigen_kdl:/home/waves/ros2_humble/install/tf2:/home/waves/ros2_humble/install/test_security:/home/waves/ros2_humble/install/test_rmw_implementation:/home/waves/ros2_humble/install/test_rclcpp:/home/waves/ros2_humble/install/test_quality_of_service:/home/waves/ros2_humble/install/test_launch_testing:/home/waves/ros2_humble/install/test_interface_files:/home/waves/ros2_humble/install/test_communication:/home/waves/ros2_humble/install/test_cli_remapping:/home/waves/ros2_humble/install/test_cli:/home/waves/ros2_humble/install/qt_gui_app:/home/waves/ros2_humble/install/qt_gui:/home/waves/ros2_humble/install/tango_icons_vendor:/home/waves/ros2_humble/install/stereo_msgs:/home/waves/ros2_humble/install/std_srvs:/home/waves/ros2_humble/install/shape_msgs:/home/waves/ros2_humble/install/map_msgs:/home/waves/ros2_humble/install/sensor_msgs:/home/waves/ros2_humble/install/nav_msgs:/home/waves/ros2_humble/install/diagnostic_msgs:/home/waves/ros2_humble/install/geometry_msgs:/home/waves/ros2_humble/install/actionlib_msgs:/home/waves/ros2_humble/install/std_msgs:/home/waves/ros2_humble/install/statistics_msgs:/home/waves/ros2_humble/install/sqlite3_vendor:/home/waves/ros2_humble/install/rcl_logging_spdlog:/home/waves/ros2_humble/install/spdlog_vendor:/home/waves/ros2_humble/install/shared_queues_vendor:/home/waves/ros2_humble/install/rviz_rendering_tests:/home/waves/ros2_humble/install/rviz_rendering:/home/waves/ros2_humble/install/rviz_ogre_vendor:/home/waves/ros2_humble/install/rviz_assimp_vendor:/home/waves/ros2_humble/install/rttest:/home/waves/ros2_humble/install/rmw_connextddsmicro:/home/waves/ros2_humble/install/rmw_connextdds:/home/waves/ros2_humble/install/rmw_connextdds_common:/home/waves/ros2_humble/install/rti_connext_dds_cmake_module:/home/waves/ros2_humble/install/rosgraph_msgs:/home/waves/ros2_humble/install/rosbag2_interfaces:/home/waves/ros2_humble/install/rmw_dds_common:/home/waves/ros2_humble/install/composition_interfaces:/home/waves/ros2_humble/install/rcl_interfaces:/home/waves/ros2_humble/install/pendulum_msgs:/home/waves/ros2_humble/install/lifecycle_msgs:/home/waves/ros2_humble/install/builtin_interfaces:/home/waves/ros2_humble/install/rosidl_default_runtime:/home/waves/ros2_humble/install/rosidl_default_generators:/home/waves/ros2_humble/install/rosidl_generator_py:/home/waves/ros2_humble/install/rosidl_typesupport_introspection_tests:/home/waves/ros2_humble/install/rosidl_typesupport_cpp:/home/waves/ros2_humble/install/rosidl_typesupport_introspection_cpp:/home/waves/ros2_humble/install/rosidl_typesupport_c:/home/waves/ros2_humble/install/rosidl_typesupport_introspection_c:/home/waves/ros2_humble/install/rosidl_typesupport_fastrtps_c:/home/waves/ros2_humble/install/rosidl_typesupport_fastrtps_cpp:/home/waves/ros2_humble/install/rosidl_generator_cpp:/home/waves/ros2_humble/install/rosidl_runtime_cpp:/home/waves/ros2_humble/install/rcl_yaml_param_parser:/home/waves/ros2_humble/install/rmw:/home/waves/ros2_humble/install/rosidl_runtime_c:/home/waves/ros2_humble/install/rosidl_generator_c:/home/waves/ros2_humble/install/rosidl_typesupport_interface:/home/waves/ros2_humble/install/rosidl_generator_dds_idl:/home/waves/ros2_humble/install/rosidl_cmake:/home/waves/ros2_humble/install/rosidl_parser:/home/waves/ros2_humble/install/rosidl_adapter:/home/waves/ros2_humble/install/rosbag2_tests:/home/waves/ros2_humble/install/ros_environment:/home/waves/ros2_humble/install/rmw_implementation_cmake:/home/waves/ros2_humble/install/resource_retriever:/home/waves/ros2_humble/install/class_loader:/home/waves/ros2_humble/install/rcpputils:/home/waves/ros2_humble/install/rcl_logging_noop:/home/waves/ros2_humble/install/rcl_logging_interface:/home/waves/ros2_humble/install/rcutils:/home/waves/ros2_humble/install/qt_gui_py_common:/home/waves/ros2_humble/install/qt_dotgraph:/home/waves/ros2_humble/install/python_qt_binding:/home/waves/ros2_humble/install/python_orocos_kdl_vendor:/home/waves/ros2_humble/install/launch_testing_ament_cmake:/home/waves/ros2_humble/install/python_cmake_module:/home/waves/ros2_humble/install/pybind11_vendor:/home/waves/ros2_humble/install/performance_test_fixture:/home/waves/ros2_humble/install/osrf_testing_tools_cpp:/home/waves/ros2_humble/install/orocos_kdl_vendor:/home/waves/ros2_humble/install/mimick_vendor:/home/waves/ros2_humble/install/libyaml_vendor:/home/waves/ros2_humble/install/libcurl_vendor:/home/waves/ros2_humble/install/keyboard_handler:/home/waves/ros2_humble/install/iceoryx_introspection:/home/waves/ros2_humble/install/cyclonedds:/home/waves/ros2_humble/install/iceoryx_posh:/home/waves/ros2_humble/install/iceoryx_hoofs:/home/waves/ros2_humble/install/iceoryx_binding_c:/home/waves/ros2_humble/install/ament_cmake_ros:/home/waves/ros2_humble/install/ament_cmake_auto:/home/waves/ros2_humble/install/ament_cmake_gmock:/home/waves/ros2_humble/install/gmock_vendor:/home/waves/ros2_humble/install/ament_cmake_gtest:/home/waves/ros2_humble/install/gtest_vendor:/home/waves/ros2_humble/install/ament_cmake_google_benchmark:/home/waves/ros2_humble/install/google_benchmark_vendor:/home/waves/ros2_humble/install/fastrtps:/home/waves/ros2_humble/install/foonathan_memory_vendor:/home/waves/ros2_humble/install/fastrtps_cmake_module:/home/waves/ros2_humble/install/fastcdr:/home/waves/ros2_humble/install/eigen3_cmake_module:/home/waves/ros2_humble/install/console_bridge_vendor:/home/waves/ros2_humble/install/ament_cmake_xmllint:/home/waves/ros2_humble/install/ament_cmake_pyflakes:/home/waves/ros2_humble/install/ament_cmake_pycodestyle:/home/waves/ros2_humble/install/ament_cmake_pep257:/home/waves/ros2_humble/install/ament_cmake_pclint:/home/waves/ros2_humble/install/ament_lint_auto:/home/waves/ros2_humble/install/ament_cmake:/home/waves/ros2_humble/install/ament_cmake_version:/home/waves/ros2_humble/install/ament_cmake_vendor_package:/home/waves/ros2_humble/install/ament_cmake_pytest:/home/waves/ros2_humble/install/ament_cmake_nose:/home/waves/ros2_humble/install/ament_cmake_mypy:/home/waves/ros2_humble/install/ament_cmake_lint_cmake:/home/waves/ros2_humble/install/ament_cmake_flake8:/home/waves/ros2_humble/install/ament_cmake_cpplint:/home/waves/ros2_humble/install/ament_cmake_cppcheck:/home/waves/ros2_humble/install/ament_cmake_copyright:/home/waves/ros2_humble/install/ament_cmake_clang_tidy:/home/waves/ros2_humble/install/ament_cmake_clang_format:/home/waves/ros2_humble/install/ament_cmake_test:/home/waves/ros2_humble/install/ament_cmake_target_dependencies:/home/waves/ros2_humble/install/ament_cmake_python:/home/waves/ros2_humble/install/ament_cmake_export_dependencies:/home/waves/ros2_humble/install/ament_cmake_libraries:/home/waves/ros2_humble/install/ament_cmake_include_directories:/home/waves/ros2_humble/install/ament_cmake_gen_version_h:/home/waves/ros2_humble/install/ament_cmake_export_targets:/home/waves/ros2_humble/install/ament_cmake_export_link_flags:/home/waves/ros2_humble/install/ament_cmake_export_interfaces:/home/waves/ros2_humble/install/ament_cmake_export_libraries:/home/waves/ros2_humble/install/ament_cmake_export_include_directories:/home/waves/ros2_humble/install/ament_cmake_export_definitions:/home/waves/ros2_humble/install/ament_cmake_core:/home/waves/ros2_humble/install/ament_index_cpp /usr/bin/cmake --install /home/waves/hexapod/build/hexapod_control
[61.550s] Level 1:colcon.colcon_core.environment:create_environment_scripts_only(hexapod_control)
[61.551s] DEBUG:colcon.colcon_core.event_handler.log_command:Invoked command in '/home/waves/hexapod/build/hexapod_control' returned '0': CMAKE_PREFIX_PATH=/home/waves/hexapod/install/hexapod_interfaces:/home/waves/hexapod/install/hexapod_services:/home/waves/hexapod/install/hexapod_control:/home/waves/ros2_ws/install/video_runner:/home/waves/ros2_ws/install/robotics_class:/home/waves/ros2_ws/install/my_robot_bringup:/home/waves/ros2_ws/install/my_cpp_prac:/home/waves/ros2_ws/install/my_cpp_pkg:/home/waves/ros2_ws/install/act_5:/home/waves/ros2_ws/install/my_interface:/home/waves/ros2_ws/install/buffer:/home/waves/research/install/cobots:/home/waves/ros2_sim/install/ros2_control_demos:/home/waves/ros2_sim/install/ros2_control_demo_description:/home/waves/ros2_sim/install/my_robot_sim:/home/waves/ros2_sim/install/humanoid:/home/waves/ros2_sim/install/hopper_sim:/home/waves/ros2_sim/install/hopper_description:/home/waves/hexapod/install/hexapod_communication:/home/waves/ros2_ws/install/my_py_pkg:/opt/ros/humble:/home/waves/ros2_humble/install/rqt_bag_plugins:/home/waves/ros2_humble/install/rqt_bag:/home/waves/ros2_humble/install/launch_testing_examples:/home/waves/ros2_humble/install/ros2bag:/home/waves/ros2_humble/install/tracetools_test:/home/waves/ros2_humble/install/tracetools_launch:/home/waves/ros2_humble/install/topic_monitor:/home/waves/ros2_humble/install/tf2_tools:/home/waves/ros2_humble/install/examples_tf2_py:/home/waves/ros2_humble/install/tf2_ros_py:/home/waves/ros2_humble/install/sros2:/home/waves/ros2_humble/install/rqt_topic:/home/waves/ros2_humble/install/rqt_srv:/home/waves/ros2_humble/install/rqt_shell:/home/waves/ros2_humble/install/rqt_service_caller:/home/waves/ros2_humble/install/rqt_reconfigure:/home/waves/ros2_humble/install/rqt_py_console:/home/waves/ros2_humble/install/rqt_publisher:/home/waves/ros2_humble/install/rqt_plot:/home/waves/ros2_humble/install/rqt_action:/home/waves/ros2_humble/install/rqt_msg:/home/waves/ros2_humble/install/rqt_console:/home/waves/ros2_humble/install/rqt:/home/waves/ros2_humble/install/rqt_graph:/home/waves/ros2_humble/install/rqt_gui_py:/home/waves/ros2_humble/install/rqt_gui:/home/waves/ros2_humble/install/ros2trace:/home/waves/ros2_humble/install/ros2topic:/home/waves/ros2_humble/install/ros2test:/home/waves/ros2_humble/install/ros2component:/home/waves/ros2_humble/install/ros2param:/home/waves/ros2_humble/install/ros2lifecycle:/home/waves/ros2_humble/install/ros2service:/home/waves/ros2_humble/install/ros2run:/home/waves/ros2_humble/install/ros2launch:/home/waves/ros2_humble/install/ros2pkg:/home/waves/ros2_humble/install/ros2node:/home/waves/ros2_humble/install/ros2multicast:/home/waves/ros2_humble/install/ros2interface:/home/waves/ros2_humble/install/ros2doctor:/home/waves/ros2_humble/install/ros2action:/home/waves/ros2_humble/install/ros2cli:/home/waves/ros2_humble/install/quality_of_service_demo_py:/home/waves/ros2_humble/install/lifecycle_py:/home/waves/ros2_humble/install/launch_testing_ros:/home/waves/ros2_humble/install/launch_ros:/home/waves/ros2_humble/install/examples_rclpy_pointcloud_publisher:/home/waves/ros2_humble/install/examples_rclpy_minimal_subscriber:/home/waves/ros2_humble/install/examples_rclpy_minimal_service:/home/waves/ros2_humble/install/examples_rclpy_minimal_publisher:/home/waves/ros2_humble/install/examples_rclpy_minimal_client:/home/waves/ros2_humble/install/examples_rclpy_minimal_action_server:/home/waves/ros2_humble/install/examples_rclpy_minimal_action_client:/home/waves/ros2_humble/install/examples_rclpy_guard_conditions:/home/waves/ros2_humble/install/examples_rclpy_executors:/home/waves/ros2_humble/install/demo_nodes_py:/home/waves/ros2_humble/install/camera_info_manager_py:/home/waves/ros2_humble/install/action_tutorials_py:/home/waves/ros2_humble/install/ament_uncrustify:/home/waves/ros2_humble/install/tracetools_trace:/home/waves/ros2_humble/install/tracetools_read:/home/waves/ros2_humble/install/test_tracetools_launch:/home/waves/ros2_humble/install/test_launch_ros:/home/waves/ros2_humble/install/sensor_msgs_py:/home/waves/ros2_humble/install/rpyutils:/home/waves/ros2_humble/install/rosidl_runtime_py:/home/waves/ros2_humble/install/rosidl_cli:/home/waves/ros2_humble/install/launch_pytest:/home/waves/ros2_humble/install/launch_testing:/home/waves/ros2_humble/install/launch_yaml:/home/waves/ros2_humble/install/launch_xml:/home/waves/ros2_humble/install/launch:/home/waves/ros2_humble/install/osrf_pycommon:/home/waves/ros2_humble/install/domain_coordinator:/home/waves/ros2_humble/install/ament_xmllint:/home/waves/ros2_humble/install/ament_pyflakes:/home/waves/ros2_humble/install/ament_pycodestyle:/home/waves/ros2_humble/install/ament_pep257:/home/waves/ros2_humble/install/ament_pclint:/home/waves/ros2_humble/install/ament_package:/home/waves/ros2_humble/install/ament_mypy:/home/waves/ros2_humble/install/ament_lint_cmake:/home/waves/ros2_humble/install/ament_flake8:/home/waves/ros2_humble/install/ament_copyright:/home/waves/ros2_humble/install/ament_lint:/home/waves/ros2_humble/install/ament_index_python:/home/waves/ros2_humble/install/ament_cpplint:/home/waves/ros2_humble/install/ament_cppcheck:/home/waves/ros2_humble/install/ament_clang_tidy:/home/waves/ros2_humble/install/ament_clang_format:/home/waves/ros2_sim/install/hexapod_description:/home/waves/ros2_sim/install/hexapod:/home/waves/ros2_sim/install/franka:/home/waves/ros2_humble/install/rosbag2_storage_mcap:/home/waves/ros2_humble/install/rosbag2:/home/waves/ros2_humble/install/rosbag2_compression_zstd:/home/waves/ros2_humble/install/mcap_vendor:/home/waves/ros2_humble/install/zstd_vendor:/home/waves/ros2_humble/install/rviz_visual_testing_framework:/home/waves/ros2_humble/install/rviz2:/home/waves/ros2_humble/install/rviz_default_plugins:/home/waves/ros2_humble/install/rviz_common:/home/waves/ros2_humble/install/rosbag2_py:/home/waves/ros2_humble/install/rosbag2_transport:/home/waves/ros2_humble/install/rosbag2_storage_default_plugins:/home/waves/ros2_humble/install/rosbag2_performance_benchmarking:/home/waves/ros2_humble/install/rosbag2_compression:/home/waves/ros2_humble/install/rosbag2_cpp:/home/waves/ros2_humble/install/rosbag2_storage:/home/waves/ros2_humble/install/image_common:/home/waves/ros2_humble/install/camera_info_manager:/home/waves/ros2_humble/install/camera_calibration_parsers:/home/waves/ros2_humble/install/yaml_cpp_vendor:/home/waves/ros2_humble/install/interactive_markers:/home/waves/ros2_humble/install/common_interfaces:/home/waves/ros2_humble/install/visualization_msgs:/home/waves/ros2_humble/install/dummy_robot_bringup:/home/waves/ros2_humble/install/robot_state_publisher:/home/waves/ros2_humble/install/kdl_parser:/home/waves/ros2_humble/install/urdf:/home/waves/ros2_humble/install/urdfdom:/home/waves/ros2_humble/install/urdf_parser_plugin:/home/waves/ros2_humble/install/urdfdom_headers:/home/waves/ros2_humble/install/turtlesim:/home/waves/ros2_humble/install/geometry2:/home/waves/ros2_humble/install/tf2_sensor_msgs:/home/waves/ros2_humble/install/test_tf2:/home/waves/ros2_humble/install/tf2_kdl:/home/waves/ros2_humble/install/tf2_geometry_msgs:/home/waves/ros2_humble/install/tf2_eigen:/home/waves/ros2_humble/install/tf2_bullet:/home/waves/ros2_humble/install/tf2_ros:/home/waves/ros2_humble/install/tf2_py:/home/waves/ros2_humble/install/tf2_msgs:/home/waves/ros2_humble/install/test_msgs:/home/waves/ros2_humble/install/sros2_cmake:/home/waves/ros2_humble/install/ros2cli_common_extensions:/home/waves/ros2_humble/install/rqt_py_common:/home/waves/ros2_humble/install/rosbag2_storage_mcap_testdata:/home/waves/ros2_humble/install/ros_testing:/home/waves/ros2_humble/install/ros2cli_test_interfaces:/home/waves/ros2_humble/install/quality_of_service_demo_cpp:/home/waves/ros2_humble/install/image_transport:/home/waves/ros2_humble/install/message_filters:/home/waves/ros2_humble/install/demo_nodes_cpp:/home/waves/ros2_humble/install/composition:/home/waves/ros2_humble/install/laser_geometry:/home/waves/ros2_humble/install/rclpy:/home/waves/ros2_humble/install/examples_rclcpp_minimal_action_server:/home/waves/ros2_humble/install/examples_rclcpp_minimal_action_client:/home/waves/ros2_humble/install/action_tutorials_cpp:/home/waves/ros2_humble/install/rclcpp_action:/home/waves/ros2_humble/install/rcl_action:/home/waves/ros2_humble/install/examples_rclcpp_wait_set:/home/waves/ros2_humble/install/examples_rclcpp_minimal_service:/home/waves/ros2_humble/install/examples_rclcpp_minimal_client:/home/waves/ros2_humble/install/examples_rclcpp_async_client:/home/waves/ros2_humble/install/example_interfaces:/home/waves/ros2_humble/install/action_tutorials_interfaces:/home/waves/ros2_humble/install/action_msgs:/home/waves/ros2_humble/install/unique_identifier_msgs:/home/waves/ros2_humble/install/ament_lint_common:/home/waves/ros2_humble/install/ament_cmake_uncrustify:/home/waves/ros2_humble/install/uncrustify_vendor:/home/waves/ros2_humble/install/trajectory_msgs:/home/waves/ros2_humble/install/topic_statistics_demo:/home/waves/ros2_humble/install/pendulum_control:/home/waves/ros2_humble/install/tlsf_cpp:/home/waves/ros2_humble/install/test_tracetools:/home/waves/ros2_humble/install/rqt_gui_cpp:/home/waves/ros2_humble/install/rosbag2_test_common:/home/waves/ros2_humble/install/ros2lifecycle_test_fixtures:/home/waves/ros2_humble/install/lifecycle:/home/waves/ros2_humble/install/rclcpp_lifecycle:/home/waves/ros2_humble/install/logging_demo:/home/waves/ros2_humble/install/image_tools:/home/waves/ros2_humble/install/examples_rclcpp_minimal_subscriber:/home/waves/ros2_humble/install/examples_rclcpp_minimal_composition:/home/waves/ros2_humble/install/demo_nodes_cpp_native:/home/waves/ros2_humble/install/rclcpp_components:/home/waves/ros2_humble/install/intra_process_demo:/home/waves/ros2_humble/install/examples_rclcpp_multithreaded_executor:/home/waves/ros2_humble/install/examples_rclcpp_minimal_timer:/home/waves/ros2_humble/install/examples_rclcpp_minimal_publisher:/home/waves/ros2_humble/install/examples_rclcpp_cbg_executor:/home/waves/ros2_humble/install/dummy_sensors:/home/waves/ros2_humble/install/dummy_map_server:/home/waves/ros2_humble/install/rclcpp:/home/waves/ros2_humble/install/rcl_lifecycle:/home/waves/ros2_humble/install/libstatistics_collector:/home/waves/ros2_humble/install/rcl:/home/waves/ros2_humble/install/rmw_implementation:/home/waves/ros2_humble/install/rmw_fastrtps_dynamic_cpp:/home/waves/ros2_humble/install/rmw_fastrtps_cpp:/home/waves/ros2_humble/install/rmw_fastrtps_shared_cpp:/home/waves/ros2_humble/install/rmw_cyclonedds_cpp:/home/waves/ros2_humble/install/tracetools:/home/waves/ros2_humble/install/tlsf:/home/waves/ros2_humble/install/tinyxml_vendor:/home/waves/ros2_humble/install/qt_gui_core:/home/waves/ros2_humble/install/qt_gui_cpp:/home/waves/ros2_humble/install/pluginlib:/home/waves/ros2_humble/install/tinyxml2_vendor:/home/waves/ros2_humble/install/tf2_eigen_kdl:/home/waves/ros2_humble/install/tf2:/home/waves/ros2_humble/install/test_security:/home/waves/ros2_humble/install/test_rmw_implementation:/home/waves/ros2_humble/install/test_rclcpp:/home/waves/ros2_humble/install/test_quality_of_service:/home/waves/ros2_humble/install/test_launch_testing:/home/waves/ros2_humble/install/test_interface_files:/home/waves/ros2_humble/install/test_communication:/home/waves/ros2_humble/install/test_cli_remapping:/home/waves/ros2_humble/install/test_cli:/home/waves/ros2_humble/install/qt_gui_app:/home/waves/ros2_humble/install/qt_gui:/home/waves/ros2_humble/install/tango_icons_vendor:/home/waves/ros2_humble/install/stereo_msgs:/home/waves/ros2_humble/install/std_srvs:/home/waves/ros2_humble/install/shape_msgs:/home/waves/ros2_humble/install/map_msgs:/home/waves/ros2_humble/install/sensor_msgs:/home/waves/ros2_humble/install/nav_msgs:/home/waves/ros2_humble/install/diagnostic_msgs:/home/waves/ros2_humble/install/geometry_msgs:/home/waves/ros2_humble/install/actionlib_msgs:/home/waves/ros2_humble/install/std_msgs:/home/waves/ros2_humble/install/statistics_msgs:/home/waves/ros2_humble/install/sqlite3_vendor:/home/waves/ros2_humble/install/rcl_logging_spdlog:/home/waves/ros2_humble/install/spdlog_vendor:/home/waves/ros2_humble/install/shared_queues_vendor:/home/waves/ros2_humble/install/rviz_rendering_tests:/home/waves/ros2_humble/install/rviz_rendering:/home/waves/ros2_humble/install/rviz_ogre_vendor:/home/waves/ros2_humble/install/rviz_assimp_vendor:/home/waves/ros2_humble/install/rttest:/home/waves/ros2_humble/install/rmw_connextddsmicro:/home/waves/ros2_humble/install/rmw_connextdds:/home/waves/ros2_humble/install/rmw_connextdds_common:/home/waves/ros2_humble/install/rti_connext_dds_cmake_module:/home/waves/ros2_humble/install/rosgraph_msgs:/home/waves/ros2_humble/install/rosbag2_interfaces:/home/waves/ros2_humble/install/rmw_dds_common:/home/waves/ros2_humble/install/composition_interfaces:/home/waves/ros2_humble/install/rcl_interfaces:/home/waves/ros2_humble/install/pendulum_msgs:/home/waves/ros2_humble/install/lifecycle_msgs:/home/waves/ros2_humble/install/builtin_interfaces:/home/waves/ros2_humble/install/rosidl_default_runtime:/home/waves/ros2_humble/install/rosidl_default_generators:/home/waves/ros2_humble/install/rosidl_generator_py:/home/waves/ros2_humble/install/rosidl_typesupport_introspection_tests:/home/waves/ros2_humble/install/rosidl_typesupport_cpp:/home/waves/ros2_humble/install/rosidl_typesupport_introspection_cpp:/home/waves/ros2_humble/install/rosidl_typesupport_c:/home/waves/ros2_humble/install/rosidl_typesupport_introspection_c:/home/waves/ros2_humble/install/rosidl_typesupport_fastrtps_c:/home/waves/ros2_humble/install/rosidl_typesupport_fastrtps_cpp:/home/waves/ros2_humble/install/rosidl_generator_cpp:/home/waves/ros2_humble/install/rosidl_runtime_cpp:/home/waves/ros2_humble/install/rcl_yaml_param_parser:/home/waves/ros2_humble/install/rmw:/home/waves/ros2_humble/install/rosidl_runtime_c:/home/waves/ros2_humble/install/rosidl_generator_c:/home/waves/ros2_humble/install/rosidl_typesupport_interface:/home/waves/ros2_humble/install/rosidl_generator_dds_idl:/home/waves/ros2_humble/install/rosidl_cmake:/home/waves/ros2_humble/install/rosidl_parser:/home/waves/ros2_humble/install/rosidl_adapter:/home/waves/ros2_humble/install/rosbag2_tests:/home/waves/ros2_humble/install/ros_environment:/home/waves/ros2_humble/install/rmw_implementation_cmake:/home/waves/ros2_humble/install/resource_retriever:/home/waves/ros2_humble/install/class_loader:/home/waves/ros2_humble/install/rcpputils:/home/waves/ros2_humble/install/rcl_logging_noop:/home/waves/ros2_humble/install/rcl_logging_interface:/home/waves/ros2_humble/install/rcutils:/home/waves/ros2_humble/install/qt_gui_py_common:/home/waves/ros2_humble/install/qt_dotgraph:/home/waves/ros2_humble/install/python_qt_binding:/home/waves/ros2_humble/install/python_orocos_kdl_vendor:/home/waves/ros2_humble/install/launch_testing_ament_cmake:/home/waves/ros2_humble/install/python_cmake_module:/home/waves/ros2_humble/install/pybind11_vendor:/home/waves/ros2_humble/install/performance_test_fixture:/home/waves/ros2_humble/install/osrf_testing_tools_cpp:/home/waves/ros2_humble/install/orocos_kdl_vendor:/home/waves/ros2_humble/install/mimick_vendor:/home/waves/ros2_humble/install/libyaml_vendor:/home/waves/ros2_humble/install/libcurl_vendor:/home/waves/ros2_humble/install/keyboard_handler:/home/waves/ros2_humble/install/iceoryx_introspection:/home/waves/ros2_humble/install/cyclonedds:/home/waves/ros2_humble/install/iceoryx_posh:/home/waves/ros2_humble/install/iceoryx_hoofs:/home/waves/ros2_humble/install/iceoryx_binding_c:/home/waves/ros2_humble/install/ament_cmake_ros:/home/waves/ros2_humble/install/ament_cmake_auto:/home/waves/ros2_humble/install/ament_cmake_gmock:/home/waves/ros2_humble/install/gmock_vendor:/home/waves/ros2_humble/install/ament_cmake_gtest:/home/waves/ros2_humble/install/gtest_vendor:/home/waves/ros2_humble/install/ament_cmake_google_benchmark:/home/waves/ros2_humble/install/google_benchmark_vendor:/home/waves/ros2_humble/install/fastrtps:/home/waves/ros2_humble/install/foonathan_memory_vendor:/home/waves/ros2_humble/install/fastrtps_cmake_module:/home/waves/ros2_humble/install/fastcdr:/home/waves/ros2_humble/install/eigen3_cmake_module:/home/waves/ros2_humble/install/console_bridge_vendor:/home/waves/ros2_humble/install/ament_cmake_xmllint:/home/waves/ros2_humble/install/ament_cmake_pyflakes:/home/waves/ros2_humble/install/ament_cmake_pycodestyle:/home/waves/ros2_humble/install/ament_cmake_pep257:/home/waves/ros2_humble/install/ament_cmake_pclint:/home/waves/ros2_humble/install/ament_lint_auto:/home/waves/ros2_humble/install/ament_cmake:/home/waves/ros2_humble/install/ament_cmake_version:/home/waves/ros2_humble/install/ament_cmake_vendor_package:/home/waves/ros2_humble/install/ament_cmake_pytest:/home/waves/ros2_humble/install/ament_cmake_nose:/home/waves/ros2_humble/install/ament_cmake_mypy:/home/waves/ros2_humble/install/ament_cmake_lint_cmake:/home/waves/ros2_humble/install/ament_cmake_flake8:/home/waves/ros2_humble/install/ament_cmake_cpplint:/home/waves/ros2_humble/install/ament_cmake_cppcheck:/home/waves/ros2_humble/install/ament_cmake_copyright:/home/waves/ros2_humble/install/ament_cmake_clang_tidy:/home/waves/ros2_humble/install/ament_cmake_clang_format:/home/waves/ros2_humble/install/ament_cmake_test:/home/waves/ros2_humble/install/ament_cmake_target_dependencies:/home/waves/ros2_humble/install/ament_cmake_python:/home/waves/ros2_humble/install/ament_cmake_export_dependencies:/home/waves/ros2_humble/install/ament_cmake_libraries:/home/waves/ros2_humble/install/ament_cmake_include_directories:/home/waves/ros2_humble/install/ament_cmake_gen_version_h:/home/waves/ros2_humble/install/ament_cmake_export_targets:/home/waves/ros2_humble/install/ament_cmake_export_link_flags:/home/waves/ros2_humble/install/ament_cmake_export_interfaces:/home/waves/ros2_humble/install/ament_cmake_export_libraries:/home/waves/ros2_humble/install/ament_cmake_export_include_directories:/home/waves/ros2_humble/install/ament_cmake_export_definitions:/home/waves/ros2_humble/install/ament_cmake_core:/home/waves/ros2_humble/install/ament_index_cpp /usr/bin/cmake --install /home/waves/hexapod/build/hexapod_control
[61.552s] Level 1:colcon.colcon_core.environment:checking '/home/waves/hexapod/install/hexapod_control' for CMake module files
[61.554s] Level 1:colcon.colcon_core.environment:checking '/home/waves/hexapod/install/hexapod_control' for CMake config files
[61.555s] Level 1:colcon.colcon_core.shell:create_environment_hook('hexapod_control', 'cmake_prefix_path')
[61.556s] INFO:colcon.colcon_core.shell:Creating environment hook '/home/waves/hexapod/install/hexapod_control/share/hexapod_control/hook/cmake_prefix_path.ps1'
[61.557s] INFO:colcon.colcon_core.shell:Creating environment descriptor '/home/waves/hexapod/install/hexapod_control/share/hexapod_control/hook/cmake_prefix_path.dsv'
[61.558s] INFO:colcon.colcon_core.shell:Creating environment hook '/home/waves/hexapod/install/hexapod_control/share/hexapod_control/hook/cmake_prefix_path.sh'
[61.559s] Level 1:colcon.colcon_core.environment:checking '/home/waves/hexapod/install/hexapod_control/lib'
[61.559s] Level 1:colcon.colcon_core.environment:checking '/home/waves/hexapod/install/hexapod_control/bin'
[61.559s] Level 1:colcon.colcon_core.environment:checking '/home/waves/hexapod/install/hexapod_control/lib/pkgconfig/hexapod_control.pc'
[61.559s] Level 1:colcon.colcon_core.environment:checking '/home/waves/hexapod/install/hexapod_control/lib/python3.10/site-packages'
[61.560s] Level 1:colcon.colcon_core.environment:checking '/home/waves/hexapod/install/hexapod_control/bin'
[61.560s] INFO:colcon.colcon_core.shell:Creating package script '/home/waves/hexapod/install/hexapod_control/share/hexapod_control/package.ps1'
[61.561s] INFO:colcon.colcon_core.shell:Creating package descriptor '/home/waves/hexapod/install/hexapod_control/share/hexapod_control/package.dsv'
[61.563s] INFO:colcon.colcon_core.shell:Creating package script '/home/waves/hexapod/install/hexapod_control/share/hexapod_control/package.sh'
[61.564s] INFO:colcon.colcon_core.shell:Creating package script '/home/waves/hexapod/install/hexapod_control/share/hexapod_control/package.bash'
[61.565s] INFO:colcon.colcon_core.shell:Creating package script '/home/waves/hexapod/install/hexapod_control/share/hexapod_control/package.zsh'
[61.566s] Level 1:colcon.colcon_core.environment:create_file_with_runtime_dependencies(/home/waves/hexapod/install/hexapod_control/share/colcon-core/packages/hexapod_control)
[61.568s] Level 1:colcon.colcon_core.environment:create_environment_scripts_only(hexapod_control)
[61.568s] Level 1:colcon.colcon_core.environment:checking '/home/waves/hexapod/install/hexapod_control' for CMake module files
[61.568s] Level 1:colcon.colcon_core.environment:checking '/home/waves/hexapod/install/hexapod_control' for CMake config files
[61.569s] Level 1:colcon.colcon_core.shell:create_environment_hook('hexapod_control', 'cmake_prefix_path')
[61.569s] INFO:colcon.colcon_core.shell:Creating environment hook '/home/waves/hexapod/install/hexapod_control/share/hexapod_control/hook/cmake_prefix_path.ps1'
[61.570s] INFO:colcon.colcon_core.shell:Creating environment descriptor '/home/waves/hexapod/install/hexapod_control/share/hexapod_control/hook/cmake_prefix_path.dsv'
[61.572s] INFO:colcon.colcon_core.shell:Creating environment hook '/home/waves/hexapod/install/hexapod_control/share/hexapod_control/hook/cmake_prefix_path.sh'
[61.575s] Level 1:colcon.colcon_core.environment:checking '/home/waves/hexapod/install/hexapod_control/lib'
[61.575s] Level 1:colcon.colcon_core.environment:checking '/home/waves/hexapod/install/hexapod_control/bin'
[61.575s] Level 1:colcon.colcon_core.environment:checking '/home/waves/hexapod/install/hexapod_control/lib/pkgconfig/hexapod_control.pc'
[61.576s] Level 1:colcon.colcon_core.environment:checking '/home/waves/hexapod/install/hexapod_control/lib/python3.10/site-packages'
[61.576s] Level 1:colcon.colcon_core.environment:checking '/home/waves/hexapod/install/hexapod_control/bin'
[61.577s] INFO:colcon.colcon_core.shell:Creating package script '/home/waves/hexapod/install/hexapod_control/share/hexapod_control/package.ps1'
[61.579s] INFO:colcon.colcon_core.shell:Creating package descriptor '/home/waves/hexapod/install/hexapod_control/share/hexapod_control/package.dsv'
[61.581s] INFO:colcon.colcon_core.shell:Creating package script '/home/waves/hexapod/install/hexapod_control/share/hexapod_control/package.sh'
[61.582s] INFO:colcon.colcon_core.shell:Creating package script '/home/waves/hexapod/install/hexapod_control/share/hexapod_control/package.bash'
[61.583s] INFO:colcon.colcon_core.shell:Creating package script '/home/waves/hexapod/install/hexapod_control/share/hexapod_control/package.zsh'
[61.584s] Level 1:colcon.colcon_core.environment:create_file_with_runtime_dependencies(/home/waves/hexapod/install/hexapod_control/share/colcon-core/packages/hexapod_control)
[61.585s] DEBUG:colcon.colcon_parallel_executor.executor.parallel:closing loop
[61.586s] DEBUG:colcon.colcon_parallel_executor.executor.parallel:loop closed
[61.586s] DEBUG:colcon.colcon_parallel_executor.executor.parallel:run_until_complete finished with '0'
[61.586s] DEBUG:colcon.colcon_core.event_reactor:joining thread
[61.619s] INFO:colcon.colcon_core.plugin_system:Skipping extension 'colcon_notification.desktop_notification.terminal_notifier': Not used on non-Darwin systems
[61.619s] INFO:colcon.colcon_core.plugin_system:Skipping extension 'colcon_notification.desktop_notification.win32': Not used on non-Windows systems
[61.619s] INFO:colcon.colcon_notification.desktop_notification:Sending desktop notification using 'notify2'
[61.662s] DEBUG:colcon.colcon_core.event_reactor:joined thread
[61.663s] INFO:colcon.colcon_core.shell:Creating prefix script '/home/waves/hexapod/install/local_setup.ps1'
[61.673s] INFO:colcon.colcon_core.shell:Creating prefix util module '/home/waves/hexapod/install/_local_setup_util_ps1.py'
[61.678s] INFO:colcon.colcon_core.shell:Creating prefix chain script '/home/waves/hexapod/install/setup.ps1'
[61.732s] INFO:colcon.colcon_core.shell:Creating prefix script '/home/waves/hexapod/install/local_setup.sh'
[61.733s] INFO:colcon.colcon_core.shell:Creating prefix util module '/home/waves/hexapod/install/_local_setup_util_sh.py'
[61.734s] INFO:colcon.colcon_core.shell:Creating prefix chain script '/home/waves/hexapod/install/setup.sh'
[61.778s] INFO:colcon.colcon_core.shell:Creating prefix script '/home/waves/hexapod/install/local_setup.bash'
[61.779s] INFO:colcon.colcon_core.shell:Creating prefix chain script '/home/waves/hexapod/install/setup.bash'
[61.804s] INFO:colcon.colcon_core.shell:Creating prefix script '/home/waves/hexapod/install/local_setup.zsh'
[61.806s] INFO:colcon.colcon_core.shell:Creating prefix chain script '/home/waves/hexapod/install/setup.zsh'
